date,알루미늄_서구산_excl,알루미늄_서구산_incl,알루미늄_비서구산_excl,알루미늄_비서구산_incl,구리_9999pct이상_excl,구리_9999pct이상_incl,납_9999pct이상_excl,납_9999pct이상_incl,아연_excl,아연_incl,주석_9985pct이상_excl,주석_9985pct이상_incl,주석_9999pct이상_excl,주석_9999pct이상_incl,니켈_합금용_excl,니켈_합금용_incl,니켈_도금용_excl,니켈_도금용_incl
2026-06-19,5736,6310,5690,6260,21045,23150,3245,3570,5845,6430,82527,90780,82654,90920,27509,30260,27890,30680
2026-06-18,5718,6290,5663,6230,21072,23180,3218,3540,5709,6280,84345,92780,84463,92910,27581,30340,27954,30750
2026-06-17,5654,6220,5600,6160,20954,23050,3227,3550,5654,6220,83845,92230,83972,92370,27427,30170,27799,30580
2026-06-16,5627,6190,5581,6140,20900,22990,3227,3550,5690,6260,84063,92470,84190,92610,27272,30000,27654,30420
2026-06-15,5927,6520,5881,6470,20981,23080,3254,3580,5736,6310,82200,90420,82327,90560,27318,30050,27699,30470
2026-06-12,5927,6520,5872,6460,20800,22880,3245,3570,5636,6200,81309,89440,81436,89580,27263,29990,27645,30410
2026-06-11,5845,6430,5790,6370,20763,22840,3263,3590,5590,6150,79672,87640,79800,87780,27136,29850,27518,30270
2026-06-10,5945,6540,5890,6480,20763,22840,3254,3580,5645,6210,79836,87820,79954,87950,27499,30250,27881,30670
2026-06-09,6172,6790,6118,6730,21109,23220,3309,3640,5699,6270,80736,88810,80863,88950,28345,31180,28736,31610
2026-06-08,6181,6800,6127,6740,21009,23110,3336,3670,5699,6270,81981,90180,82100,90310,28809,31690,29199,32120
2026-06-05,6281,6910,6236,6860,21536,23690,3354,3690,5745,6320,85754,94330,85881,94470,28799,31680,29181,32100
2026-06-04,6281,6910,6227,6850,21172,23290,3336,3670,5736,6310,87500,96250,87618,96380,28818,31700,29199,32120
2026-06-02,6309,6940,6254,6880,21009,23110,3263,3590,5636,6200,85900,94490,86027,94630,29181,32100,29563,32520
2026-06-01,6236,6860,6190,6810,20745,22820,3290,3620,5600,6160,84345,92780,84463,92910,28990,31890,29372,32310
2026-05-29,6172,6790,6090,6700,20809,22890,3290,3620,5590,6150,83563,91920,83690,92060,28945,31840,29327,32260
2026-05-28,6109,6720,6018,6620,20500,22550,3263,3590,5527,6080,82500,90750,82618,90880,28672,31540,29054,31960
2026-05-27,6172,6790,6081,6690,20700,22770,3290,3620,5581,6140,83218,91540,83336,91670,28781,31660,29154,32070
2026-05-26,6190,6810,6099,6710,20945,23040,3336,3670,5645,6210,83118,91430,83245,91570,28945,31840,29327,32260
2026-05-22,6127,6740,6036,6640,20563,22620,3318,3650,5581,6140,81018,89120,81136,89250,28472,31320,28845,31730
2026-05-21,6081,6690,5990,6590,20772,22850,3254,3580,5627,6190,82163,90380,82290,90520,28763,31640,29145,32060
2026-05-20,6045,6650,5954,6550,20390,22430,3199,3520,5554,6110,78500,86350,78627,86490,28599,31460,28981,31880
2026-05-19,5981,6580,5890,6480,20590,22650,3245,3570,5554,6110,79554,87510,79681,87650,28090,30900,28472,31320
2026-05-18,5981,6580,5890,6480,20554,22610,3236,3560,5572,6130,79436,87380,79563,87520,28009,30810,28390,31230
2026-05-15,6109,6720,6027,6630,21009,23110,3263,3590,5609,6170,82381,90620,82509,90760,28436,31280,28809,31690
2026-05-14,6090,6700,5999,6600,21318,23450,3263,3590,5518,6070,84490,92940,84618,93080,28836,31720,29209,32130
2026-05-13,5936,6530,5854,6440,21081,23190,3245,3570,5536,6090,82645,90910,82763,91040,28481,31330,28854,31740
2026-05-12,5899,6490,5818,6400,20745,22820,3172,3490,5390,5930,83045,91350,83172,91490,28581,31440,28945,31840
2026-05-11,5763,6340,5681,6250,20172,22190,3154,3470,5309,5840,80336,88370,80463,88510,28036,30840,28409,31250
2026-05-08,5663,6230,5581,6140,19663,21630,3127,3440,5300,5830,80472,88520,80590,88650,28072,30880,28436,31280
2026-05-07,5718,6290,5636,6200,19663,21630,3136,3450,5209,5730,79190,87110,79309,87240,28172,30990,28536,31390
2026-05-06,5863,6450,5781,6360,19381,21320,3136,3450,5190,5710,73563,80920,73681,81050,28972,31870,29345,32280
2026-05-04,5845,6430,5763,6340,19445,21390,3136,3450,5236,5760,74127,81540,74254,81680,28990,31890,29363,32300
2026-04-30,5772,6350,5672,6240,19500,21450,3136,3450,5163,5680,72945,80240,73027,80330,28745,31620,29118,32030
2026-04-29,5818,6400,5727,6300,19463,21410,3136,3450,5245,5770,73009,80310,73090,80400,28909,31800,29272,32200
2026-04-28,5890,6480,5790,6370,19727,21700,3136,3450,5281,5810,73518,80870,73600,80960,28372,31210,28736,31610
2026-04-27,5972,6570,5881,6470,20045,22050,3154,3470,5454,6000,75618,83180,75700,83270,28481,31330,28854,31740
2026-04-24,5999,6600,5899,6490,20081,22090,3145,3460,5409,5950,75227,82750,75309,82840,27999,30800,28372,31210
2026-04-23,5945,6540,5845,6430,20127,22140,3127,3440,5409,5950,75245,82770,75327,82860,27481,30230,27845,30630
2026-04-22,5818,6400,5727,6300,19709,21680,3118,3430,5336,5870,74136,81550,74218,81640,26990,29690,27354,30090
2026-04-21,5827,6410,5736,6310,19881,21870,3172,3490,5300,5830,75709,83280,75790,83370,27181,29900,27554,30310
2026-04-20,5854,6440,5754,6330,20090,22100,3145,3460,5390,5930,75990,83590,76072,83680,27099,29810,27472,30220
2026-04-17,5954,6550,5854,6440,19854,21840,3099,3410,5327,5860,74663,82130,74745,82220,27109,29820,27481,30230
2026-04-16,5918,6510,5827,6410,19827,21810,3109,3420,5272,5800,73890,81280,73972,81370,26936,29630,27299,30030
2026-04-15,5890,6480,5790,6370,20018,22020,3063,3370,5209,5730,75300,82830,75381,82920,27163,29880,27536,30290
2026-04-14,,,,,19736,21710,3072,3380,5200,5720,72563,79820,72645,79910,26563,29220,26936,29630
2026-04-13,,,,,19390,21330,3054,3360,5209,5730,71827,79010,71909,79100,25790,28370,26163,28780
2026-04-10,,,,,19036,20940,3063,3370,5181,5700,71509,78660,71590,78750,25572,28130,25945,28540
2026-04-09,5554,6110,5554,6110,18927,20820,3063,3370,5090,5600,70863,77950,70945,78040,25681,28250,26045,28650
2026-04-08,5754,6330,5754,6330,18781,20660,3145,3460,5245,5770,70027,77030,70109,77120,25745,28320,26118,28730
2026-04-07,,,,,18890,20780,3145,3460,5200,5720,70654,77720,70736,77810,25990,28590,26372,29010
2026-04-06,5754,6330,5745,6320,18881,20770,3136,3450,5200,5720,70600,77660,70681,77750,25972,28570,26354,28990
2026-04-03,5809,6390,5799,6380,19063,20970,3172,3490,5245,5770,71281,78410,71363,78500,26227,28850,26609,29270
2026-04-02,5818,6400,5818,6400,18927,20820,3145,3460,5218,5740,72045,79250,72127,79340,26090,28700,26472,29120
2026-04-01,5818,6400,5818,6400,19145,21060,3127,3440,5218,5740,72463,79710,72554,79810,26436,29080,26818,29500
2026-03-31,,,,,18818,20700,3109,3420,,,71700,78870,71900,79090,26399,29040,26781,29460
2026-03-30,5454,6000,5454,6000,18709,20580,3072,3380,,,69945,76940,70145,77160,26181,28800,26563,29220
2026-03-27,5400,5940,5400,5940,18609,20470,3063,3370,,,67345,74080,67554,74310,26254,28880,26627,29290
2026-03-26,5327,5860,5318,5850,18781,20660,3072,3380,,,68090,74900,68290,75120,26254,28880,26627,29290
2026-03-25,5327,5860,5327,5860,18363,20200,3036,3340,4800,5280,66872,73560,67072,73780,25590,28150,25963,28560
2026-03-24,5227,5750,5172,5690,18745,20620,3081,3390,,,67381,74120,67581,74340,26172,28790,26554,29210
2026-03-23,5200,5720,5145,5660,18172,19990,3045,3350,,,65681,72250,65890,72480,25790,28370,26163,28780
2026-03-20,5263,5790,5200,5720,18490,20340,3036,3340,,,66072,72680,66272,72900,25727,28300,26109,28720
2026-03-19,5409,5950,5354,5890,18627,20490,3027,3330,4872,5360,67600,74360,67800,74580,25672,28240,26045,28650
2026-03-18,5409,5950,5354,5890,19318,21250,3072,3380,5036,5540,70581,77640,70781,77860,25909,28500,26281,28910
2026-03-17,5454,6000,5400,5940,19509,21460,3036,3340,5118,5630,73245,80570,73445,80790,26381,29020,26754,29430
2026-03-16,5509,6060,5454,6000,19345,21280,3036,3340,5145,5660,71327,78460,71527,78680,26018,28620,26390,29030
2026-03-13,5581,6140,5527,6080,19509,21460,3063,3370,5109,5620,74354,81790,74554,82010,26499,29150,26872,29560
2026-03-12,5427,5970,5372,5910,19381,21320,3027,3330,5072,5580,73745,81120,73945,81340,26172,28790,26536,29190
2026-03-11,5354,5890,5300,5830,19572,21530,3045,3350,5145,5660,75090,82600,75281,82810,25918,28510,26281,28910
2026-03-10,5418,5960,5363,5900,19681,21650,3081,3390,5218,5740,76754,84430,76954,84650,26354,28990,26736,29410
2026-03-09,5472,6020,5418,5960,19327,21260,3081,3390,5118,5630,74827,82310,75027,82530,26027,28630,26399,29040
2026-03-06,5145,5660,5090,5600,19281,21210,3045,3350,4972,5470,74236,81660,74436,81880,25509,28060,25872,28460
2026-03-05,5254,5780,5200,5720,19654,21620,3081,3390,5163,5680,76318,83950,76518,84170,26045,28650,26418,29060
2026-03-04,5090,5600,5036,5540,19336,21270,3018,3320,5045,5550,72500,79750,72700,79970,25309,27840,25681,28250
2026-03-03,4890,5380,4836,5320,19163,21080,3009,3310,5018,5520,78390,86230,78590,86450,24899,27390,25263,27790
2026-02-27,4772,5250,4736,5210,19263,21190,3009,3310,5063,5570,78618,86480,78809,86690,25454,28000,25809,28390
2026-02-26,4790,5270,4754,5230,19327,21260,3027,3330,5072,5580,77790,85570,77990,85790,26072,28680,26427,29070
2026-02-25,4690,5160,4681,5150,19263,21190,2999,3300,5109,5620,73554,80910,73745,81120,26045,28650,26409,29050
2026-02-24,4672,5140,4663,5130,18809,20690,2990,3290,5063,5570,69654,76620,69845,76830,25118,27630,25472,28020
2026-02-23,4718,5190,4709,5180,19036,20940,3027,3330,5127,5640,68263,75090,68454,75300,25318,27850,25681,28250
2026-02-20,4663,5130,4654,5120,18772,20650,3009,3310,5063,5570,66800,73480,67000,73700,25209,27730,25563,28120
2026-02-19,4681,5150,4672,5140,18918,20810,3018,3320,5072,5580,67109,73820,67300,74030,25172,27690,25536,28090
2026-02-13,4681,5150,4672,5140,18800,20680,3027,3330,5090,5600,72254,79480,72445,79690,25318,27850,25681,28250
2026-02-12,4718,5190,4709,5180,19381,21320,3072,3380,5190,5710,72772,80050,72963,80260,26145,28760,26509,29160
2026-02-11,4736,5210,4727,5200,19418,21360,3063,3370,5209,5730,72700,79970,72890,80180,25736,28310,26099,28710
2026-02-10,4800,5280,4790,5270,19536,21490,3054,3360,5172,5690,72490,79740,72690,79960,25554,28110,25918,28510
2026-02-09,4772,5250,4763,5240,19400,21340,3063,3370,5163,5680,69445,76390,69636,76600,25327,27860,25699,28270
2026-02-06,4681,5150,4672,5140,19245,21170,3054,3360,5100,5610,69036,75940,69236,76160,25290,27820,25663,28230
2026-02-05,4681,5150,4672,5140,19200,21120,3027,3330,5045,5550,71109,78220,71300,78430,25399,27940,25763,28340
2026-02-04,4727,5200,4718,5190,19781,21760,3018,3320,5063,5570,73100,80410,73300,80630,25418,27960,25772,28350
2026-02-03,4709,5180,4700,5170,,,3063,3370,5136,5650,68800,75680,69000,75900,24845,27330,25209,27730
2026-02-02,4754,5230,4745,5220,,,3081,3390,5163,5680,75472,83020,75672,83240,26045,28650,26399,29040
2026-01-30,4845,5330,4836,5320,19536,21490,3054,3360,5109,5620,79345,87280,79545,87500,26399,29040,26754,29430
2026-01-29,4918,5410,4909,5400,18718,20590,3045,3350,5009,5510,80354,88390,80545,88600,26181,28800,26536,29190
2026-01-28,4927,5420,4909,5400,18918,20810,3109,3420,5081,5590,80090,88100,80290,88320,26490,29140,26845,29530
2026-01-27,4872,5360,4863,5350,19154,21070,3118,3430,5054,5560,78854,86740,79045,86950,26899,29590,27263,29990
2026-01-26,4936,5430,4927,5420,19381,21320,3163,3480,5009,5510,84027,92430,84218,92640,27727,30500,28090,30900
2026-01-23,4872,5360,4863,5350,18881,20770,3163,3480,4945,5440,77072,84780,77263,84990,26681,29350,27045,29750
2026-01-22,4863,5350,4845,5330,19054,20960,3163,3480,4890,5380,76509,84160,76709,84380,26709,29380,27081,29790
2026-01-21,4872,5360,4863,5350,19254,21180,3190,3510,4909,5400,73990,81390,74190,81610,26272,28900,26636,29300
2026-01-20,4981,5480,4963,5460,19454,21400,3227,3550,4963,5460,73518,80870,73718,81090,26963,29660,27336,30070
2026-01-19,4927,5420,4918,5410,19209,21130,3209,3530,4963,5460,71690,78860,71890,79080,26154,28770,26527,29180
2026-01-16,4954,5450,4945,5440,19572,21530,3281,3610,5109,5620,77390,85130,77590,85350,27545,30300,27909,30700
2026-01-15,5036,5540,5018,5520,19809,21790,3263,3590,5100,5610,79936,87930,80136,88150,27854,30640,28227,31050
2025-12-24,,,,,18127,19940,3090,3400,,,64663,71130,64863,71350,24690,27160,25054,27560
2025-12-23,,,,,17881,19670,3063,3370,4800,5280,64681,71150,64881,71370,23918,26310,24281,26710
2025-12-22,,,,,17763,19540,3072,3380,4772,5250,64872,71360,65072,71580,23154,25470,23527,25880
2025-12-19,,,,,17609,19370,3045,3350,4772,5250,64445,70890,64645,71110,22945,25240,23309,25640
2025-12-18,,,,,17572,19330,3045,3350,4800,5280,63609,69970,63809,70190,22599,24860,22972,25270
2025-12-17,4381,4820,4372,4810,17327,19060,3009,3310,4745,5220,61745,67920,61945,68140,22363,24600,22736,25010
2025-12-16,4345,4780,4336,4770,17354,19090,2990,3290,4781,5260,61372,67510,61572,67730,22390,24630,22763,25040
2025-12-15,4381,4820,4363,4800,17218,18940,3036,3340,5018,5520,62009,68210,62209,68430,22799,25080,23163,25480
2025-12-12,4372,4810,4354,4790,17436,19180,3072,3380,5254,5780,62599,68860,62799,69080,22845,25130,23209,25530
2025-12-11,4318,4750,4290,4720,16927,18620,3045,3350,5045,5550,59927,65920,60127,66140,22836,25120,23199,25520
2025-12-10,4300,4730,4281,4710,16836,18520,3054,3360,5072,5580,59809,65790,60009,66010,22990,25290,23354,25690
2025-12-09,4327,4760,4309,4740,17000,18700,3063,3370,5100,5610,59636,65600,59827,65810,23054,25360,23427,25770
2025-12-08,4354,4790,4327,4760,17018,18720,3081,3390,5072,5580,60018,66020,60218,66240,23236,25560,23599,25960
2025-12-05,4372,4810,4354,4790,16872,18560,3118,3430,5190,5710,60663,66730,60863,66950,23245,25570,23618,25980
2025-12-04,4345,4780,4327,4760,16918,18610,3081,3390,5054,5560,61118,67230,61318,67450,23118,25430,23481,25830
2025-12-03,4300,4730,4281,4710,16400,18040,3072,3380,5145,5660,58518,64370,58718,64590,23018,25320,23381,25720
2025-12-02,4354,4790,4327,4760,16563,18220,3090,3400,5227,5750,58809,64690,59009,64910,23218,25540,23590,25950
2025-12-01,4318,4750,4300,4730,16445,18090,3063,3370,5109,5620,58827,64710,59027,64930,23090,25400,23463,25810
2025-11-28,4254,4680,4245,4670,15990,17590,3063,3370,4936,5430,56927,62620,57136,62850,23245,25570,23609,25970
2025-11-27,4309,4740,4290,4720,16036,17640,3054,3360,5000,5500,56972,62670,57172,62890,23236,25560,23609,25970
2025-11-26,4236,4660,4218,4640,15881,17470,3072,3380,4863,5350,56509,62160,56709,62380,23427,25770,23799,26180
2025-11-25,4263,4690,4245,4670,15890,17480,3099,3410,4918,5410,56418,62060,56618,62280,23245,25570,23618,25980
2025-11-24,4218,4640,4209,4630,15845,17430,3109,3420,4890,5380,55609,61170,55809,61390,22872,25160,23245,25570
2025-11-21,4236,4660,4227,4650,15681,17250,3118,3430,4909,5400,55572,61130,55772,61350,22809,25090,23181,25500
2025-11-20,4209,4630,4200,4620,15654,17220,3118,3430,4872,5360,55327,60860,55527,61080,22981,25280,23354,25690
2025-11-19,4172,4590,4163,4580,15599,17160,3136,3450,4845,5330,55036,60540,55245,60770,22963,25260,23327,25660
2025-11-18,4236,4660,4227,4650,15881,17470,3154,3470,4800,5280,54681,60150,54881,60370,22854,25140,23227,25550
2025-11-17,4309,4740,4309,4740,16027,17630,3181,3500,4936,5430,54481,59930,54681,60150,23209,25530,23572,25930
2025-11-14,4400,4840,4390,4830,16281,17910,3218,3540,4945,5440,55690,61260,55890,61480,23499,25850,23872,26260
2025-11-13,4390,4830,4381,4820,16236,17860,3245,3570,4972,5470,55909,61500,56109,61720,23572,25930,23936,26330
2025-11-12,4363,4800,4354,4790,16027,17630,3199,3520,4936,5430,54718,60190,54918,60410,23536,25890,23899,26290
2025-11-11,4327,4760,4318,4750,15854,17440,3172,3490,5009,5510,53336,58670,53536,58890,23427,25770,23790,26170
2025-11-10,4318,4750,4309,4740,15799,17380,3172,3490,4954,5450,53245,58570,53445,58790,23454,25800,23818,26200
2025-11-07,4281,4710,4272,4700,15627,17190,3127,3440,4836,5320,52936,58230,53136,58450,23263,25590,23627,25990
2025-11-06,4309,4740,4300,4730,15663,17230,3090,3400,4827,5310,52727,58000,52927,58220,23272,25600,23636,26000
2025-11-05,4290,4720,4281,4710,15499,17050,3081,3390,4918,5410,52581,57840,52781,58060,23145,25460,23499,25850
2025-11-04,4327,4760,4318,4750,15681,17250,3063,3370,4890,5380,52599,57860,52799,58080,23090,25400,23454,25800
2025-11-03,4281,4710,4281,4710,15690,17260,3036,3340,4745,5220,52445,57690,52636,57900,23154,25470,23509,25860
2025-10-31,4318,4750,4309,4740,15790,17370,3054,3360,4745,5220,52090,57300,52281,57510,23190,25510,23545,25900
2025-10-30,4372,4810,4363,4800,16227,17850,3072,3380,4881,5370,52845,58130,53036,58340,23472,25820,23827,26210
2025-10-29,4400,4840,4390,4830,16090,17700,3081,3390,4918,5410,53363,58700,53554,58910,23463,25810,23827,26210
2025-10-28,4363,4800,4354,4790,15999,17600,3072,3380,4954,5450,52663,57930,52854,58140,23336,25670,23699,26070
2025-10-27,4354,4790,4345,4780,15963,17560,3063,3370,4890,5380,52681,57950,52881,58170,23563,25920,23927,26320
2025-10-24,4372,4810,4363,4800,15854,17440,3063,3370,4945,5440,52672,57940,52863,58150,23618,25980,23981,26380
2025-10-23,4263,4690,4245,4670,15481,17030,3009,3310,5090,5600,51663,56830,51854,57040,23154,25470,23509,25860
2025-10-22,4218,4640,4200,4620,15372,16910,2999,3300,4963,5460,51481,56630,51672,56840,23136,25450,23490,25840
2025-10-21,4190,4610,4172,4590,15381,16920,2981,3280,4827,5310,50954,56050,51145,56260,23063,25370,23418,25760
2025-10-20,4209,4630,4190,4610,15290,16820,2954,3250,4636,5100,50609,55670,50799,55880,22963,25260,23318,25650
2025-10-17,4218,4640,4209,4630,15327,16860,2945,3240,4681,5150,51554,56710,51745,56920,23099,25410,23454,25800
2025-10-16,4154,4570,4145,4560,15409,16950,2972,3270,4663,5130,51136,56250,51327,56460,23045,25350,23399,25740
2025-10-15,4172,4590,4163,4580,15463,17010,2990,3290,4609,5070,51218,56340,51409,56550,23127,25440,23481,25830
2025-10-14,4209,4630,4200,4620,15999,17600,2990,3290,4863,5350,51809,56990,51999,57200,23145,25460,23509,25860
2025-10-13,4163,4580,4154,4570,15145,16660,3036,3340,4681,5150,52327,57560,52518,57770,23190,25510,23545,25900
2025-09-26,3981,4380,3972,4370,14636,16100,2981,3280,4436,4880,49163,54080,49309,54240,22881,25170,23236,25560
2025-09-25,3963,4360,3954,4350,14718,16190,2954,3250,4454,4900,48809,53690,48954,53850,23018,25320,23372,25710
2025-09-24,3936,4330,3927,4320,14099,15510,2945,3240,4345,4780,48627,53490,48763,53640,22854,25140,23209,25530
2025-09-23,3954,4350,3945,4340,14099,15510,2936,3230,4354,4790,48199,53020,48345,53180,22654,24920,22999,25300
2025-09-22,3990,4390,3981,4380,14145,15560,2936,3230,4354,4790,48436,53280,48581,53440,22745,25020,23099,25410
2025-09-19,3999,4400,3981,4380,14009,15410,2936,3230,4345,4780,47554,52310,47699,52470,22654,24920,23009,25310
2025-09-18,3963,4360,3954,4350,14009,15410,2927,3220,4354,4790,48154,52970,48290,53120,22699,24970,23045,25350
2025-09-17,4027,4430,4018,4420,14190,15610,2918,3210,4445,4890,48872,53760,49018,53920,22718,24990,23063,25370
2025-09-16,4018,4420,4009,4410,14372,15810,2927,3220,4436,4880,48918,53810,49063,53970,22899,25190,23245,25570
2025-09-15,4009,4410,3999,4400,14181,15600,2954,3250,4409,4850,49490,54440,49636,54600,22836,25120,23190,25510
2025-09-12,3999,4400,3990,4390,14218,15640,2936,3230,4327,4760,49345,54280,49490,54440,22563,24820,22909,25200
2025-09-11,3909,4300,3899,4290,14118,15530,2909,3200,4290,4720,49009,53910,49154,54070,22454,24700,22799,25080
2025-09-10,3909,4300,3899,4290,13963,15360,2890,3180,4245,4670,48272,53100,48418,53260,22409,24650,22763,25040
2025-09-09,3909,4300,3899,4290,13990,15390,2927,3220,4281,4710,48718,53590,48863,53750,22636,24900,22981,25280
2025-09-08,3881,4270,3872,4260,13981,15380,2918,3210,4272,4700,48809,53690,48954,53850,22654,24920,22999,25300
2025-09-05,3872,4260,3863,4250,13999,15400,2918,3210,4245,4670,49245,54170,49390,54330,22681,24950,23036,25340
2025-09-04,3918,4310,3909,4300,14109,15520,2936,3230,4272,4700,49372,54310,49518,54470,22763,25040,23109,25420
2025-09-03,3918,4310,3909,4300,14099,15510,2927,3220,4272,4700,49499,54450,49645,54610,22645,24910,22990,25290
2025-09-02,3909,4300,3899,4290,13963,15360,2945,3240,4227,4650,49909,54900,50054,55060,22981,25280,23327,25660
2025-09-01,3899,4290,3890,4280,13963,15360,2927,3220,4190,4610,49909,54900,50054,55060,22909,25200,23254,25580
2025-08-29,3881,4270,3872,4260,13881,15270,2909,3200,4109,4520,49363,54300,49718,54690,22645,24910,22990,25290
2025-08-28,3899,4290,3890,4280,13872,15260,2927,3220,4100,4510,49381,54320,49745,54720,22581,24840,22936,25230
2025-08-27,3945,4340,3936,4330,13981,15380,2936,3230,4181,4600,48881,53770,49245,54170,22799,25080,23145,25460
2025-08-26,3890,4280,3881,4270,13827,15210,2927,3220,4154,4570,47781,52560,48136,52950,22372,24610,22718,24990
2025-08-25,3918,4310,3909,4300,13909,15300,2945,3240,4181,4600,48072,52880,48436,53280,22509,24760,22854,25140
2025-08-22,3872,4260,3863,4250,13863,15250,2918,3210,4118,4530,47636,52400,47999,52800,22336,24570,22690,24960
2025-08-21,3863,4250,3854,4240,13836,15220,2927,3220,4145,4560,47999,52800,48363,53200,22436,24680,22790,25070
2025-08-20,3818,4200,3809,4190,13718,15090,2899,3190,4090,4500,48090,52900,48454,53300,22300,24530,22645,24910
2025-08-19,3845,4230,3836,4220,13718,15090,2881,3170,4090,4500,47690,52460,48054,52860,22418,24660,22772,25050
2025-08-18,3863,4250,3854,4240,13745,15120,2890,3180,4109,4520,47545,52300,47899,52690,22372,24610,22718,24990
2025-08-14,3863,4250,3854,4240,13809,15190,2899,3190,4163,4580,47445,52190,47799,52580,22500,24750,22845,25130
2025-08-13,3890,4280,3881,4270,13927,15320,2963,3260,4209,4630,47963,52760,48327,53160,22736,25010,23081,25390
2025-08-12,3836,4220,3827,4210,13763,15140,2936,3230,4172,4590,47754,52530,48109,52920,22727,25000,23081,25390
2025-08-11,3881,4270,3872,4260,13836,15220,2963,3260,4181,4600,47527,52280,47881,52670,22500,24750,22845,25130
2025-08-08,3863,4250,3854,4240,13654,15020,2945,3240,4136,4550,47409,52150,47763,52540,22300,24530,22645,24910
2025-08-07,3881,4270,3872,4260,13727,15100,2936,3230,4118,4530,47172,51890,47536,52290,22454,24700,22799,25080
2025-08-06,3818,4200,3809,4190,13654,15020,2890,3180,4063,4470,47009,51710,47363,52100,22281,24510,22609,24870
2025-08-05,3790,4170,3781,4160,13718,15090,2863,3150,4045,4450,46836,51520,47199,51920,22300,24530,22627,24890
2025-08-04,3854,4240,3845,4230,13799,15180,2918,3210,4063,4470,47681,52450,48045,52850,22463,24710,22790,25070
2025-08-01,3809,4190,3799,4180,13627,14990,2890,3180,4072,4480,46236,50860,46599,51260,22145,24360,22472,24720
2025-07-31,3890,4280,3863,4250,13727,15100,2918,3210,4109,4520,47118,51830,47336,52070,23227,25550,23554,25910
2025-07-30,3927,4320,3890,4280,13936,15330,2972,3270,4154,4570,47872,52660,48099,52910,23781,26160,24109,26520
2025-07-29,3936,4330,3909,4300,13836,15220,2963,3260,4145,4560,47554,52310,47772,52550,23554,25910,23881,26270
2025-07-28,3936,4330,3899,4290,13763,15140,2954,3250,4145,4560,48009,52810,48227,53050,23563,25920,23881,26270
2025-07-25,3918,4310,3890,4280,13809,15190,2945,3240,4145,4560,48518,53370,48736,53610,23581,25940,23899,26290
2025-07-24,3954,4350,3927,4320,14009,15410,2981,3280,4200,4620,49318,54250,49536,54490,23936,26330,24263,26690
2025-07-23,3990,4390,3963,4360,14054,15460,2972,3270,4218,4640,48163,52980,48390,53230,24018,26420,24345,26780
2025-07-22,3981,4380,3945,4340,13972,15370,2972,3270,4200,4620,47999,52800,48218,53040,24018,26420,24345,26780
2025-07-21,3963,4360,3936,4330,13927,15320,2981,3280,4190,4610,47645,52410,47863,52650,23690,26060,24018,26420
2025-07-18,3890,4280,3854,4240,13763,15140,2918,3210,4063,4470,46918,51610,47145,51860,23509,25860,23836,26220
2025-07-17,3872,4260,3836,4220,13645,15010,2909,3200,3999,4400,46290,50920,46509,51160,23281,25610,23609,25970
2025-07-16,3863,4250,3827,4210,13627,14990,2927,3220,3963,4360,46799,51480,47018,51720,23354,25690,23672,26040
2025-07-15,3872,4260,3845,4230,13581,14940,2936,3230,4018,4420,47154,51870,47372,52110,23245,25570,23572,25930
2025-07-14,3881,4270,3845,4230,13636,15000,2945,3240,4018,4420,47281,52010,47499,52250,23354,25690,23672,26040
2025-07-11,3872,4260,3836,4220,13663,15030,2981,3280,4063,4470,46981,51680,47199,51920,23390,25730,23718,26090
2025-07-10,3863,4250,3836,4220,13645,15010,3018,3320,4027,4430,46763,51440,46981,51680,23036,25340,23354,25690
2025-07-09,3836,4220,3799,4180,13836,15220,2990,3290,3963,4360,46636,51300,46845,51530,23009,25310,23327,25660
2025-07-08,3809,4190,3781,4160,13927,15320,2963,3260,3899,4290,46509,51160,46727,51400,23190,25510,23518,25870
2025-07-07,3818,4200,3790,4170,13945,15340,2981,3280,3936,4330,46918,51610,47127,51840,23272,25600,23590,25950
2025-07-04,3827,4210,3799,4180,14027,15430,2981,3280,3963,4360,46927,51620,47145,51860,23445,25790,23763,26140
2025-07-03,3854,4240,3818,4200,14109,15520,2972,3270,3972,4370,46727,51400,46945,51640,23236,25560,23554,25910
2025-07-02,3818,4200,3790,4170,13999,15400,2927,3220,3909,4300,46545,51200,46754,51430,23045,25350,23363,25700
2025-07-01,3799,4180,3772,4150,13936,15330,2927,3220,3954,4350,46654,51320,46863,51550,22954,25250,23272,25600
2025-06-30,3836,4220,3790,4170,14109,15520,2954,3250,4027,4430,46954,51650,47190,51910,23136,25450,23454,25800
2025-06-27,3818,4200,3772,4150,14245,15670,2945,3240,4009,4410,46890,51580,47127,51840,23072,25380,23390,25730
2025-06-26,3790,4170,3754,4130,13745,15120,2945,3240,3918,4310,46209,50830,46445,51090,22972,25270,23290,25620
2025-06-25,3818,4200,3772,4150,13736,15110,2918,3210,3872,4260,44927,49420,45163,49680,22718,24990,23045,25350
2025-06-24,3918,4310,3872,4260,14154,15570,2954,3250,,,46299,50930,46536,51190,22963,25260,23290,25620
2025-06-23,3809,4190,3763,4140,13909,15300,2890,3180,3818,4200,45709,50280,45954,50550,22945,25240,23263,25590
2025-06-20,3790,4170,3754,4130,13836,15220,2918,3210,3863,4250,45127,49640,45363,49900,23245,25570,23572,25930
2025-06-19,3809,4190,3763,4140,13745,15120,2899,3190,3827,4210,45127,49640,45363,49900,23054,25360,23372,25710
2025-06-18,3790,4170,3745,4120,13718,15090,2854,3140,3818,4200,44754,49230,44990,49490,22763,25040,23081,25390
2025-06-17,3745,4120,3699,4070,13745,15120,2909,3200,3845,4230,45227,49750,45463,50010,22981,25280,23299,25630
2025-06-16,3736,4110,3699,4070,13690,15060,2899,3190,3818,4200,45636,50200,45872,50460,23172,25490,23499,25850
2025-06-13,3736,4110,3690,4060,13672,15040,2881,3170,3809,4190,45218,49740,45454,50000,23009,25310,23327,25660
2025-06-12,3781,4160,3736,4110,13727,15100,2909,3200,3863,4250,45763,50340,45999,50600,23327,25660,23645,26010
2025-06-11,3718,4090,3681,4050,13799,15180,2872,3160,3836,4220,45599,50160,45836,50420,23336,25670,23663,26030
2025-06-10,3672,4040,3627,3990,13790,15170,2863,3150,,,45363,49900,45599,50160,23354,25690,23672,26040
2025-06-09,3627,3990,3590,3950,13636,15000,2863,3150,3827,4210,44963,49460,45199,49720,23490,25840,23809,26190
2025-06-05,3699,4070,3663,4030,13627,14990,2909,3200,3918,4310,44736,49210,44972,49470,23545,25900,23863,26250
2025-06-04,3690,4060,3645,4010,13681,15050,2909,3200,3945,4340,43945,48340,44190,48610,23645,26010,23972,26370
2025-06-02,3681,4050,3636,4000,13563,14920,2881,3170,3845,4230,42827,47110,43072,47380,23499,25850,23818,26200
2025-05-30,3672,4040,3636,4000,13599,14960,2881,3170,3918,4310,43854,48240,44118,48530,23618,25980,23936,26330
2025-05-29,3709,4080,3672,4040,13590,14950,2918,3210,3945,4340,44454,48900,44709,49180,23127,25440,23445,25790
2025-05-28,3709,4080,3672,4040,13563,14920,2899,3190,3945,4340,45454,50000,45718,50290,23554,25910,23872,26260
2025-05-27,3654,4020,3627,3990,13518,14870,2899,3190,3927,4320,45563,50120,45827,50410,23727,26100,24045,26450
2025-05-26,3690,4060,3654,4020,13627,14990,2927,3220,3954,4350,45945,50540,46199,50820,23918,26310,24245,26670
2025-05-23,3690,4060,3654,4020,13509,14860,2899,3190,3963,4360,45518,50070,45781,50360,23872,26260,24199,26620
2025-05-22,3736,4110,3699,4070,13609,14970,2918,3210,3972,4370,46418,51060,46681,51350,24118,26530,24445,26890
2025-05-21,3754,4130,3718,4090,13627,14990,2936,3230,4009,4410,47009,51710,47272,52000,24081,26490,24409,26850
2025-05-20,3736,4110,3709,4080,13709,15080,2927,3220,3972,4370,46909,51600,47172,51890,24245,26670,24572,27030
2025-05-19,3772,4150,3736,4110,13545,14900,2981,3280,3981,4380,46481,51130,46745,51420,24236,26660,24563,27020
2025-05-16,3781,4160,3745,4120,13781,15160,2999,3300,4045,4450,46799,51480,47063,51770,24536,26990,24863,27350
2025-05-15,3909,4300,3872,4260,14045,15450,3045,3350,4172,4590,47509,52260,47781,52560,25081,27590,25418,27960
2025-05-14,3845,4230,3809,4190,13999,15400,3027,3330,4072,4480,47318,52050,47590,52350,24818,27300,25145,27660
2025-05-13,3781,4160,3754,4130,13754,15130,2999,3300,,,46699,51370,46972,51670,24427,26870,24763,27240
2025-05-12,3681,4050,3654,4020,13663,15030,2990,3290,,,45572,50130,45845,50430,24645,27110,24972,27470
2025-05-09,3672,4040,3636,4000,13609,14970,2918,3210,3881,4270,45290,49820,45554,50110,24227,26650,24554,27010
2025-05-08,3609,3970,3572,3930,13572,14930,2927,3220,,,44990,49490,45254,49780,24227,26650,24554,27010
2025-05-07,3690,4060,3654,4020,13809,15190,2890,3180,,,45709,50280,45981,50580,24563,27020,24890,27380
2025-05-02,3718,4090,3690,4060,13509,14860,2972,3270,,,43045,47350,43318,47650,24218,26640,24554,27010
2025-05-01,3690,4060,3654,4020,13336,14670,2981,3280,,,45281,49810,45545,50100,24445,26890,24781,27260
2025-04-30,3854,4240,3799,4180,13981,15380,3045,3350,3954,4350,46481,51130,46581,51240,24918,27410,25254,27780
2025-04-29,3818,4200,3763,4140,13999,15400,3036,3340,,,46799,51480,46899,51590,25099,27610,25436,27980
2025-04-28,3790,4170,3745,4120,13890,15280,2990,3290,,,46545,51200,46645,51310,24890,27380,25236,27760
2025-04-25,3827,4210,3772,4150,13909,15300,2999,3300,,,46181,50800,46290,50920,25263,27790,25599,28160
2025-04-24,3754,4130,3709,4080,13718,15090,2954,3250,,,45018,49520,45118,49630,24772,27250,25109,27620
2025-04-23,3681,4050,3636,4000,13709,15080,2927,3220,3818,4200,44745,49220,44845,49330,24799,27280,25136,27650
2025-04-22,3654,4020,3609,3970,13418,14760,2927,3220,,,43972,48370,44063,48470,24699,27170,25036,27540
2025-04-21,3663,4030,3618,3980,13463,14810,2936,3230,,,44100,48510,44200,48620,24772,27250,25109,27620
2025-04-18,3654,4020,3609,3970,13418,14760,2927,3220,,,43963,48360,44063,48470,24699,27170,25027,27530
2025-04-17,3699,4070,3645,4010,13509,14860,2918,3210,3836,4220,44409,48850,44509,48960,24918,27410,25254,27780
2025-04-16,3672,4040,3627,3990,13418,14760,2918,3210,3890,4280,44690,49160,44790,49270,24699,27170,25036,27540
2025-04-15,3672,4040,3618,3980,13463,14810,2918,3210,,,44927,49420,45027,49530,24327,26760,24654,27120
2025-04-14,3772,4150,3727,4100,13754,15130,2963,3260,,,45781,50360,45890,50480,24427,26870,24772,27250
2025-04-11,3754,4130,3699,4070,13545,14900,2945,3240,,,45327,49860,45427,49970,24145,26560,24481,26930
2025-04-10,3736,4110,3690,4060,13154,14470,2918,3210,,,44972,49470,45072,49580,23536,25890,23881,26270
2025-04-09,3754,4130,3709,4080,13136,14450,2936,3230,3945,4340,48981,53880,49081,53990,23499,25850,23845,26230
2025-04-08,3781,4160,,,13190,14510,2927,3220,,,51018,56120,51118,56230,23681,26050,24027,26430
2025-04-07,3718,4090,3663,4030,12927,14220,2909,3200,,,51954,57150,52063,57270,23690,26060,24027,26430
2025-04-04,3909,4300,3863,4250,14109,15520,3054,3360,4145,4560,56009,61610,56109,61720,25681,28250,26027,28630
2025-04-03,3972,4370,3927,4320,14590,16050,3072,3380,4236,4660,56745,62420,56854,62540,26009,28610,26354,28990
2025-04-02,4018,4420,3972,4370,14636,16100,3118,3430,4309,4740,56445,62090,56545,62200,26309,28940,26654,29320
2025-04-01,4072,4480,,,14663,16130,3145,3460,4363,4800,55109,60620,55209,60730,26045,28650,26390,29030
2025-03-31,4072,4480,,,14499,15950,3163,3480,4354,4790,54318,59750,54381,59820,26609,29270,26954,29650
2025-03-28,4090,4500,,,14563,16020,3181,3500,4400,4840,52799,58080,52863,58150,26390,29030,26727,29400
2025-03-27,4145,4560,,,14690,16160,3263,3590,4490,4940,52581,57840,52645,57910,26390,29030,26736,29410
2025-03-26,4163,4580,4118,4530,15027,16530,3263,3590,4527,4980,52481,57730,52545,57800,26318,28950,26663,29330
2025-03-25,4200,4620,4163,4580,14754,16230,3199,3520,4490,4940,51254,56380,51318,56450,26072,28680,26418,29060
2025-03-24,4209,4630,4172,4590,14554,16010,3145,3460,4445,4890,51245,56370,51309,56440,26063,28670,26409,29050
2025-03-21,4254,4680,4218,4640,14618,16080,3190,3510,4409,4850,52363,57600,52436,57680,26327,28960,26672,29340
2025-03-20,4254,4680,4218,4640,14663,16130,3227,3550,4390,4830,51672,56840,51745,56920,26390,29030,26727,29400
2025-03-19,4227,4650,4190,4610,14518,15970,3236,3560,4445,4890,52027,57230,52090,57300,26154,28770,26490,29140
2025-03-18,4263,4690,4227,4650,14390,15830,3209,3530,4427,4870,51809,56990,51872,57060,26327,28960,26672,29340
2025-03-17,4281,4710,4245,4670,14345,15780,3199,3520,4481,4930,52281,57510,52345,57580,26509,29160,26854,29540
2025-03-14,4309,4740,4272,4700,14372,15810,3209,3530,4454,4900,53209,58530,53272,58600,26563,29220,26909,29600
2025-03-13,4290,4720,4254,4680,14345,15780,3227,3550,4390,4830,49263,54190,49409,54350,26709,29380,27045,29750
2025-03-12,4318,4750,4281,4710,14254,15680,3190,3510,4390,4830,49054,53960,49199,54120,26627,29290,26972,29670
2025-03-11,4281,4710,4245,4670,14009,15410,3172,3490,4281,4710,48109,52920,48254,53080,26609,29270,26945,29640
2025-03-10,4281,4710,4245,4670,14099,15510,3118,3430,4309,4740,47754,52530,47899,52690,26445,29090,26781,29460
2025-03-07,4254,4680,4218,4640,14254,15680,3145,3460,4363,4800,47627,52390,47772,52550,26063,28670,26399,29040
2025-03-06,4227,4650,4190,4610,14145,15560,3154,3470,4327,4760,46672,51340,46818,51500,25699,28270,26036,28640
2025-03-05,4190,4610,4154,4570,13836,15220,3136,3450,4245,4670,46709,51380,46854,51540,25972,28570,26318,28950
2025-03-04,4190,4610,,,13945,15340,3099,3410,4300,4730,46745,51420,46890,51580,25909,28500,26254,28880
2025-02-28,4127,4540,,,13772,15150,3072,3380,4190,4610,46527,51180,46554,51210,25463,28010,25663,28230
2025-02-27,4090,4500,4063,4470,13772,15150,3045,3350,4163,4580,47363,52100,47390,52130,24890,27380,25099,27610
2025-02-26,4090,4500,4072,4480,13627,14990,3027,3330,4145,4560,47836,52620,47863,52650,24472,26920,24681,27150
2025-02-25,4109,4520,,,13781,15160,2990,3290,4190,4610,48363,53200,48390,53230,24581,27040,24790,27270
2025-02-24,4163,4580,,,13881,15270,3036,3340,4336,4770,49163,54080,49190,54110,24799,27280,25009,27510
2025-02-21,4236,4660,,,13936,15330,3009,3310,4327,4760,48827,53710,48863,53750,25072,27580,25281,27810
2025-02-20,4181,4600,4163,4580,13790,15170,3027,3330,4263,4690,47836,52620,47872,52660,24699,27170,24909,27400
2025-02-19,4181,4600,4154,4570,13809,15190,3036,3340,4290,4720,48072,52880,48099,52910,24709,27180,24918,27410
2025-02-18,4172,4590,,,13672,15040,3027,3330,4263,4690,47827,52610,47854,52640,24890,27380,25099,27610
2025-02-17,4145,4560,,,13936,15330,3018,3320,4227,4650,48054,52860,48081,52890,24890,27380,25099,27610
2025-02-14,4090,4500,4063,4470,13890,15280,3027,3330,4236,4660,47081,51790,47109,51820,24818,27300,25036,27540
2025-02-13,4127,4540,4100,4510,13818,15200,3018,3320,4272,4700,46645,51310,46672,51340,24972,27470,25181,27700
2025-02-12,4145,4560,4127,4540,13654,15020,3027,3330,4209,4630,45954,50550,45981,50580,25127,27640,25336,27870
2025-02-11,4172,4590,4145,4560,13772,15150,3054,3360,4245,4670,45972,50570,45999,50600,25081,27590,25290,27820
2025-02-10,4118,4530,4090,4500,13681,15050,3045,3350,4227,4650,45799,50380,45836,50420,25372,27910,25581,28140
2025-02-07,4100,4510,4081,4490,13490,14840,3045,3350,4190,4610,45663,50230,45699,50270,25445,27990,25663,28230
2025-02-06,4081,4490,4054,4460,13399,14740,3054,3360,4118,4530,45281,49810,45318,49850,24981,27480,25190,27710
2025-02-05,4181,4600,4154,4570,13436,14780,3036,3340,4218,4640,45081,49590,45109,49620,24918,27410,25136,27650
2025-02-04,4163,4580,4136,4550,13409,14750,3009,3310,4218,4640,44672,49140,44709,49180,24909,27400,25127,27640
2025-02-03,4072,4480,4045,4450,13209,14530,2990,3290,4090,4500,44472,48920,44500,48950,24672,27140,24890,27380
2025-01-31,4018,4420,4018,4420,13127,14440,2972,3270,4109,4520,44027,48430,44054,48460,24563,27020,24781,27260
2025-01-24,4018,4420,4018,4420,13345,14680,2954,3250,4209,4630,43681,48050,43709,48080,25072,27580,25281,27810
2025-01-23,4018,4420,4018,4420,13327,14660,2981,3280,4290,4720,44209,48630,44245,48670,25136,27650,25345,27880
2025-01-22,4045,4450,4045,4450,13436,14780,2990,3290,4318,4750,44218,48640,44245,48670,25681,28250,25881,28470
2025-01-21,4163,4580,4154,4570,13545,14900,3036,3340,4427,4870,44754,49230,44790,49270,25936,28530,26145,28760
2025-01-20,4163,4580,4163,4580,13481,14830,3036,3340,4418,4860,44072,48480,44100,48510,26063,28670,26272,28900
2025-01-17,4090,4500,4090,4500,13527,14880,3036,3340,4318,4750,43663,48030,43690,48060,25845,28430,26054,28660
2025-01-16,4045,4450,4045,4450,13472,14820,2990,3290,4309,4740,43809,48190,43836,48220,25736,28310,25945,28540
2025-01-15,3981,4380,3981,4380,13463,14810,3045,3350,4309,4740,44136,48550,44172,48590,25927,28520,26136,28750
2025-01-14,4036,4440,4036,4440,13445,14790,3054,3360,4336,4770,44536,48990,44563,49020,25972,28570,26190,28810
2025-01-13,4018,4420,4009,4410,13418,14760,3072,3380,4336,4770,44436,48880,44463,48910,25545,28100,25754,28330
2024-12-17,,,3899,4290,13054,14360,3027,3330,4563,5020,42554,46810,42581,46840,25054,27560,25263,27790
2024-12-16,3954,4350,3945,4340,13036,14340,3045,3350,4609,5070,42300,46530,42327,46560,25245,27770,25454,28000
2024-12-13,3936,4330,3936,4330,13072,14380,3027,3330,4572,5030,42881,47170,42909,47200,25672,28240,25872,28460
2024-12-12,3936,4330,3936,4330,13218,14540,3081,3390,4645,5110,43490,47840,43527,47880,25218,27740,25427,27970
2024-12-11,3936,4330,3927,4320,13209,14530,3109,3420,4645,5110,43100,47410,43127,47440,24918,27410,25127,27640
2024-12-10,,,3927,4320,13327,14660,3136,3450,4672,5140,43627,47990,43654,48020,25509,28060,25709,28280
2024-12-09,3918,4310,3918,4310,13009,14310,3099,3410,4545,5000,42036,46240,42063,46270,25272,27800,25481,28030
2024-12-06,3963,4360,3963,4360,12899,14190,3136,3450,4590,5050,41954,46150,41981,46180,25099,27610,25309,27840
2024-12-05,3963,4360,3963,4360,12872,14160,3109,3420,4554,5010,41590,45750,41618,45780,25190,27710,25399,27940
2024-12-04,3899,4290,3890,4280,12863,14150,3081,3390,4536,4990,41081,45190,41109,45220,24936,27430,25145,27660
2024-12-03,3863,4250,3863,4250,12654,13920,3072,3380,4509,4960,40645,44710,40681,44750,24445,26890,24654,27120
2024-12-02,3863,4250,3854,4240,12618,13880,3054,3360,4545,5000,40981,45080,41009,45110,24627,27090,24827,27310
2024-11-29,3863,4250,3863,4250,12645,13910,3036,3340,4472,4920,40054,44060,40145,44160,24872,27360,25072,27580
2024-11-28,3863,4250,3854,4240,12681,13950,3027,3330,4590,5050,39690,43660,39781,43760,24627,27090,24836,27320
2024-11-27,3890,4280,3881,4270,12672,13940,2981,3280,4518,4970,41109,45220,41200,45320,24809,27290,25018,27520
2024-11-26,3963,4360,3954,4350,12763,14040,2999,3300,4445,4890,41300,45430,41390,45530,25172,27690,25372,27910
2024-11-25,3918,4310,3909,4300,12654,13920,2999,3300,4372,4810,41200,45320,41290,45420,24845,27330,25045,27550
2024-11-22,3909,4300,3899,4290,12663,13930,2954,3250,4381,4820,40854,44940,40945,45040,24399,26840,24609,27070
2024-11-21,3909,4300,3899,4290,12718,13990,2963,3260,4345,4780,41054,45160,41145,45260,24554,27010,24754,27230
2024-11-20,3918,4310,3909,4300,12718,13990,2936,3230,4300,4730,40827,44910,40918,45010,24490,26940,24690,27160
2024-11-19,3872,4260,3872,4260,12745,14020,2927,3220,4336,4770,41109,45220,41200,45320,24372,26810,24581,27040
2024-11-18,3954,4350,3945,4340,12672,13940,2890,3180,4354,4790,40881,44970,40981,45080,24163,26580,24372,26810
2024-11-15,3772,4150,3772,4150,12699,13970,2899,3190,4345,4780,41363,45500,41463,45610,24390,26830,24599,27060
2024-11-14,3790,4170,3781,4160,12781,14060,2972,3270,4390,4830,42472,46720,42572,46830,24563,27020,24772,27250
2024-11-13,3827,4210,3818,4200,12881,14170,2990,3290,4309,4740,43100,47410,43190,47510,24745,27220,24945,27440
2024-11-12,3827,4210,3827,4210,13063,14370,2972,3270,4336,4770,44318,48750,44418,48860,24881,27370,25081,27590
2024-11-11,3854,4240,3854,4240,13145,14460,2954,3250,4309,4740,44563,49020,44654,49120,25154,27670,25345,27880
2024-11-08,3990,4390,3990,4390,13554,14910,2990,3290,4445,4890,45127,49640,45218,49740,25599,28160,25799,28380
2024-11-07,3872,4260,3872,4260,13090,14400,2999,3300,4327,4760,44427,48870,44527,48980,24927,27420,25127,27640
2024-11-06,3890,4280,3881,4270,13481,14830,2927,3220,4454,4900,45272,49800,45363,49900,24609,27070,24809,27290
2024-11-05,3818,4200,3809,4190,13363,14700,2918,3210,4336,4770,44790,49270,44881,49370,24309,26740,24509,26960
2024-11-04,3818,4200,3809,4190,13272,14600,2972,3270,4445,4890,44463,48910,44554,49010,24381,26820,24581,27040
2024-11-01,3845,4230,3845,4230,13181,14500,2927,3220,4390,4830,43781,48160,43872,48260,24063,26470,24263,26690
2024-10-31,3845,4230,3845,4230,13209,14530,2918,3210,4500,4950,43436,47780,43536,47890,24245,26670,24563,27020
2024-10-30,3918,4310,3918,4310,13236,14560,2927,3220,4563,5020,43772,48150,43872,48260,24399,26840,24718,27190
2024-10-29,3890,4280,3890,4280,13236,14560,2963,3260,4600,5060,44218,48640,44327,48760,24563,27020,24890,27380
2024-10-28,3945,4340,3945,4340,13372,14710,3009,3310,4536,4990,44236,48660,44336,48770,24872,27360,25190,27710
2024-10-25,3881,4270,3881,4270,13145,14460,3027,3330,4618,5080,43745,48120,43854,48240,24890,27380,25209,27730
2024-10-24,3927,4320,3927,4320,13181,14500,3018,3320,4636,5100,43427,47770,43527,47880,24936,27430,25254,27780
2024-10-23,3872,4260,3863,4250,13245,14570,3018,3320,4572,5030,43281,47610,43381,47720,24899,27390,25218,27740
2024-10-22,3790,4170,3790,4170,13172,14490,2981,3280,4454,4900,43263,47590,43363,47700,25336,27870,25654,28220
2024-10-21,3809,4190,3799,4180,13236,14560,2999,3300,4454,4900,43527,47880,43627,47990,25518,28070,25836,28420
2024-10-18,3718,4090,3709,4080,13063,14370,2990,3290,4372,4810,43390,47730,43490,47840,25645,28210,25972,28570
2024-10-17,3745,4120,3736,4110,13045,14350,2999,3300,4354,4790,44472,48920,44572,49030,25899,28490,26218,28840
2024-10-16,3727,4100,3718,4090,12990,14290,2981,3280,4327,4760,44763,49240,44863,49350,26072,28680,26390,29030
2024-10-15,3736,4110,3727,4100,13136,14450,2945,3240,4354,4790,44727,49200,44827,49310,26299,28930,26618,29280
2024-10-14,3799,4180,3790,4170,13236,14560,2972,3270,4436,4880,45499,50050,45599,50160,26454,29100,26772,29450
2024-10-11,3745,4120,3745,4120,13154,14470,2936,3230,4345,4780,45036,49540,45136,49650,26027,28630,26345,28980
2024-10-10,3681,4050,3672,4040,13072,14380,2918,3210,4245,4670,44581,49040,44681,49150,25772,28350,26081,28690
2024-10-08,3836,4220,3827,4210,13381,14720,3027,3330,4445,4890,46554,51210,46645,51310,26636,29300,26954,29650
2024-10-07,3790,4170,3781,4160,13281,14610,3009,3310,4390,4830,45999,50600,46099,50710,26318,28950,26627,29290
2024-10-04,3718,4090,3709,4080,13027,14330,2963,3260,4281,4710,45409,49950,45509,50060,25499,28050,25809,28390
2024-10-02,3718,4090,3709,4080,13081,14390,2890,3180,4272,4700,45309,49840,45399,49940,25418,27960,25727,28300
2024-09-30,3763,4140,3718,4090,13181,14500,2936,3230,4227,4650,44318,48750,44409,48850,24718,27190,25018,27520
2024-09-27,3745,4120,3699,4070,13399,14740,2981,3280,4263,4690,43945,48340,44027,48430,24536,26990,24845,27330
2024-09-26,3645,4010,3599,3960,13081,14390,2936,3230,4145,4560,43663,48030,43754,48130,24681,27150,24990,27490
2024-09-25,3681,4050,3636,4000,13099,14410,2927,3220,4172,4590,44618,49080,44700,49170,24627,27090,24945,27440
2024-09-24,3599,3960,3554,3910,12772,14050,2899,3190,4009,4410,44081,48490,44172,48590,24436,26880,24745,27220
2024-09-23,3572,3930,3527,3880,12618,13880,2881,3170,3972,4370,43654,48020,43745,48120,24272,26700,24581,27040
2024-09-20,3654,4020,3609,3970,12672,13940,2909,3200,4054,4460,43054,47360,43145,47460,24036,26440,24345,26780
2024-09-19,3654,4020,3609,3970,12518,13770,2872,3160,3999,4400,42772,47050,42854,47140,23890,26280,24199,26620
2024-09-13,3509,3860,3463,3810,12372,13610,2872,3160,3972,4370,42927,47220,43018,47320,23945,26340,24254,26680
2024-09-12,3445,3790,3399,3740,12199,13420,2818,3100,3854,4240,42309,46540,42400,46640,23899,26290,24218,26640
2024-09-11,3409,3750,3363,3700,12154,13370,2781,3060,3781,4160,41890,46080,41981,46180,23490,25840,23809,26190
2024-09-10,3418,3760,3372,3710,12218,13440,2772,3050,,,42136,46350,42227,46450,23636,26000,23954,26350
2024-09-09,3372,3710,3336,3670,11981,13180,2754,3030,,,42127,46340,42218,46440,23399,25740,23709,26080
2024-09-06,3445,3790,3409,3750,12190,13410,2818,3100,3790,4170,42009,46210,42100,46310,23790,26170,24099,26510
2024-09-05,3481,3830,3445,3790,12054,13260,2863,3150,3881,4270,41790,45970,41881,46070,24081,26490,24399,26840
2024-09-04,3499,3850,3454,3800,12045,13250,2909,3200,3954,4350,42081,46290,42172,46390,24409,26850,24718,27190
2024-09-03,3509,3860,3472,3820,12318,13550,2918,3210,3936,4330,42981,47280,43072,47380,24590,27050,24899,27390
2024-09-02,3536,3890,3490,3840,12381,13620,2909,3200,4009,4410,44463,48910,44554,49010,24754,27230,25063,27570
2024-08-30,3518,3870,3490,3840,12363,13600,2890,3180,3972,4370,44136,48550,44363,48800,25018,27520,25327,27860
2024-08-29,3581,3940,3545,3900,12418,13660,2981,3280,3990,4390,44681,49150,44909,49400,25127,27640,25445,27990
2024-08-28,3645,4010,3609,3970,12609,13870,3027,3330,4054,4460,45281,49810,45518,50070,25145,27660,25454,28000
2024-08-27,3636,4000,3609,3970,12363,13600,3009,3310,4009,4410,44618,49080,44845,49330,24581,27040,24890,27380
2024-08-26,3672,4040,3645,4010,12481,13730,3036,3340,4045,4450,45018,49520,45245,49770,24799,27280,25109,27620
2024-08-23,3563,3920,3536,3890,12218,13440,2954,3250,3963,4360,43963,48360,44190,48610,24490,26940,24799,27280
2024-08-22,3563,3920,3536,3890,12409,13650,2981,3280,3945,4340,44563,49020,44790,49270,24927,27420,25245,27770
2024-08-21,3563,3920,3536,3890,12309,13540,2927,3220,3872,4260,43863,48250,44090,48500,25027,27530,25336,27870
2024-08-20,3490,3840,3463,3810,12390,13630,2899,3190,3845,4230,44290,48720,44518,48970,24545,27000,24854,27340
2024-08-19,3427,3770,3399,3740,12427,13670,2954,3250,3881,4270,44300,48730,44527,48980,24590,27050,24909,27400
2024-08-16,3427,3770,3399,3740,12518,13770,2954,3250,3918,4310,44372,48810,44609,49070,24563,27020,24881,27370
2024-08-14,3399,3740,3372,3710,12327,13560,2909,3200,3818,4200,43772,48150,44000,48400,24727,27200,25054,27560
2024-08-13,3372,3710,3345,3680,12427,13670,2990,3290,3899,4290,44463,48910,44700,49170,24809,27290,25127,27640
2024-08-12,3345,3680,3318,3650,12136,13350,2963,3260,3890,4280,44027,48430,44254,48680,24399,26840,24718,27190
2024-08-09,3336,3670,3309,3640,12145,13360,2890,3180,3790,4170,43018,47320,43254,47580,24618,27080,24936,27430
2024-08-08,3354,3690,3318,3650,12099,13310,2872,3160,3681,4050,42209,46430,42445,46690,24809,27290,25127,27640
2024-08-07,3354,3690,3327,3660,12309,13540,2845,3130,3699,4070,41681,45850,41918,46110,24918,27410,25236,27760
2024-08-06,3290,3620,,,12254,13480,2809,3090,,,41400,45540,41636,45800,24754,27230,25072,27580
2024-08-05,3299,3630,,,12454,13700,2954,3250,3763,4140,42400,46640,42636,46900,24681,27150,24999,27500
2024-08-02,3336,3670,,,12390,13630,2999,3300,3827,4210,41545,45700,41781,45960,24599,27060,24927,27420
2024-08-01,3345,3680,,,12736,14010,3063,3370,3809,4190,42072,46280,42309,46540,25218,27740,25545,28100
2024-07-31,3254,3580,3227,3550,12454,13700,2999,3300,3754,4130,40781,44860,40945,45040,24636,27100,24963,27460
2024-07-30,3290,3620,3263,3590,12490,13740,3045,3350,,,41418,45560,41581,45740,24254,26680,24572,27030
2024-07-29,3363,3700,3336,3670,12672,13940,3090,3400,,,41881,46070,42045,46250,24281,26710,24609,27070
2024-07-26,3336,3670,3309,3640,12681,13950,3009,3310,,,41736,45910,41900,46090,24227,26650,24554,27010
2024-07-25,3372,3710,3345,3680,12590,13850,3027,3330,,,42072,46280,42245,46470,24209,26630,24527,26980
2024-07-24,3372,3710,3345,3680,12745,14020,3036,3340,3827,4210,41736,45910,41900,46090,24572,27030,24899,27390
2024-07-23,3381,3720,,,12827,14110,3072,3380,,,42445,46690,42618,46880,24836,27320,25163,27680
2024-07-22,3463,3810,,,12963,14260,3136,3450,,,44145,48560,44309,48740,24981,27480,25309,27840
2024-07-19,3490,3840,,,13009,14310,3190,3510,3990,4390,44681,49150,44854,49340,25090,27600,25409,27950
2024-07-18,3509,3860,,,13309,14640,3236,3560,4036,4440,46545,51200,46718,51390,25090,27600,25409,27950
2024-07-17,3518,3870,3490,3840,13372,14710,3209,3530,4100,4510,46981,51680,47145,51860,25336,27870,25654,28220
2024-07-16,3590,3950,,,13554,14910,3199,3520,4190,4610,46981,51680,47145,51860,25454,28000,25781,28360
2024-07-15,3590,3950,,,13590,14950,3199,3520,4154,4570,47372,52110,47536,52290,25545,28100,25863,28450
2024-07-12,3581,3940,3527,3880,13418,14760,3172,3490,4172,4590,48690,53560,48854,53740,25427,27970,25745,28320
2024-07-11,3618,3980,3590,3950,13690,15060,3181,3500,4209,4630,49945,54940,50109,55120,25736,28310,26054,28660
2024-07-10,3645,4010,3609,3970,13645,15010,3199,3520,4154,4570,48954,53850,49118,54030,26081,28690,26399,29040
2024-07-09,3690,4060,3663,4030,13709,15080,3263,3590,4190,4610,48563,53420,48727,53600,26536,29190,26863,29550
2024-07-08,3690,4060,3663,4030,13736,15110,3272,3600,4254,4680,48036,52840,48199,53020,26345,28980,26663,29330
2024-07-05,3690,4060,3654,4020,13645,15010,3254,3580,4236,4660,46945,51640,47109,51820,26172,28790,26490,29140
2024-07-04,3736,4110,3709,4080,13672,15040,3263,3590,4254,4680,47218,51940,47390,52130,26399,29040,26718,29390
2024-07-03,3709,4080,3672,4040,13418,14760,3236,3560,4163,4580,46581,51240,46745,51420,25972,28570,26299,28930
2024-07-02,3690,4060,3663,4030,13327,14660,3254,3580,4163,4580,46454,51100,46618,51280,26418,29060,26736,29410
2024-07-01,3699,4070,3663,4030,13218,14540,3236,3560,4154,4570,45972,50570,46136,50750,26199,28820,26518,29170
2024-06-28,3645,4010,3636,4000,13199,14520,3190,3510,4181,4600,45509,50060,45672,50240,26099,28710,26418,29060
2024-06-27,3681,4050,3672,4040,13263,14590,3227,3550,4209,4630,45390,49930,45554,50110,26063,28670,26390,29030
2024-06-26,3645,4010,3645,4010,13281,14610,3245,3570,4109,4520,45663,50230,45827,50410,26199,28820,26527,29180
2024-06-25,3663,4030,3654,4020,13427,14770,3209,3530,4072,4480,46399,51040,46572,51230,26454,29100,26781,29460
2024-06-24,3672,4040,3672,4040,13463,14810,3227,3550,4072,4480,46263,50890,46427,51070,26327,28960,26654,29320
2024-06-21,3672,4040,3663,4030,13672,15040,3254,3580,4100,4510,46627,51290,46790,51470,26518,29170,26845,29530
2024-06-20,3636,4000,3627,3990,13545,14900,3209,3530,4090,4500,45545,50100,45709,50280,26381,29020,26709,29380
2024-06-19,3609,3970,3599,3960,13372,14710,3199,3520,4045,4450,45127,49640,45290,49820,26263,28890,26581,29240
2024-06-18,3627,3990,3618,3980,13381,14720,3154,3470,4018,4420,45190,49710,45354,49890,26499,29150,26818,29500
2024-06-17,3645,4010,3636,4000,13472,14820,3127,3440,3945,4340,45399,49940,45563,50120,26645,29310,26963,29660
2024-06-14,3681,4050,3672,4040,13490,14840,3145,3460,4054,4460,45854,50440,46018,50620,26636,29300,26954,29650
2024-06-13,3718,4090,3709,4080,13727,15100,3154,3470,4109,4520,46672,51340,46836,51520,27245,29970,27563,30320
2024-06-12,3663,4030,3654,4020,13481,14830,3136,3450,3936,4330,44754,49230,44918,49410,26954,29650,27272,30000
2024-06-11,3709,4080,3699,4070,13645,15010,3199,3520,4036,4440,44763,49240,44927,49420,27018,29720,27336,30070
2024-06-10,3690,4060,3681,4050,13363,14700,3163,3480,3890,4280,43636,48000,43800,48180,27009,29710,27318,30050
2024-06-07,3818,4200,3809,4190,13990,15390,3245,3570,4118,4530,44927,49420,45090,49600,27863,30650,28181,31000
2024-06-05,3854,4240,3845,4230,13727,15100,3245,3570,4154,4570,44690,49160,44854,49340,28636,31500,28954,31850
2024-06-04,3854,4240,3854,4240,13999,15400,3299,3630,4172,4590,45254,49780,45418,49960,29127,32040,29445,32390
2024-06-03,3863,4250,3854,4240,13936,15330,3309,3640,4236,4660,46536,51190,46699,51370,29690,32660,30018,33020
2024-05-31,3936,4330,3936,4330,14009,15410,3290,3620,4354,4790,46618,51280,47181,51900,30072,33080,30236,33260
2024-05-30,3990,4390,3981,4380,14299,15730,3309,3640,4345,4780,47509,52260,48072,52880,30318,33350,30472,33520
2024-05-29,3918,4310,3909,4300,14309,15740,3327,3660,4318,4750,47054,51760,47618,52380,30172,33190,30336,33370
2024-05-28,3836,4220,3836,4220,14118,15530,3290,3620,4290,4720,46336,50970,46899,51590,30018,33020,30181,33200
2024-05-27,3854,4240,3845,4230,14181,15600,3309,3640,4300,4730,46527,51180,47090,51800,30145,33160,30309,33340
2024-05-24,3772,4150,3763,4140,14263,15690,3299,3630,4300,4730,46572,51230,47127,51840,29754,32730,29918,32910
2024-05-23,3790,4170,3781,4160,14236,15660,3309,3640,4290,4720,46663,51330,47218,51940,30109,33120,30272,33300
2024-05-22,3918,4310,3909,4300,14854,16340,3336,3670,4400,4840,47790,52570,48354,53190,31381,34520,31536,34690
2024-05-21,3763,4140,3754,4130,14854,16340,3327,3660,4354,4790,47799,52580,48363,53200,31636,34800,31790,34970
2024-05-20,3736,4110,3736,4110,14563,16020,3254,3580,4254,4680,47490,52240,48045,52850,30927,34020,31081,34190
2024-05-17,3672,4040,3672,4040,14118,15530,3236,3560,4109,4520,46499,51150,47054,51760,29009,31910,29172,32090
2024-05-16,3763,4140,3754,4130,14063,15470,3263,3590,4200,4620,46918,51610,47481,52230,29099,32010,29272,32200
2024-05-14,3690,4060,3681,4050,13999,15400,3236,3560,4236,4660,46336,50970,46899,51590,28754,31630,28927,31820
2024-05-13,3672,4040,3663,4030,13745,15120,3199,3520,4154,4570,45209,49730,45772,50350,28418,31260,28590,31450
2024-05-10,3718,4090,3709,4080,13609,14970,3227,3550,4136,4550,46009,50610,46581,51240,28572,31430,28745,31620
2024-05-09,3672,4040,3663,4030,13499,14850,3199,3520,4100,4510,44936,49430,45499,50050,28163,30980,28336,31170
2024-05-08,3699,4070,3690,4060,13663,15030,3209,3530,4172,4590,45709,50280,46272,50900,28636,31500,28809,31690
2024-05-07,3690,4060,3681,4050,13545,14900,3190,3510,4109,4520,44972,49470,45536,50090,28672,31540,28845,31730
2024-05-03,3699,4070,3699,4070,13472,14820,3163,3480,4127,4540,44036,48440,44609,49070,28145,30960,28318,31150
2024-05-02,3799,4180,3799,4180,13727,15100,3181,3500,4154,4570,43709,48080,44281,48710,28590,31450,28763,31640
2024-05-01,3845,4230,3836,4220,13881,15270,3245,3570,4227,4650,44463,48910,45036,49540,29099,32010,29272,32200
2024-04-30,3799,4180,3790,4170,14063,15470,3263,3590,,,45936,50530,45963,50560,28872,31760,29190,32110
2024-04-29,3772,4150,3763,4140,13754,15130,3236,3560,,,45781,50360,45809,50390,28781,31660,29099,32010
2024-04-26,3763,4140,3763,4140,13599,14960,3236,3560,,,46481,51130,46509,51160,28854,31740,29172,32090
2024-04-25,3827,4210,3818,4200,13427,14770,3199,3520,3990,4390,44763,49240,44790,49270,28463,31310,28772,31650
2024-04-24,3854,4240,3845,4230,13445,14790,3209,3530,3990,4390,45172,49690,45199,49720,28718,31590,29036,31940
2024-04-23,3981,4380,3972,4370,13645,15010,3190,3510,,,48809,53690,48836,53720,29745,32720,30063,33070
2024-04-22,3936,4330,3927,4320,13745,15120,3272,3600,,,50618,55680,50645,55710,29236,32160,29554,32510
2024-04-19,3854,4240,3845,4230,13454,14800,3190,3510,,,48072,52880,48099,52910,27954,30750,28272,31100
2024-04-18,3845,4230,3836,4220,13363,14700,3181,3500,4109,4520,46918,51610,46945,51640,27790,30570,28109,30920
2024-04-17,3818,4200,3809,4190,13254,14580,3190,3510,4027,4430,45490,50040,45518,50070,27245,29970,27572,30330
2024-04-16,3809,4190,3809,4190,13354,14690,3227,3550,,,45636,50200,45663,50230,27209,29930,27527,30280
2024-04-15,3618,3980,3618,3980,13045,14350,3199,3520,,,45654,50220,45681,50250,26981,29680,27299,30030
2024-04-12,3536,3890,3527,3880,12763,14040,3109,3420,,,44172,48590,44200,48620,26763,29440,27081,29790
2024-04-11,3509,3860,3499,3850,12718,13990,3136,3450,3836,4220,44436,48880,44463,48910,27336,30070,27645,30410
2024-04-09,3518,3870,3509,3860,12763,14040,3099,3410,,,41345,45480,41372,45510,26609,29270,26927,29620
2024-04-08,3518,3870,3509,3860,12654,13920,3072,3380,,,39872,43860,39900,43890,26554,29210,26863,29550
2024-04-05,3490,3840,3481,3830,12654,13920,3081,3390,,,39509,43460,39536,43490,26309,28940,26627,29290
2024-04-04,3472,3820,3463,3810,12545,13800,2999,3300,,,39172,43090,39200,43120,25836,28420,26145,28760
2024-04-03,3409,3750,3399,3740,12218,13440,2918,3210,3463,3810,38627,42490,38654,42520,25463,28010,25781,28360
2024-04-02,3345,3680,3336,3670,12027,13230,2963,3260,,,38036,41840,38063,41870,25036,27540,25354,27890
2024-04-01,3336,3670,3336,3670,12009,13210,2963,3260,,,37972,41770,38000,41800,24999,27500,25309,27840
2024-03-29,3318,3650,3318,3650,11999,13200,2963,3260,,,37918,41710,37945,41740,24981,27480,25290,27820
2024-03-28,3272,3600,3263,3590,11990,13190,2881,3170,,,37954,41750,37981,41780,24818,27300,25136,27650
2024-03-27,3245,3570,3236,3560,11909,13100,2881,3170,3363,3700,37590,41350,37618,41380,24654,27120,24963,27460
2024-03-26,3281,3610,3281,3610,11945,13140,2909,3200,,,37845,41630,37872,41660,25109,27620,25418,27960
2024-03-25,3263,3590,3254,3580,11918,13110,2899,3190,,,37809,41590,37836,41620,25472,28020,25781,28360
2024-03-22,3209,3530,3199,3520,11881,13070,2881,3170,,,37481,41230,37509,41260,25554,28110,25863,28450
2024-03-21,3209,3530,3199,3520,12009,13210,2936,3230,,,37072,40780,37100,40810,25827,28410,26136,28750
2024-03-20,3199,3520,3190,3510,12081,13290,2981,3280,3454,3800,37363,41100,37390,41130,25690,28260,26009,28610
2024-03-19,3199,3520,3190,3510,12181,13400,2990,3290,,,38872,42760,38900,42790,26245,28870,26554,29210
2024-03-18,3190,3510,3181,3500,12127,13340,3036,3340,,,38845,42730,38872,42760,26454,29100,26763,29440
2024-03-15,3127,3440,3127,3440,11763,12940,3063,3370,,,37954,41750,37981,41780,26163,28780,26463,29110
2024-03-14,3145,3460,3136,3450,11799,12980,3072,3380,3499,3850,37645,41410,37672,41440,26436,29080,26745,29420
2024-03-13,3136,3450,3127,3440,11409,12550,3036,3340,3472,3820,36836,40520,36863,40550,26636,29300,26936,29630
2024-03-12,3127,3440,3118,3430,11409,12550,2999,3300,,,37218,40940,37909,41700,26399,29040,26709,29380
2024-03-11,3127,3440,3118,3430,11390,12530,2999,3300,,,37463,41210,38172,41990,26118,28730,26427,29070
2024-03-08,3163,3480,3163,3480,11563,12720,3036,3340,,,37709,41480,38427,42270,26290,28920,26599,29260
2024-03-07,3154,3470,3145,3460,11518,12670,2990,3290,,,37200,40920,37909,41700,25990,28590,26299,28930
2024-03-06,3145,3460,3136,3450,11399,12540,2954,3250,3381,3720,36754,40430,37463,41210,26045,28650,26354,28990
2024-03-05,3145,3460,3145,3460,11454,12600,2945,3240,,,36700,40370,37409,41150,26227,28850,26536,29190
2024-03-04,3163,3480,3163,3480,11399,12540,2927,3220,,,36190,39810,36900,40590,25872,28460,26181,28800
2024-02-29,3090,3400,3081,3390,11345,12480,3018,3320,,,36500,40150,37218,40940,25809,28390,26118,28730
2024-02-28,3081,3390,3072,3380,11345,12480,3027,3330,3318,3650,36118,39730,36827,40510,25572,28130,25881,28470
2024-02-27,3072,3380,3063,3370,11327,12460,3045,3350,,,35736,39310,36445,40090,25181,27700,25490,28040
2024-02-26,3072,3380,3072,3380,11481,12630,3036,3340,,,36118,39730,36827,40510,25636,28200,25945,28540
2024-02-23,3090,3400,3090,3400,11490,12640,3018,3320,,,35781,39360,36490,40140,25454,28000,25763,28340
2024-02-22,3136,3450,3127,3440,11490,12640,3018,3320,,,36136,39750,36845,40530,24954,27450,25263,27790
2024-02-21,3118,3430,3109,3420,11472,12620,2981,3280,3281,3610,36354,39990,37063,40770,24209,26630,24518,26970
2024-02-20,3136,3450,3127,3440,11354,12490,2963,3260,,,36281,39910,36990,40690,24154,26570,24472,26920
2024-02-19,3163,3480,3163,3480,11436,12580,2999,3300,,,37100,40810,37809,41590,24172,26590,24481,26930
2024-02-16,3163,3480,3154,3470,11172,12290,2972,3270,,,37490,41240,38200,42020,23999,26400,24318,26750
2024-02-15,3181,3500,3172,3490,11018,12120,2945,3240,,,37772,41550,38490,42340,24136,26550,24454,26900
2024-02-14,3154,3470,3145,3460,11036,12140,2899,3190,3199,3520,37681,41450,38390,42230,23890,26280,24209,26630
2024-02-13,3154,3470,3145,3460,11000,12100,2927,3220,,,37318,41050,38027,41830,23599,25960,23909,26300
2024-02-08,3145,3460,3136,3450,11081,12190,3027,3330,,,34827,38310,35536,39090,23554,25910,23863,26250
2024-02-07,3145,3460,3136,3450,11200,12320,3045,3350,3363,3700,34427,37870,35136,38650,23427,25770,23736,26110
2024-02-06,3127,3440,3118,3430,11172,12290,3045,3350,,,34000,37400,34709,38180,23609,25970,23918,26310
2024-02-05,3136,3450,3127,3440,11272,12400,3072,3380,,,34781,38260,35481,39030,23763,26140,24072,26480
2024-02-02,3172,3490,3163,3480,11418,12560,3109,3420,,,35354,38890,36063,39670,23936,26330,24245,26670
2024-02-01,3227,3550,3218,3540,11536,12690,3127,3440,,,36054,39660,36772,40450,24018,26420,24336,26770
2024-01-31,3199,3520,3190,3510,11509,12660,3136,3450,3563,3920,35727,39300,36309,39940,24245,26670,24554,27010
2024-01-30,3199,3520,3190,3510,11490,12640,3154,3470,,,36390,40030,36981,40680,24263,26690,24572,27030
2024-01-29,3218,3540,3209,3530,11481,12630,3136,3450,,,36854,40540,37445,41190,24754,27230,25063,27570
2024-01-26,3172,3490,3163,3480,11518,12670,3118,3430,,,36809,40490,37645,41410,24654,27120,24963,27460
2024-01-25,3154,3470,3154,3470,11518,12670,3136,3450,,,36663,40330,37245,40970,24599,27060,24918,27410
2024-01-24,3154,3470,3145,3460,11272,12400,3127,3440,,,36209,39830,36800,40480,24072,26480,24390,26830
2024-01-23,3063,3370,3054,3360,11245,12370,3063,3370,,,35490,39040,36081,39690,23763,26140,24081,26490
2024-01-22,3072,3380,3063,3370,11272,12400,3036,3340,,,35081,38590,35672,39240,23818,26200,24127,26540
2024-01-19,3063,3370,3054,3360,11209,12330,2981,3280,,,35172,38690,35763,39340,23981,26380,24299,26730
2024-01-18,3090,3400,3081,3390,11181,12300,2963,3260,,,35109,38620,35700,39270,23963,26360,24272,26700
2024-01-17,3109,3420,3099,3410,11181,12300,2999,3300,3527,3880,34618,38080,35200,38720,23818,26200,24136,26550
2024-01-16,3072,3380,3063,3370,11109,12220,2981,3280,,,33754,37130,34336,37770,23690,26060,23999,26400
2024-01-15,3072,3380,3072,3380,10990,12090,2945,3240,,,33427,36770,34009,37410,23745,26120,24054,26460
2024-01-12,3099,3410,3090,3400,11018,12120,2945,3240,,,33318,36650,33890,37280,23845,26230,24154,26570
2024-01-11,3118,3430,3109,3420,11081,12190,2945,3240,3418,3760,33336,36670,33918,37310,23990,26390,24299,26730
2024-01-09,,,,,,,,,,,,,,,,,,
2024-01-08,,,,,,,,,,,,,,,,,,
2024-01-05,,,,,,,,,,,,,,,,,,
2024-01-04,,,,,,,,,,,,,,,,,,
2024-01-03,,,,,,,,,,,,,,,,,,
2024-01-02,,,,,,,,,,,,,,,,,,
2023-12-29,,,,,,,,,,,,,,,,,,
2023-12-28,,,,,,,,,,,,,,,,,,
2023-12-27,,,,,,,,,,,,,,,,,,
2023-12-26,,,,,,,,,,,,,,,,,,
2023-12-22,3081,3390,3072,3380,11281,12410,2881,3170,,,33600,36960,33654,37020,24336,26770,24636,27100
2023-12-21,3054,3360,3045,3350,11200,12320,2890,3180,,,33509,36860,33563,36920,24172,26590,24472,26920
2023-12-20,3099,3410,3099,3410,11290,12420,2881,3170,3536,3890,33645,37010,33700,37070,24199,26620,24509,26960
2023-12-19,3109,3420,3099,3410,11063,12170,2845,3130,,,32900,36190,32945,36240,23672,26040,23981,26380
2023-12-18,3072,3380,3072,3380,11136,12250,2881,3170,,,33354,36690,33500,36850,24518,26970,24818,27300
2023-12-15,3018,3320,3009,3310,11136,12250,2863,3150,,,33600,36960,33745,37120,24290,26720,24590,27050
2023-12-14,2990,3290,2981,3280,11054,12160,2872,3160,,,33300,36630,33454,36800,24063,26470,24372,26810
2023-12-13,2945,3240,2936,3230,11027,12130,2863,3150,3336,3670,32990,36290,33136,36450,24027,26430,24327,26760
2023-12-12,2945,3240,2936,3230,11036,12140,2881,3170,,,32754,36030,32900,36190,24190,26610,24499,26950
2023-12-11,2945,3240,2945,3240,11109,12220,2818,3100,,,32772,36050,32927,36220,24299,26730,24609,27070
2023-12-08,2999,3300,2990,3290,11127,12240,2845,3130,,,33427,36770,33572,36930,24245,26670,24554,27010
2023-12-07,2981,3280,2981,3280,10945,12040,2845,3130,,,32963,36260,33109,36420,23636,26000,23945,26340
2023-12-06,2999,3300,2990,3290,11000,12100,2881,3170,3318,3650,32145,35360,32290,35520,23509,25860,23809,26190
2023-12-05,3009,3310,2999,3300,11081,12190,2909,3200,,,32018,35220,32163,35380,24136,26550,24445,26890
2023-12-04,3054,3360,3045,3350,11327,12460,2954,3250,,,31645,34810,31790,34970,24590,27050,24899,27390
2023-12-01,2990,3290,2990,3290,10990,12090,2927,3220,,,30609,33670,30745,33820,23772,26150,24072,26480
2023-11-30,3009,3310,3009,3310,10918,12010,2954,3250,,,31409,34550,31418,34560,24354,26790,24738,27212
2023-11-29,3027,3330,3018,3320,11018,12120,2981,3280,3436,3780,31236,34360,31245,34370,23963,26360,24272,26700
2023-11-28,3036,3340,3036,3340,10936,12030,3018,3320,,,31036,34140,31036,34140,23245,25570,,
2023-11-27,3054,3360,3054,3360,11054,12160,3081,3390,,,32290,35520,32299,35530,23372,25710,,
2023-11-24,3054,3360,3045,3350,10945,12040,3081,3390,,,32872,36160,32881,36170,23836,26220,,
2023-11-23,3045,3350,3045,3350,10900,11990,3109,3420,3390,3730,33227,36550,33236,36560,23645,26010,23972,26370
2023-11-22,3081,3390,3072,3380,10936,12030,3154,3470,3436,3780,33318,36650,33327,36660,24163,26580,24481,26930
2023-11-21,3063,3370,3063,3370,10936,12030,3163,3480,,,33272,36600,33272,36600,24163,26580,24490,26940
2023-11-20,3027,3330,3018,3320,10763,11840,3209,3530,,,33400,36740,33409,36750,24199,26620,24527,26980
2023-11-17,3036,3340,3027,3330,10700,11770,3190,3510,,,33818,37200,33818,37200,24345,26780,24672,27140
2023-11-16,3072,3380,3072,3380,10800,11880,3154,3470,,,34081,37490,34090,37500,24936,27430,25263,27790
2023-11-15,3145,3460,3145,3460,10990,12090,3172,3490,3599,3960,34636,38100,34645,38110,25563,28120,25899,28490
2023-11-14,3145,3460,3136,3450,,,3109,3420,,,34100,37510,34109,37520,25381,27920,25718,28290
2023-11-13,3118,3430,3109,3420,,,3109,3420,,,33518,36870,33518,36870,25036,27540,25363,27900
2023-11-10,3136,3450,3136,3450,,,3109,3420,,,33690,37060,33700,37070,25645,28210,25972,28570
2023-11-09,3163,3480,3154,3470,10736,11810,3099,3410,,,33800,37180,33809,37190,26009,28610,26336,28970
2023-11-08,3154,3470,3145,3460,10772,11850,3099,3410,3499,3850,33254,36580,33263,36590,25709,28280,26036,28640
2023-11-07,3154,3470,3145,3460,10763,11840,3054,3360,,,33118,36430,33127,36440,26190,28810,26518,29170
2023-11-06,3172,3490,3163,3480,10890,11980,3109,3420,,,33027,36330,33036,36340,26418,29060,26745,29420
2023-11-03,3181,3500,3172,3490,11009,12110,3072,3380,,,33036,36340,33045,36350,26509,29160,26845,29530
2023-11-02,3236,3560,3227,3550,11081,12190,3081,3390,,,33254,36580,33263,36590,26845,29530,27181,29900
2023-11-01,3245,3570,3245,3570,11027,12130,3045,3350,3427,3770,33272,36600,33281,36610,26863,29550,27199,29920
2023-10-31,3272,3600,3263,3590,11063,12170,3136,3450,3481,3830,34627,38090,34718,38190,27363,30100,27699,30470
2023-10-30,3218,3540,3209,3530,11054,12160,3163,3480,3509,3860,34636,38100,34727,38200,27309,30040,27645,30410
2023-10-27,3190,3510,3181,3500,10927,12020,3136,3450,3472,3820,34663,38130,34745,38220,26981,29680,27318,30050
2023-10-26,3199,3520,3190,3510,10909,12000,3099,3410,3509,3860,34945,38440,35036,38540,27090,29800,27436,30180
2023-10-25,3136,3450,3127,3440,10890,11980,3145,3460,3436,3780,34627,38090,34709,38180,26909,29600,27245,29970
2023-10-24,3127,3440,3127,3440,10863,11950,3172,3490,,,34572,38030,34654,38120,26990,29690,27327,30060
2023-10-23,3136,3450,3136,3450,10827,11910,3136,3450,,,34709,38180,34800,38280,27581,30340,27927,30720
2023-10-20,3154,3470,3145,3460,10927,12020,3118,3430,3445,3790,35100,38610,35190,38710,27518,30270,27854,30640
2023-10-19,3145,3460,3145,3460,10827,11910,3090,3400,3436,3780,35400,38940,35481,39030,27527,30280,27863,30650
2023-10-18,3145,3460,3136,3450,10863,11950,3081,3390,3418,3760,35127,38640,35209,38730,27509,30260,27845,30630
2023-10-17,3136,3450,3127,3440,10881,11970,3099,3410,,,34927,38420,35018,38520,27509,30260,27845,30630
2023-10-16,3154,3470,3145,3460,10800,11880,3027,3330,,,34618,38080,34700,38170,27372,30110,27709,30480
2023-10-13,3127,3440,3118,3430,10763,11840,3009,3310,3409,3750,33945,37340,34036,37440,27372,30110,27709,30480
2023-10-12,3145,3460,3136,3450,10800,11880,3072,3380,3445,3790,34136,37550,34218,37640,26872,29560,27209,29930
2023-10-11,3181,3500,3172,3490,10890,11980,3099,3410,3463,3810,34145,37560,34236,37660,27518,30270,27854,30640
2023-10-10,3218,3540,3209,3530,11018,12120,3154,3470,3518,3870,34754,38230,34836,38320,27872,30660,28209,31030
2023-10-06,3199,3520,3199,3520,10736,11810,3163,3480,3481,3830,33409,36750,33490,36840,27299,30030,27636,30400
2023-10-05,3254,3580,3245,3570,10909,12000,3154,3470,3527,3880,33427,36770,33509,36860,27863,30650,28199,31020
2023-10-04,3281,3610,3272,3600,10863,11950,3118,3430,3509,3860,32972,36270,33054,36360,27581,30340,27918,30710
2023-09-27,3218,3540,3218,3540,10981,12080,3218,3540,3518,3870,36300,39930,36527,40180,27799,30580,28136,30950
2023-09-26,3181,3500,3172,3490,10945,12040,3181,3500,3518,3870,35863,39450,36090,39700,27863,30650,28199,31020
2023-09-25,3190,3510,3181,3500,11063,12170,3218,3540,3563,3920,36354,39990,36581,40240,28290,31120,28627,31490
2023-09-22,3154,3470,3145,3460,11045,12150,3163,3480,3499,3850,35509,39060,35736,39310,27945,30740,28281,31110
2023-09-21,3190,3510,3181,3500,11163,12280,3163,3480,3527,3880,35890,39480,36118,39730,28354,31190,28690,31560
2023-09-20,3136,3450,3127,3440,11090,12200,3181,3500,3445,3790,35800,39380,36027,39630,28781,31660,29109,32020
2023-09-19,3127,3440,3118,3430,11145,12260,3236,3560,3490,3840,35863,39450,36090,39700,28618,31480,28954,31850
2023-09-18,3090,3400,3081,3390,11218,12340,3263,3590,3472,3820,35309,38840,35536,39090,28727,31600,29054,31960
2023-09-15,3136,3450,3136,3450,11245,12370,3245,3570,3536,3890,35545,39100,35772,39350,29281,32210,29609,32570
2023-09-14,3145,3460,3136,3450,11318,12450,3227,3550,3490,3840,35409,38950,35636,39200,29063,31970,29390,32330
2023-09-13,3109,3420,3099,3410,11263,12390,3227,3550,3418,3760,35063,38570,35290,38820,28781,31660,29118,32030
2023-09-12,3127,3440,3118,3430,11299,12430,3290,3620,3472,3820,35509,39060,35736,39310,29609,32570,29945,32940
2023-09-11,3099,3410,3099,3410,11118,12230,3263,3590,3390,3730,35318,38850,35545,39100,29081,31990,29418,32360
2023-09-08,3118,3430,3109,3420,11245,12370,3272,3600,3454,3800,36036,39640,36263,39890,29718,32690,30045,33050
2023-09-07,3099,3410,3099,3410,11272,12400,3254,3580,3418,3760,36145,39760,36372,40010,29763,32740,30090,33100
2023-09-06,3099,3410,3090,3400,11436,12580,3272,3600,3436,3780,36409,40050,36636,40300,30381,33420,30718,33790
2023-09-05,3099,3410,3090,3400,11281,12410,3209,3530,3418,3760,35927,39520,36154,39770,30136,33150,30472,33520
2023-09-04,3136,3450,3127,3440,11327,12460,3218,3540,3418,3760,35100,38610,35318,38850,30181,33200,30509,33560
2023-09-01,3109,3420,3099,3410,11254,12380,3190,3510,3354,3690,34681,38150,34909,38400,29181,32100,29518,32470
2023-08-31,3109,3420,3099,3410,11327,12460,3136,3450,3363,3700,34900,38390,35645,39210,29663,32630,29990,32990
2023-08-30,3054,3360,3045,3350,11272,12400,3163,3480,3372,3710,34836,38320,35572,39130,29718,32690,30045,33050
2023-08-29,3036,3340,3036,3340,11163,12280,3109,3420,3299,3630,35063,38570,35800,39380,29918,32910,30254,33280
2023-08-28,3045,3350,3036,3340,11172,12290,3109,3420,3299,3630,35109,38620,35854,39440,29963,32960,30290,33320
2023-08-25,3045,3350,3045,3350,11163,12280,3136,3450,3309,3640,35590,39150,36327,39960,29909,32900,30245,33270
2023-08-24,3099,3410,3090,3400,11436,12580,3190,3510,3309,3640,36390,40030,37145,40860,30436,33480,30772,33850
2023-08-23,3090,3400,3081,3390,11281,12410,3127,3440,3254,3580,36272,39900,37018,40720,29727,32700,30054,33060
2023-08-22,3054,3360,3054,3360,11218,12340,3163,3480,3245,3570,35772,39350,36527,40180,29345,32280,29681,32650
2023-08-21,3036,3340,3036,3340,11145,12260,3136,3450,3218,3540,35063,38570,35809,39390,29309,32240,29645,32610
2023-08-18,3054,3360,3045,3350,11154,12270,3118,3430,3227,3550,35154,38670,35900,39490,29554,32510,29890,32880
2023-08-17,3018,3320,3018,3320,11000,12100,3072,3380,3209,3530,34709,38180,35454,39000,28772,31650,29109,32020
2023-08-16,2999,3300,2990,3290,10990,12090,3054,3360,3245,3570,34727,38200,35472,39020,28599,31460,28936,31830
2023-08-14,3036,3340,3027,3330,11090,12200,3018,3320,3354,3690,36354,39990,37090,40800,29072,31980,29409,32350
2023-08-11,3054,3360,3045,3350,11136,12250,3036,3340,3427,3770,36681,40350,37418,41160,29172,32090,29499,32450
2023-08-10,3036,3340,3027,3330,11154,12270,3027,3330,3472,3820,37245,40970,37981,41780,29336,32270,29672,32640
2023-08-09,3045,3350,3036,3340,11072,12180,3018,3320,3427,3770,37354,41090,38090,41900,29718,32690,30045,33050
2023-08-08,3063,3370,3054,3360,11172,12290,3009,3310,3436,3780,37472,41220,37700,41470,29854,32840,30181,33200
2023-08-07,3072,3380,3072,3380,11318,12450,3009,3310,3445,3790,37509,41260,37736,41510,30227,33250,30554,33610
2023-08-04,3045,3350,3036,3340,11281,12410,3018,3320,3390,3730,37609,41370,37836,41620,30354,33390,30681,33750
2023-08-03,3018,3320,3009,3310,11145,12260,3018,3320,3381,3720,36763,40440,36990,40690,30299,33330,30627,33690
2023-08-02,3045,3350,3045,3350,11181,12300,2981,3280,3454,3800,36754,40430,36972,40670,30990,34090,31309,34440
2023-08-01,3072,3380,3063,3370,11363,12500,2963,3260,3427,3770,37790,41570,38009,41810,30681,33750,30999,34100
2023-07-31,3018,3320,3009,3310,11200,12320,2972,3270,3363,3700,38436,42280,38672,42540,30745,33820,31063,34170
2023-07-28,2990,3290,2981,3280,11081,12190,2981,3280,3299,3630,38463,42310,38700,42570,29972,32970,30290,33320
2023-07-27,2990,3290,2981,3280,11118,12230,2954,3250,3309,3640,38809,42690,39036,42940,29745,32720,30063,33070
2023-07-26,3027,3330,3018,3320,11209,12330,3027,3330,3327,3660,38709,42580,38936,42830,30863,33950,31181,34300
2023-07-25,2999,3300,2990,3290,11036,12140,3009,3310,,,38481,42330,38718,42590,29690,32660,30009,33010
2023-07-24,2999,3300,2999,3300,10990,12090,2972,3270,,,38527,42380,38754,42630,28918,31810,29236,32160
2023-07-21,2963,3260,2954,3250,10918,12010,2890,3180,,,38418,42260,38645,42510,29263,32190,29581,32540
2023-07-20,2936,3230,2927,3220,10809,11890,2845,3130,3127,3440,37581,41340,37809,41590,28672,31540,28990,31890
2023-07-19,2936,3230,2936,3230,10818,11900,2845,3130,3154,3470,37936,41730,38163,41980,28781,31660,29099,32010
2023-07-18,3018,3320,3018,3320,10900,11990,2863,3150,,,38000,41800,38227,42050,28881,31770,29199,32120
2023-07-17,3045,3350,3045,3350,11136,12250,2899,3190,3218,3540,38136,41950,38363,42200,29618,32580,29936,32930
2023-07-14,3072,3380,3072,3380,11245,12370,2936,3230,3299,3630,38727,42600,38954,42850,29399,32340,29718,32690
2023-07-13,3054,3360,3045,3350,11118,12230,2918,3210,3272,3600,39527,43480,39763,43740,30236,33260,30554,33610
2023-07-12,2972,3270,2972,3270,10918,12010,2890,3180,3190,3510,38300,42130,38536,42390,29099,32010,29427,32370
2023-07-11,2972,3270,2963,3260,11100,12210,2927,3220,,,38836,42720,39072,42980,29799,32780,30127,33140
2023-07-10,2972,3270,2963,3260,11090,12200,2918,3210,,,39381,43320,39618,43580,29490,32440,29818,32800
2023-07-07,2936,3230,2936,3230,10909,12000,2909,3200,,,39727,43700,39963,43960,29945,32940,30272,33300
2023-07-06,2954,3250,2945,3240,10963,12060,2899,3190,,,38500,42350,38727,42600,29899,32890,30227,33250
2023-07-05,2990,3290,2981,3280,11045,12150,2972,3270,3290,3620,38254,42080,38481,42330,29054,31960,29381,32320
2023-07-04,2990,3290,2990,3290,11163,12280,3009,3310,,,38436,42280,38672,42540,29299,32230,29627,32590
2023-07-03,3009,3310,3009,3310,11145,12260,3054,3360,,,37890,41680,38127,41940,29436,32380,29763,32740
2023-06-30,3054,3360,3045,3350,10954,12050,2990,3290,,,37145,40860,37381,41120,29218,32140,29909,32900
2023-06-29,3045,3350,3036,3340,10981,12080,2999,3300,,,37463,41210,37700,41470,28199,31020,28890,31780
2023-06-28,3063,3370,3054,3360,11081,12190,3036,3340,3299,3630,37854,41640,38090,41900,28999,31900,29681,32650
2023-06-27,3009,3310,3009,3310,11181,12300,3009,3310,,,37209,40930,37445,41190,28490,31340,29172,32090
2023-06-26,3036,3340,3036,3340,11145,12260,3063,3370,,,38427,42270,38663,42530,29781,32760,30472,33520
2023-06-23,3054,3360,3045,3350,11290,12420,3118,3430,,,38854,42740,39081,42990,29445,32390,30127,33140
2023-06-22,3072,3380,3063,3370,11299,12430,3163,3480,,,39336,43270,39572,43530,29436,32380,30118,33130
2023-06-21,3054,3360,3045,3350,11127,12240,3054,3360,3199,3520,38000,41800,38227,42050,30263,33290,30936,34030
2023-06-20,3063,3370,3063,3370,11136,12250,3027,3330,,,38063,41870,38290,42120,30927,34020,31599,34760
2023-06-19,3090,3400,3081,3390,11054,12160,3009,3310,,,37745,41520,37972,41770,31390,34530,32054,35260
2023-06-16,3081,3390,3081,3390,11136,12250,2990,3290,,,38527,42380,38763,42640,31527,34680,32209,35430
2023-06-15,3081,3390,3072,3380,11054,12160,2972,3270,,,37418,41160,37645,41410,31145,34260,31818,35000
2023-06-14,3036,3340,3036,3340,10918,12010,2909,3200,3236,3560,35536,39090,35763,39340,30009,33010,30672,33740
2023-06-13,3072,3380,3063,3370,10845,11930,2927,3220,,,35772,39350,36000,39600,28836,31720,29509,32460
2023-06-12,3136,3450,3127,3440,10963,12060,2909,3200,,,36681,40350,36918,40610,29381,32320,30063,33070
2023-06-09,3145,3460,3136,3450,11045,12150,2899,3190,,,36072,39680,36309,39940,29636,32600,30318,33350
2023-06-08,3090,3400,3081,3390,10990,12090,2899,3190,,,35881,39470,36109,39720,30027,33030,30709,33780
2023-06-07,3090,3400,3081,3390,11081,12190,2890,3180,3245,3570,35954,39550,36190,39810,29518,32470,30209,33230
2023-06-05,3172,3490,3163,3480,10927,12020,2890,3180,,,35663,39230,35900,39490,29781,32760,30472,33520
2023-06-02,3318,3650,3309,3640,11072,12180,2872,3160,,,35809,39390,36045,39650,30272,33300,30963,34060
2023-06-01,3299,3630,3290,3620,10890,11980,2899,3190,,,36000,39600,36236,39860,29399,32340,30099,33110
2023-05-31,3199,3520,3190,3510,10909,12000,2972,3270,3272,3600,36381,40020,36618,40280,29927,32920,30618,33680
2023-05-30,3190,3510,3181,3500,,,2981,3280,,,35509,39060,35745,39320,30136,33150,30836,33920
2023-05-26,3190,3510,3190,3510,,,2981,3280,,,35000,38500,35236,38760,30199,33220,30890,33980
2023-05-25,3127,3440,3118,3430,10518,11570,2927,3220,3272,3600,33881,37270,34118,37530,29299,32230,29990,32990
2023-05-24,3109,3420,3099,3410,10718,11790,2945,3240,3345,3680,34190,37610,34427,37870,29609,32570,30299,33330
2023-05-23,3181,3500,3181,3500,10800,11880,2990,3290,3436,3780,35200,38720,35436,38980,30309,33340,30999,34100
2023-05-22,3254,3580,3245,3570,11054,12160,3027,3330,3527,3880,36145,39760,36381,40020,30372,33410,31063,34170
2023-05-19,3272,3600,3272,3600,11018,12120,2981,3280,3509,3860,35809,39390,36045,39650,30063,33070,30763,33840
2023-05-18,3309,3640,3299,3630,11218,12340,2981,3280,3609,3970,35663,39230,35900,39490,30672,33740,31372,34510
2023-05-17,3236,3560,3227,3550,10981,12080,2954,3250,3563,3920,35345,38880,35590,39150,30390,33430,31099,34210
2023-05-16,3245,3570,3236,3560,11163,12280,2954,3250,3609,3970,35972,39570,36218,39840,31027,34130,31727,34900
2023-05-15,3181,3500,3172,3490,11145,12260,2963,3260,3627,3990,35627,39190,35863,39450,31799,34980,32509,35760
2023-05-12,3127,3440,3127,3440,10954,12050,2990,3290,3599,3960,36090,39700,36327,39960,31063,34170,31763,34940
2023-05-11,3209,3530,3199,3520,11345,12480,3027,3330,3699,4070,36772,40450,37009,40710,32018,35220,32718,35990
2023-05-10,3281,3610,3272,3600,11509,12660,3027,3330,3772,4150,36945,40640,37181,40900,33272,36600,33972,37370
2023-05-09,3281,3610,3272,3600,11481,12630,2981,3280,3781,4160,36963,40660,37200,40920,34581,38040,35281,38810
2023-05-08,3281,3610,3272,3600,11499,12650,2990,3290,3790,4170,37000,40700,37245,40970,34618,38080,35318,38850
2023-05-04,3318,3650,3309,3640,11472,12620,3054,3360,3754,4130,38354,42190,38590,42450,35345,38880,36054,39660
2023-05-03,3399,3740,3390,3730,11572,12730,3127,3440,3745,4120,38072,41880,38309,42140,35800,39380,36509,40160
2023-05-02,3390,3730,3381,3720,11645,12810,3109,3420,3790,4170,37445,41190,37690,41460,34690,38160,35400,38940
2023-05-01,3390,3730,3381,3720,11645,12810,3109,3420,3790,4170,37445,41190,37690,41460,34690,38160,35400,38940
2023-04-28,3309,3640,3299,3630,11654,12820,3045,3350,3799,4180,36972,40670,37027,40730,34381,37820,35209,38730
2023-04-27,3309,3640,3309,3640,11590,12750,3036,3340,3818,4200,36836,40520,36890,40580,33763,37140,34590,38050
2023-04-26,3318,3650,3309,3640,11518,12670,3045,3350,3745,4120,36518,40170,36572,40230,33172,36490,33990,37390
2023-04-25,3372,3710,3363,3700,11809,12990,3109,3420,3836,4220,38072,41880,38118,41930,34890,38380,35709,39280
2023-04-24,3390,3730,3381,3720,11845,13030,3118,3430,3881,4270,37827,41610,37872,41660,34572,38030,35390,38930
2023-04-21,3409,3750,3399,3740,11909,13100,3090,3400,3936,4330,38127,41940,38172,41990,35127,38640,35945,39540
2023-04-20,3436,3780,3436,3780,12045,13250,3090,3400,3972,4370,38409,42250,38463,42310,35872,39460,36690,40360
2023-04-19,3409,3750,3409,3750,12054,13260,3072,3380,4081,4490,39309,43240,39354,43290,35909,39500,36718,40390
2023-04-18,3318,3650,3318,3650,11936,13130,2999,3300,4018,4420,38400,42240,38445,42290,34445,37890,35254,38780
2023-04-17,3281,3610,3272,3600,11909,13100,3054,3360,4018,4420,34518,37970,34563,38020,33327,36660,34127,37540
2023-04-14,3272,3600,3263,3590,12063,13270,3054,3360,4027,4430,34272,37700,34327,37760,33000,36300,33809,37190
2023-04-13,3254,3580,3245,3570,12009,13210,3063,3370,3999,4400,34036,37440,34081,37490,33163,36480,33981,37380
2023-04-12,3199,3520,3199,3520,11890,13080,2981,3280,3945,4340,33554,36910,33609,36970,32918,36210,33736,37110
2023-04-11,3245,3570,3236,3560,11809,12990,2981,3280,,,34300,37730,34345,37780,32054,35260,32863,36150
2023-04-10,3236,3560,3227,3550,11781,12960,2972,3270,,,34218,37640,34272,37700,31981,35180,32790,36070
2023-04-07,3245,3570,3236,3560,11799,12980,2972,3270,3972,4370,34281,37710,34336,37770,32036,35240,32854,36140
2023-04-06,3218,3540,3209,3530,11690,12860,2972,3270,3963,4360,33972,37370,34027,37430,31618,34780,32427,35670
2023-04-05,3272,3600,3272,3600,11681,12850,2990,3290,4036,4440,35181,38700,35236,38760,32290,35520,33100,36410
2023-04-04,3318,3650,3309,3640,11918,13110,2990,3290,4136,4550,36600,40260,36645,40310,32663,35930,33472,36820
2023-04-03,3309,3640,3299,3630,11899,13090,2963,3260,4118,4530,35963,39560,36009,39610,32918,36210,33718,37090
2023-03-31,3272,3600,3272,3600,11899,13090,3009,3310,4127,4540,36009,39610,36100,39710,32154,35370,32809,36090
2023-03-30,3272,3600,3272,3600,11945,13140,3027,3330,4190,4610,36018,39620,36109,39720,32981,36280,33636,37000
2023-03-29,3272,3600,3272,3600,11854,13040,2999,3300,4136,4550,35845,39430,35936,39530,33318,36650,33963,37360
2023-03-28,3254,3580,3245,3570,11854,13040,2999,3300,4109,4520,35463,39010,35554,39110,33072,36380,33727,37100
2023-03-27,3199,3520,3190,3510,11745,12920,2981,3280,4063,4470,34463,37910,34554,38010,32381,35620,33027,36330
2023-03-24,3136,3450,3136,3450,11754,12930,2936,3230,4027,4430,33300,36630,33390,36730,30699,33770,31336,34470
2023-03-23,3154,3470,3145,3460,11845,13030,3009,3310,4063,4470,32654,35920,32745,36020,31218,34340,31872,35060
2023-03-22,3136,3450,3136,3450,11699,12870,2981,3280,4072,4480,32245,35470,32336,35570,31472,34620,32136,35350
2023-03-21,3145,3460,3136,3450,11609,12770,2999,3300,4100,4510,31827,35010,31909,35100,31836,35020,32499,35750
2023-03-20,3127,3440,3118,3430,11372,12510,2918,3210,4100,4510,31354,34490,31445,34590,32418,35660,33072,36380
2023-03-17,3145,3460,3136,3450,11381,12520,2899,3190,4054,4460,31245,34370,31336,34470,32518,35770,33172,36490
2023-03-16,3127,3440,3127,3440,11263,12390,2890,3180,4027,4430,31227,34350,31318,34450,31990,35190,32636,35900
2023-03-15,3254,3580,3245,3570,11754,12930,2927,3220,4118,4530,32018,35220,32109,35320,32227,35450,32881,36170
2023-03-14,3199,3520,3199,3520,11818,13000,2899,3190,4145,4560,32054,35260,32145,35360,32118,35330,32772,36050
2023-03-13,3227,3550,3227,3550,11927,13120,2954,3250,4200,4620,32327,35560,32418,35660,32090,35300,32754,36030
2023-03-10,3254,3580,3245,3570,11890,13080,2954,3250,4245,4670,32827,36110,32918,36210,32800,36080,33454,36800
2023-03-09,3281,3610,3272,3600,11954,13150,2963,3260,4254,4680,33372,36710,33463,36810,33700,37070,34354,37790
2023-03-08,3218,3540,3209,3530,11563,12720,2899,3190,4154,4570,33363,36700,33445,36790,33354,36690,34009,37410
2023-03-07,3254,3580,3254,3580,11745,12920,2945,3240,4245,4670,33818,37200,33909,37300,33663,37030,34309,37740
2023-03-06,3299,3630,3299,3630,11863,13050,2954,3250,4318,4750,34236,37660,34327,37760,34018,37420,34672,38140
2023-03-03,3327,3660,3327,3660,11954,13150,2990,3290,4318,4750,34281,37710,34372,37810,34109,37520,34772,38250
2023-03-02,3390,3730,3381,3720,12227,13450,3036,3340,4445,4890,35472,39020,35563,39120,34954,38450,35618,39180
2023-02-28,3272,3600,3263,3590,11827,13010,2999,3300,4263,4690,35600,39160,35645,39210,35790,39370,36154,39770
2023-02-27,3181,3500,3172,3490,11545,12700,2909,3200,4172,4590,35345,38880,35400,38940,34045,37450,34400,37840
2023-02-24,3254,3580,3245,3570,11736,12910,2854,3140,4245,4670,35836,39420,35890,39480,34927,38420,35281,38810
2023-02-23,3299,3630,3299,3630,12090,13300,2936,3230,4309,4740,36936,40630,36981,40680,36500,40150,36863,40550
2023-02-22,3345,3680,3336,3670,12109,13320,2972,3270,4381,4820,37527,41280,37572,41330,37109,40820,37463,41210
2023-02-21,,,,,12009,13210,2981,3280,4372,4810,36381,40020,36436,40080,36863,40550,37218,40940
2023-02-20,,,,,11836,13020,2872,3160,4281,4710,35445,38990,35490,39040,35509,39060,35863,39450
2023-02-17,,,,,11754,12930,2790,3070,4163,4580,36518,40170,36563,40220,36000,39600,36354,39990
2023-02-16,3209,3530,3199,3520,11518,12670,2809,3090,4163,4580,35990,39590,36036,39640,35463,39010,35818,39400
2023-02-15,3227,3550,3218,3540,11527,12680,2845,3130,4209,4630,35818,39400,35863,39450,35518,39070,35863,39450
2023-02-14,,,,,11590,12750,2863,3150,4263,4690,37027,40730,37072,40780,35972,39570,36327,39960
2023-02-13,3236,3560,3236,3560,11372,12510,2809,3090,4136,4550,36400,40040,36454,40100,37109,40820,37454,41200
2023-02-10,3299,3630,3290,3620,11481,12630,2872,3160,4236,4660,36800,40480,36845,40530,38709,42580,39054,42960
2023-02-09,3272,3600,3263,3590,11372,12510,2881,3170,4254,4680,36727,40400,36772,40450,36481,40130,36818,40500
2023-02-08,3318,3650,3309,3640,11363,12500,2809,3090,4245,4670,35863,39450,35909,39500,36154,39770,36490,40140
2023-02-07,3327,3660,3318,3650,11272,12400,2809,3090,4227,4650,35581,39140,35627,39190,36090,39700,36436,40080
2023-02-06,3309,3640,3299,3630,11200,12320,2754,3030,4281,4710,36790,40470,36836,40520,37109,40820,37445,41190
2023-02-03,3345,3680,3336,3670,11209,12330,2772,3050,4418,4860,37718,41490,37763,41540,38281,42110,38618,42480
2023-02-02,3390,3730,3381,3720,11354,12490,2809,3090,4418,4860,37372,41110,37418,41160,37990,41790,38327,42160
2023-02-01,3409,3750,3409,3750,11527,12680,2809,3090,4472,4920,38254,42080,38300,42130,39318,43250,39654,43620
2023-01-31,3354,3690,3345,3680,11472,12620,2827,3110,4527,4980,38618,42480,38663,42530,37409,41150,37745,41520
2023-01-30,3409,3750,3409,3750,11581,12740,2872,3160,4490,4940,40009,44010,40054,44060,37100,40810,37436,41180
2023-01-27,3427,3770,3418,3760,11654,12820,2899,3190,4572,5030,41790,45970,41836,46020,37727,41500,38063,41870
2023-01-26,3454,3800,3445,3790,11636,12800,2845,3130,4527,4980,40036,44040,40081,44090,37454,41200,37790,41570
2023-01-25,3463,3810,3454,3800,11681,12850,2809,3090,4518,4970,39027,42930,39072,42980,37090,40800,37427,41170
2023-01-20,3372,3710,3372,3710,11654,12820,2827,3110,4536,4990,37436,41180,37490,41240,37718,41490,38054,41860
2023-01-19,3454,3800,3445,3790,11736,12910,2899,3190,4500,4950,37990,41790,38036,41840,36018,39620,36354,39990
2023-01-18,3436,3780,3427,3770,11699,12870,2963,3260,4363,4800,37181,40900,37227,40950,34609,38070,34945,38440
2023-01-17,3427,3770,3427,3770,11427,12570,2963,3260,4363,4800,37181,40900,37227,40950,35181,38700,35518,39070
2023-01-16,3409,3750,3399,3740,11581,12740,3009,3310,4418,4860,37690,41460,37736,41510,34827,38310,35163,38680
2023-01-13,3363,3700,3354,3690,11627,12790,2945,3240,4318,4750,36127,39740,36181,39800,35236,38760,35572,39130
2023-01-12,3309,3640,3309,3640,11545,12700,2963,3260,4281,4710,35390,38930,35445,38990,35254,38780,35600,39160
2023-01-11,3245,3570,3236,3560,11263,12390,2972,3270,4209,4630,34154,37570,34209,37630,35709,39280,36054,39660
2022-12-23,3245,3570,3236,3560,10772,11850,3099,3410,4045,4450,32363,35600,32409,35650,39254,43180,39572,43530
2022-12-22,3245,3570,3245,3570,10954,12050,3127,3440,4163,4580,32809,36090,32863,36150,40009,44010,40327,44360
2022-12-21,3227,3550,3218,3540,10945,12040,3054,3360,4290,4720,32736,36010,32781,36060,38536,42390,38854,42740
2022-12-20,3236,3560,3236,3560,11018,12120,3063,3370,4245,4670,32263,35490,32309,35540,37463,41210,37790,41570
2022-12-19,3263,3590,3254,3580,10945,12040,3045,3350,4254,4680,32681,35950,32727,36000,38918,42810,39245,43170
2022-12-16,3263,3590,3263,3590,10954,12050,3027,3330,4418,4860,32718,35990,32772,36050,38809,42690,39136,43050
2022-12-15,3327,3660,3318,3650,11190,12310,3045,3350,4500,4950,33445,36790,33490,36840,38663,42530,38990,42890
2022-12-14,3372,3710,3363,3700,11236,12360,3099,3410,4645,5110,34172,37590,34218,37640,38772,42650,39100,43010
2022-12-13,3318,3650,3309,3640,11081,12190,3072,3380,4590,5050,33263,36590,33309,36640,40409,44450,40736,44810
2022-12-12,3427,3770,3418,3760,11263,12390,3081,3390,4545,5000,33572,36930,33627,36990,40200,44220,40527,44580
2022-12-09,3499,3850,3490,3840,11436,12580,3127,3440,4581,5040,34481,37930,34527,37980,41154,45270,41481,45630
2022-12-08,3481,3830,3481,3830,11345,12480,3136,3450,4518,4970,34181,37600,34227,37650,43572,47930,43909,48300
2022-12-07,3509,3860,3499,3850,11254,12380,3145,3460,4463,4910,34845,38330,34890,38380,40654,44720,40981,45080
2022-12-06,3454,3800,3454,3800,10990,12090,3099,3410,4327,4760,33663,37030,33718,37090,39090,43000,39409,43350
2022-12-05,3509,3860,3509,3860,11154,12270,3072,3380,4281,4710,32309,35540,32354,35590,39563,43520,39890,43880
2022-12-02,3436,3780,3427,3770,11000,12100,3036,3340,4290,4720,32445,35690,32490,35740,37918,41710,38245,42070
2022-12-01,3472,3820,3463,3810,11045,12150,3109,3420,4300,4730,32336,35570,32381,35620,37681,41450,38009,41810
2022-11-30,3345,3680,3336,3670,10863,11950,3018,3320,4190,4610,32345,35580,32399,35640,37636,41400,37972,41770
2022-11-29,3354,3690,3345,3680,10836,11920,3027,3330,4227,4650,32063,35270,32109,35320,36372,40010,36709,40380
2022-11-28,3318,3650,3309,3640,10763,11840,2990,3290,4145,4560,31436,34580,31490,34640,35645,39210,35981,39580
2022-11-25,3336,3670,3336,3670,10836,11920,3018,3320,4145,4560,31536,34690,31590,34750,36681,40350,37009,40710
2022-11-24,3445,3790,3436,3780,10972,12070,3036,3340,4200,4620,31790,34970,31845,35030,37554,41310,37900,41690
2022-11-23,3499,3850,3499,3850,11036,12140,3027,3330,4227,4650,32127,35340,32181,35400,37336,41070,37681,41450
2022-11-22,3427,3770,3427,3770,10836,11920,3027,3330,,,30754,33830,30809,33890,35836,39420,36172,39790
2022-11-21,3463,3810,3454,3800,10990,12090,3072,3380,,,32536,35790,32581,35840,36027,39630,36363,40000
2022-11-18,3399,3740,3399,3740,11018,12120,3072,3380,,,32390,35630,32445,35690,35563,39120,35900,39490
2022-11-17,3399,3740,3390,3730,11154,12270,3072,3380,,,33509,36860,33554,36910,38518,42370,38845,42730
2022-11-16,3399,3740,3399,3740,11209,12330,3127,3440,4400,4840,33018,36320,33063,36370,41918,46110,42245,46470
2022-11-15,3454,3800,3445,3790,11290,12420,3109,3420,,,31472,34620,31527,34680,40309,44340,40636,44700
2022-11-14,3454,3800,3454,3800,11418,12560,3054,3360,,,30272,33300,30318,33350,37554,41310,37881,41670
2022-11-11,3427,3770,3418,3760,11627,12790,3099,3410,,,30318,33350,30372,33410,37854,41640,38200,42020
2022-11-10,3381,3720,3381,3720,11290,12420,3054,3360,4200,4620,29281,32210,29336,32270,35781,39360,36127,39740
2022-11-09,3509,3860,3499,3850,11472,12620,3063,3370,4363,4800,29336,32270,29390,32330,35354,38890,35709,39280
2022-11-08,3499,3850,3490,3840,11327,12460,3072,3380,,,28663,31530,28718,31590,34909,38400,35263,38790
2022-11-07,3572,3930,3572,3930,11772,12950,3063,3370,,,29018,31920,29072,31980,35972,39570,36327,39960
2022-11-04,3454,3800,3445,3790,11000,12100,3072,3380,,,27563,30320,27618,30380,34636,38100,34990,38490
2022-11-03,3418,3760,3418,3760,11045,12150,3054,3360,,,27718,30490,27772,30550,36409,40050,36763,40440
2022-11-02,3409,3750,3409,3750,11127,12240,3036,3340,4218,4640,27563,30320,27618,30380,35627,39190,35981,39580
2022-11-01,3409,3750,3399,3740,10900,11990,3036,3340,4190,4610,27218,29940,27272,30000,33218,36540,33581,36940
2022-10-31,3381,3720,3372,3710,10990,12090,3063,3370,4354,4790,27809,30590,27863,30650,34136,37550,34500,37950
2022-10-28,3481,3830,3472,3820,11272,12400,2872,3160,4518,4970,28563,31420,28618,31480,34390,37830,34745,38220
2022-10-27,3581,3940,3572,3930,11418,12560,2927,3220,4563,5020,28736,31610,28790,31670,35036,38540,35390,38930
2022-10-26,3427,3770,3418,3760,11100,12210,2918,3210,4518,4970,28527,31380,28581,31440,34681,38150,35036,38540
2022-10-25,3354,3690,3354,3690,11236,12360,2963,3260,4636,5100,28627,31490,28690,31560,34763,38240,35127,38640
2022-10-24,3399,3740,3399,3740,11281,12410,2972,3270,4590,5050,28609,31470,28663,31530,34336,37770,34690,38160
2022-10-21,3399,3740,3390,3730,11118,12230,3090,3400,4609,5070,29745,32720,29799,32780,34518,37970,34872,38360
2022-10-20,3327,3660,3318,3650,10800,11880,3099,3410,4463,4910,29490,32440,29545,32500,33963,37360,34318,37750
2022-10-19,3354,3690,3345,3680,10809,11890,3136,3450,4390,4830,29663,32630,29718,32690,33763,37140,34127,37540
2022-10-18,3454,3800,3445,3790,11136,12250,3181,3500,4445,4890,30254,33280,30309,33340,33600,36960,33954,37350
2022-10-17,3545,3900,3536,3890,11090,12200,3181,3500,4554,5010,30609,33670,30663,33730,33790,37170,34154,37570
2022-10-14,3627,3990,3618,3980,11136,12250,3209,3530,4518,4970,30927,34020,30981,34080,34772,38250,35136,38650
2022-10-13,3554,3910,3545,3900,11045,12150,3172,3490,4481,4930,30399,33440,30454,33500,34400,37840,34754,38230
2022-10-12,3463,3810,3454,3800,11163,12280,3172,3490,4527,4980,31227,34350,31281,34410,34318,37750,34681,38150
2022-10-11,3445,3790,3436,3780,10945,12040,3072,3380,4500,4950,30536,33590,30590,33650,34290,37720,34645,38110
2022-10-07,3536,3890,3527,3880,10890,11980,3136,3450,4700,5170,30354,33390,30409,33450,34590,38050,34936,38430
2022-10-06,3554,3910,3545,3900,11054,12160,3145,3460,4636,5100,30745,33820,30799,33880,34509,37960,34854,38340
2022-10-05,3590,3950,3590,3950,11290,12420,3009,3310,4681,5150,30936,34030,30990,34090,34136,37550,34490,37940
2022-10-04,3418,3760,3409,3750,11036,12140,2881,3170,4581,5040,30799,33880,30854,33940,33090,36400,33445,36790
2022-09-30,3390,3730,3381,3720,11172,12290,2954,3250,4554,5010,31699,34870,31790,34970,34890,38380,35245,38770
2022-09-29,3272,3600,3263,3590,11000,12100,2881,3170,4427,4870,32018,35220,32109,35320,34109,37520,34472,37920
2022-09-28,3218,3540,3209,3530,10718,11790,2718,2990,4381,4820,31518,34670,31599,34760,33718,37090,34072,37480
2022-09-27,3272,3600,3272,3600,10800,11880,2736,3010,4500,4950,31681,34850,31772,34950,34400,37840,34763,38240
2022-09-26,3263,3590,3263,3590,10763,11840,2763,3040,4545,5000,30654,33720,30736,33810,35654,39220,36000,39600
2022-09-23,3363,3700,3354,3690,11072,12180,2836,3120,4690,5160,32718,35990,32800,36080,37336,41070,37690,41460
2022-09-22,3272,3600,3263,3590,10972,12070,2781,3060,4627,5090,31672,34840,31754,34930,37481,41230,37827,41610
2022-09-21,3327,3660,3318,3650,11036,12140,2827,3110,4654,5120,31599,34760,31681,34850,37400,41140,37745,41520
2022-09-20,3354,3690,3345,3680,11072,12180,2845,3130,4700,5170,31381,34520,31463,34610,37009,40710,37363,41100
2022-09-19,3381,3720,3381,3720,11090,12200,2845,3130,4709,5180,31545,34700,31636,34800,36409,40050,36754,40430
2022-09-16,3463,3810,3463,3810,11100,12210,2899,3190,4772,5250,31254,34380,31336,34470,34972,38470,35327,38860
2022-09-15,3399,3740,3390,3730,11145,12260,2963,3260,4818,5300,31727,34900,31809,34990,36418,40060,36772,40450
2022-09-14,3418,3760,3409,3750,11145,12260,2918,3210,4745,5220,31590,34750,31672,34840,36063,39670,36409,40050
2022-09-13,3390,3730,3381,3720,11318,12450,2927,3220,4718,5190,31872,35060,31954,35150,36645,40310,36990,40690
2022-09-08,3336,3670,3336,3670,10818,11900,2872,3160,4645,5110,31145,34260,31227,34350,32554,35810,32900,36190
2022-09-07,3354,3690,3345,3680,10790,11870,2836,3120,4681,5150,31327,34460,31409,34550,32272,35500,32618,35880
2022-09-06,3399,3740,3390,3730,10763,11840,2809,3090,4727,5200,31881,35070,31963,35160,32118,35330,32463,35710
2022-09-05,3390,3730,3381,3720,10645,11710,2809,3090,4609,5070,31045,34150,31127,34240,30618,33680,30954,34050
2022-09-02,3372,3710,3363,3700,10527,11580,2809,3090,4781,5260,30727,33800,30809,33890,30136,33150,30472,33520
2022-09-01,3418,3760,3418,3760,10654,11720,2836,3120,5000,5500,32663,35930,32745,36020,31190,34310,31527,34680
2022-08-31,3472,3820,3472,3820,10772,11850,2890,3180,5081,5590,34109,37520,34190,37610,30827,33910,30954,34050
2022-08-30,3627,3990,3618,3980,11209,12330,2899,3190,5209,5730,35727,39300,35809,39390,31272,34400,31399,34540
2022-08-29,3572,3930,3563,3920,11045,12150,2863,3150,5127,5640,35218,38740,35300,38830,30827,33910,30954,34050
2022-08-26,3499,3850,3499,3850,11054,12160,2854,3140,5118,5630,34718,38190,34800,38280,30963,34060,31090,34200
2022-08-25,3518,3870,3509,3860,10963,12060,2863,3150,5090,5600,34845,38330,34927,38420,30699,33770,30827,33910
2022-08-24,3527,3880,3518,3870,11145,12260,2872,3160,5054,5560,35236,38760,35318,38850,31309,34440,31436,34580
2022-08-23,3463,3810,3454,3800,10963,12060,2909,3200,5045,5550,35045,38550,35127,38640,31981,35180,32109,35320
2022-08-22,3409,3750,3409,3750,10881,11970,2918,3210,4981,5480,35163,38680,35245,38770,31545,34700,31672,34840
2022-08-19,3409,3750,3409,3750,10772,11850,2945,3240,4936,5430,34754,38230,34827,38310,30799,33880,30927,34020
2022-08-18,3390,3730,3390,3730,10527,11580,2981,3280,4963,5460,34554,38010,34636,38100,30690,33760,30818,33900
2022-08-17,3363,3700,3354,3690,10572,11630,3036,3340,5181,5700,34445,37890,34518,37970,31099,34210,31227,34350
2022-08-16,3345,3680,3345,3680,10527,11580,3045,3350,5018,5520,34418,37860,34500,37950,30672,33740,30799,33880
2022-08-12,3527,3880,3518,3870,10781,11860,3090,3400,5200,5720,35254,38780,35327,38860,32836,36120,32963,36260
2022-08-11,3509,3860,3499,3850,10736,11810,3081,3390,5127,5640,34363,37800,34445,37890,31499,34650,31627,34790
2022-08-10,3509,3860,3509,3860,10554,11610,3054,3360,5054,5560,34009,37410,34090,37500,30145,33160,30263,33290
2022-08-09,3454,3800,3454,3800,10572,11630,3072,3380,4909,5400,33900,37290,33981,37380,30345,33380,30472,33520
2022-08-08,3399,3740,3390,3730,10345,11380,2936,3230,4936,5430,33927,37320,34009,37410,30854,33940,30981,34080
2022-08-05,3409,3750,3399,3740,10254,11280,2890,3180,4954,5450,34427,37870,34509,37960,31118,34230,31245,34370
2022-08-04,3372,3710,3363,3700,10190,11210,2863,3150,4709,5180,34027,37430,34109,37520,31309,34440,31427,34570
2022-08-03,3409,3750,3399,3740,10327,11360,2890,3180,4718,5190,33863,37250,33936,37330,31381,34520,31509,34660
2022-08-02,3436,3780,3427,3770,10336,11370,2899,3190,4754,5230,34690,38160,34772,38250,32781,36060,32909,36200
2022-08-01,3499,3850,3499,3850,10445,11490,2863,3150,4700,5170,34727,38200,34800,38280,32736,36010,32854,36140
2022-07-29,3436,3780,3436,3780,10245,11270,2818,3100,4490,4940,33718,37090,33800,37180,30954,34050,31072,34180
2022-07-28,3436,3780,3436,3780,10200,11220,2881,3170,4390,4830,34245,37670,34327,37760,31190,34310,31318,34450
2022-07-27,3427,3770,3418,3760,10009,11010,2890,3180,4363,4800,34236,37660,34309,37740,30736,33810,30863,33950
2022-07-26,3409,3750,3409,3750,9981,10980,2872,3160,4281,4710,34790,38270,34863,38350,31754,34930,31872,35060
2022-07-25,3509,3860,3499,3850,9936,10930,2890,3180,4290,4720,35209,38730,35290,38820,31609,34770,31736,34910
2022-07-22,3418,3760,3409,3750,9727,10700,2872,3160,4181,4600,34963,38460,35045,38550,30636,33700,30763,33840
2022-07-21,3445,3790,3436,3780,9836,10820,2918,3210,4309,4740,34918,38410,35000,38500,30363,33400,30481,33530
2022-07-20,3372,3710,3363,3700,9709,10680,2845,3130,4245,4670,34990,38490,35072,38580,29599,32560,29727,32700
2022-07-19,3427,3770,3418,3760,9945,10940,2881,3170,4336,4770,34881,38370,34963,38460,29772,32750,29899,32890
2022-07-18,3336,3670,3327,3660,9700,10670,2836,3120,4209,4630,35318,38850,35390,38930,28281,31110,28409,31250
2022-07-15,3299,3630,3290,3620,9572,10530,2663,2930,4136,4550,34200,37620,34281,37710,27999,30800,28127,30940
2022-07-14,3309,3640,3299,3630,9736,10710,2800,3080,4227,4650,35518,39070,35600,39160,30172,33190,30299,33330
2022-07-13,3336,3670,3327,3660,9800,10780,2818,3100,4354,4790,35872,39460,35954,39550,30590,33650,30718,33790
2022-07-12,3336,3670,3327,3660,10054,11060,2790,3070,4345,4780,36536,40190,36618,40280,31018,34120,31136,34250
2022-07-11,3399,3740,3399,3740,10318,11350,2736,3010,4372,4810,35263,38790,35336,38870,30572,33630,30690,33760
2022-07-08,3409,3750,3409,3750,10345,11380,2800,3080,4400,4840,36045,39650,36127,39740,30499,33550,30618,33680
2022-07-07,3372,3710,3372,3710,9981,10980,2827,3110,4236,4660,34500,37950,34581,38040,31054,34160,31181,34300
2022-07-06,3336,3670,3327,3660,10136,11150,2772,3050,4209,4630,36090,39700,36172,39790,31963,35160,32054,35260
2022-07-05,3427,3770,3418,3760,10554,11610,2772,3050,,,36836,40520,36918,40610,31709,34880,31799,34980
2022-07-04,3399,3740,3390,3730,10609,11670,2736,3010,4245,4670,36900,40590,36981,40680,30827,33910,30918,34010
2022-07-01,3399,3740,3390,3730,10900,11990,2700,2970,4390,4830,36672,40340,36745,40420,31990,35190,32090,35300
2022-06-30,3445,3790,3445,3790,11090,12200,2709,2980,4681,5150,37290,41020,37372,41110,33454,36800,33545,36900
2022-06-29,3427,3770,3427,3770,10909,12000,2736,3010,4618,5080,36872,40560,36954,40650,32236,35460,32327,35560
2022-06-28,3445,3790,3436,3780,11009,12110,2790,3070,4627,5090,37290,41020,37372,41110,31963,35160,32054,35260
2022-06-27,3427,3770,3427,3770,11063,12170,2700,2970,4800,5280,34572,38030,34654,38120,31618,34780,31718,34890
2022-06-24,3472,3820,3472,3820,11109,12220,2745,3020,5100,5610,37618,41380,37700,41470,33836,37220,33936,37330
2022-06-23,3463,3810,3454,3800,11563,12720,2836,3120,5072,5580,40045,44050,40118,44130,34236,37660,34327,37760
2022-06-22,3527,3880,3518,3870,11818,13000,2881,3170,5063,5570,42881,47170,42954,47250,36090,39700,36181,39800
2022-06-21,3509,3860,3499,3850,11799,12980,2881,3170,4918,5410,42109,46320,42190,46410,35763,39340,35854,39440
2022-06-20,3454,3800,3445,3790,11727,12900,2854,3140,4872,5360,42481,46730,42563,46820,35509,39060,35600,39160
2022-06-17,3454,3800,3445,3790,11854,13040,2899,3190,4936,5430,43527,47880,43600,47960,34936,38430,35027,38530
2022-06-16,3581,3940,3572,3930,12081,13290,2881,3170,5045,5550,44254,48680,44327,48760,35827,39410,35918,39510
2022-06-15,3536,3890,3527,3880,12036,13240,2863,3150,4936,5430,42409,46650,42481,46730,34936,38430,35027,38530
2022-06-14,3581,3940,3572,3930,12099,13310,2890,3180,4927,5420,44654,49120,44736,49210,35745,39320,35836,39420
2022-06-13,3590,3950,3590,3950,12163,13380,2927,3220,4972,5470,47154,51870,47236,51960,37045,40750,37136,40850
2022-06-10,3681,4050,3672,4040,12272,13500,2972,3270,5018,5520,48536,53390,48609,53470,37645,41410,37736,41510
2022-06-09,3736,4110,3736,4110,12381,13620,3009,3310,5090,5600,48981,53880,49054,53960,38600,42460,38681,42550
2022-06-08,3699,4070,3690,4060,12372,13610,2999,3300,5045,5550,47881,52670,47954,52750,39509,43460,39590,43550
2022-06-07,3663,4030,3654,4020,12281,13510,2945,3240,5081,5590,46681,51350,46754,51430,39318,43250,39400,43340
2022-06-03,3618,3980,3618,3980,12072,13280,2918,3210,5127,5640,46072,50680,46145,50760,37654,41420,37736,41510
2022-06-02,3581,3940,3572,3930,11927,13120,2881,3170,5072,5580,45527,50080,45599,50160,37200,40920,37281,41010
2022-05-31,3781,4160,3772,4150,11990,13190,2899,3190,5109,5620,45172,49690,45245,49770,38700,42570,38781,42660
2022-05-30,3818,4200,3809,4190,12054,13260,2927,3220,5109,5620,45172,49690,45245,49770,37990,41790,38072,41880
2022-05-27,3845,4230,3836,4220,12018,13220,2899,3190,5000,5500,44972,49470,45045,49550,36945,40640,37036,40740
2022-05-26,3845,4230,3845,4230,12027,13230,2863,3150,5000,5500,45399,49940,45472,50020,36336,39970,36427,40070
2022-05-25,3890,4280,3881,4270,12154,13370,2963,3260,5063,5570,45636,50200,45718,50290,36100,39710,36181,39800
2022-05-24,3954,4350,3945,4340,12299,13530,2999,3300,5063,5570,46118,50730,46190,50810,37545,41300,37627,41390
2022-05-23,3972,4370,3963,4360,12163,13380,2999,3300,4981,5480,46345,50980,46427,51070,37981,41780,38063,41870
2022-05-20,3954,4350,3945,4340,12263,13490,2854,3140,5027,5530,46081,50690,46154,50770,38600,42460,38690,42560
2022-05-19,3845,4230,3836,4220,11890,13080,2809,3090,4854,5340,44154,48570,44227,48650,35609,39170,35690,39260
2022-05-18,3899,4290,3899,4290,12145,13360,2881,3170,4927,5420,45781,50360,45863,50450,36127,39740,36209,39830
2022-05-17,3854,4240,3845,4230,12063,13270,2890,3180,4836,5320,45772,50350,45854,50440,36536,40190,36627,40290
2022-05-16,3799,4180,3790,4170,11972,13170,2854,3140,4745,5220,45218,49740,45290,49820,37472,41220,37554,41310
2022-05-13,3745,4120,3736,4110,11909,13100,2909,3200,4818,5300,45836,50420,45909,50500,38309,42140,38400,42240
2022-05-12,3745,4120,3745,4120,12118,13330,2909,3200,4954,5450,47918,52710,47999,52800,37900,41690,37990,41790
2022-05-11,3718,4090,3718,4090,11963,13160,2909,3200,4863,5350,47654,52420,47727,52500,38700,42570,38781,42660
2022-05-10,3709,4080,3709,4080,11954,13150,2954,3250,4872,5360,49636,54600,49709,54680,38327,42160,38409,42250
2022-05-09,3827,4210,3818,4200,12154,13370,3054,3360,5072,5580,52399,57640,52481,57730,40709,44780,40790,44870
2022-05-06,3899,4290,3890,4280,12227,13450,3090,3400,5227,5750,53681,59050,53763,59140,40554,44610,40636,44700
2022-05-04,3890,4280,3890,4280,12099,13310,3072,3380,5318,5850,53518,58870,53590,58950,41718,45890,41800,45980
2022-05-03,4081,4490,4081,4490,12536,13790,3081,3390,5509,6060,53499,58850,53581,58940,42681,46950,42763,47040
2022-05-02,4054,4460,4045,4450,12445,13690,3063,3370,5472,6020,53109,58420,53190,58510,42372,46610,42454,46700
2022-04-29,4090,4500,4072,4480,12509,13760,3090,3400,5600,6160,53645,59010,53718,59090,44436,48880,44518,48970
2022-04-28,4154,4570,4136,4550,12645,13910,3109,3420,5672,6240,53254,58580,53336,58670,44618,49080,44700,49170
2022-04-27,4063,4470,4045,4450,12499,13750,3118,3430,5563,6120,53172,58490,53245,58570,43827,48210,43909,48300
2022-04-26,4100,4510,4072,4480,12390,13630,3127,3440,5536,6090,52245,57470,52318,57550,43236,47560,43318,47650
2022-04-25,4263,4690,4245,4670,12690,13960,3181,3500,5827,6410,54709,60180,54781,60260,43436,47780,43518,47870
2022-04-22,4327,4760,4309,4740,12890,14180,3190,3510,5836,6420,55536,61090,55609,61170,44436,48880,44509,48960
2022-04-21,4272,4700,4254,4680,12763,14040,3209,3530,5781,6360,55490,61040,55572,61130,43818,48200,43900,48290
2022-04-20,4272,4700,4245,4670,12881,14170,3245,3570,5899,6490,55545,61100,55618,61180,44154,48570,44236,48660
2022-04-19,4290,4720,4272,4700,12872,14160,3227,3550,5772,6350,55463,61010,55536,61090,43363,47700,43445,47790
2022-04-18,4272,4700,4254,4680,12827,14110,3218,3540,5754,6330,55245,60770,55327,60860,43190,47510,43272,47600
2022-04-15,4254,4680,4236,4660,12772,14050,3209,3530,5727,6300,55027,60530,55099,60610,43027,47330,43100,47410
2022-04-14,4190,4610,4172,4590,12790,14070,3227,3550,5809,6390,55663,61230,55736,61310,42900,47190,42972,47270
2022-04-13,4254,4680,4236,4660,12927,14220,3190,3510,5709,6280,55290,60820,55363,60900,42572,46830,42654,46920
2022-04-12,4218,4640,4200,4620,12718,13990,3154,3470,5590,6150,55990,61590,56072,61680,42481,46730,42563,46820
2022-04-11,4354,4790,4336,4770,12790,14070,3145,3460,5527,6080,56018,61620,56090,61700,43927,48320,44000,48400
2022-04-08,4345,4780,4327,4760,12736,14010,3118,3430,5372,5910,55490,61040,55572,61130,43518,47870,43600,47960
2022-04-07,4409,4850,4390,4830,12690,13960,3136,3450,5481,6030,55827,61410,55899,61490,43190,47510,43272,47600
2022-04-06,4427,4870,4409,4850,12809,14090,3154,3470,5500,6050,56263,61890,56336,61970,42309,46540,42390,46630
2022-04-05,4409,4850,4390,4830,12854,14140,3154,3470,5618,6180,56563,62220,56636,62300,42281,46510,42363,46600
2022-04-04,4427,4870,4409,4850,12736,14010,3190,3510,5609,6170,57690,63460,57763,63540,42300,46530,42381,46620
2022-04-01,4472,4920,4445,4890,12727,14000,3145,3460,5372,5910,55118,60630,55190,60710,40818,44900,40900,44990
2022-03-31,4536,4990,4527,4980,12709,13980,3145,3460,5290,5820,54536,59990,54609,60070,41754,45930,41827,46010
2022-03-30,4427,4870,4418,4860,12763,14040,3127,3440,5163,5680,54327,59760,54399,59840,40681,44750,40763,44840
2022-03-29,4672,5140,4663,5130,12872,14160,3136,3450,5281,5810,54599,60060,54672,60140,42100,46310,42181,46400
2022-03-28,4636,5100,4636,5100,12672,13940,3081,3390,5218,5740,53809,59190,53881,59270,45163,49680,45245,49770
2022-03-25,4654,5120,4654,5120,12763,14040,3036,3340,5181,5700,54381,59820,54454,59900,47299,52030,47381,52120
2022-03-24,4681,5150,4681,5150,12854,14140,3109,3420,5272,5800,53299,58630,53372,58710,41218,45340,41290,45420
2022-03-23,4509,4960,4509,4960,12672,13940,2990,3290,5000,5500,52554,57810,52627,57890,36227,39850,36309,39940
2022-03-22,4518,4970,4518,4970,12690,13960,2936,3230,5045,5550,52818,58100,52899,58190,40336,44370,40418,44460
2022-03-21,4309,4740,4309,4740,12645,13910,2909,3200,4863,5350,53099,58410,53172,58490,46736,51410,46818,51500
2022-03-18,4345,4780,4345,4780,12599,13860,2927,3220,4900,5390,52681,57950,52754,58030,53118,58430,53199,58520
2022-03-17,4254,4680,4254,4680,12609,13870,2981,3280,4954,5450,54272,59700,54345,59780,,,,
2022-03-16,4290,4720,4290,4720,12436,13680,2972,3270,4945,5440,55490,61040,55563,61120,,,,
2022-03-15,4336,4770,4336,4770,12472,13720,3009,3310,4954,5450,54909,60400,54981,60480,,,,
2022-03-14,4518,4970,4518,4970,12690,13960,3054,3360,4927,5420,56427,62070,56499,62150,,,,
2022-03-11,4445,4890,4445,4890,12581,13840,3081,3390,4963,5460,55799,61380,55872,61460,,,,
2022-03-10,4363,4800,4363,4800,12509,13760,3163,3480,5090,5600,56809,62490,56881,62570,,,,
2022-03-08,4836,5320,4836,5320,12763,14040,3218,3540,5318,5850,59636,65600,59709,65680,61109,67220,61190,67310
2022-03-07,4963,5460,4963,5460,13172,14490,3199,3520,5190,5710,59981,65980,60054,66060,37872,41660,37954,41750
2022-03-04,4754,5230,4754,5230,12681,13950,3109,3420,4981,5480,58118,63930,58190,64010,35127,38640,35209,38730
2022-03-03,4581,5040,4572,5030,12472,13720,3109,3420,4918,5410,57281,63010,57354,63090,33854,37240,33927,37320
2022-03-02,4463,4910,4463,4910,12309,13540,3109,3420,4772,5250,57299,63030,57372,63110,32627,35890,32699,35970
2022-02-28,4327,4760,4327,4760,12090,13300,3063,3370,4600,5060,55763,61340,55836,61420,31745,34920,31818,35000
2022-02-25,4390,4830,4381,4820,12099,13310,3036,3340,4636,5100,56654,62320,56727,62400,32236,35460,32318,35550
2022-02-24,4218,4640,4218,4640,11999,13200,2999,3300,4500,4950,55818,61400,55890,61480,31590,34750,31663,34830
2022-02-23,4245,4670,4236,4660,12054,13260,3009,3310,4554,5010,55127,60640,55199,60720,31945,35140,32018,35220
2022-02-22,4218,4640,4218,4640,12036,13240,2999,3300,4500,4950,54818,60300,54890,60380,31527,34680,31609,34770
2022-02-21,4200,4620,4200,4620,12145,13360,3036,3340,4536,4990,54927,60420,54999,60500,31318,34450,31390,34530
2022-02-18,4227,4650,4218,4640,12127,13340,3036,3340,4572,5030,54590,60050,54663,60130,30918,34010,30999,34100
2022-02-17,4200,4620,4190,4610,12190,13410,3027,3330,4536,4990,54427,59870,54499,59950,30290,33320,30372,33410
2022-02-16,4136,4550,4136,4550,12181,13400,2999,3300,4527,4980,54172,59590,54245,59670,30172,33190,30254,33280
2022-02-15,4145,4560,4145,4560,12063,13270,2963,3260,4481,4930,53627,58990,53699,59070,29899,32890,29981,32980
2022-02-14,4027,4430,4027,4430,12036,13240,2954,3250,4572,5030,54354,59790,54427,59870,29899,32890,29981,32980
2022-02-11,4163,4580,4163,4580,12509,13760,2954,3250,4663,5130,55045,60550,55118,60630,30463,33510,30545,33600
2022-02-10,4181,4600,4181,4600,12263,13490,2909,3200,4590,5050,53727,59100,53799,59180,30090,33100,30163,33180
2022-02-09,4109,4520,4100,4510,11927,13120,2854,3140,4536,4990,53563,58920,53636,59000,29463,32410,29536,32490
2022-02-08,4063,4470,4063,4470,11954,13150,2854,3140,4581,5040,53763,59140,53836,59220,30490,33540,30563,33620
2022-02-07,3963,4360,3963,4360,11990,13190,2836,3120,4554,5010,53727,59100,53799,59180,29881,32870,29963,32960
2022-02-04,3972,4370,3963,4360,12081,13290,2863,3150,4572,5030,54027,59430,54099,59510,29918,32910,29990,32990
2022-02-03,3881,4270,3872,4260,12081,13290,2918,3210,4590,5050,54227,59650,54299,59730,30018,33020,30090,33100
2022-01-28,3999,4400,3990,4390,12009,13210,3009,3310,4627,5090,52709,57980,52781,58060,29309,32240,29390,32330
2022-01-27,3972,4370,3963,4360,12099,13310,2999,3300,4572,5030,52845,58130,52918,58210,29490,32440,29572,32530
2022-01-26,3972,4370,3963,4360,11963,13160,3027,3330,4536,4990,51827,57010,51899,57090,28981,31880,29063,31970
2022-01-25,3890,4280,3881,4270,11854,13040,3045,3350,4563,5020,53127,58440,53199,58520,29009,31910,29090,32000
2022-01-24,3899,4290,3881,4270,12099,13310,3054,3360,4618,5080,54836,60320,54909,60400,30918,34010,30999,34100
2022-01-21,3990,4390,3972,4370,12118,13330,3018,3320,4609,5070,54399,59840,54463,59910,30590,33650,30663,33730
2022-01-20,3899,4290,3881,4270,11927,13120,3036,3340,4518,4970,53418,58760,53490,58840,29863,32850,29945,32940
2022-01-19,3854,4240,3845,4230,11699,12870,2972,3270,4490,4940,52454,57700,52527,57780,28581,31440,28663,31530
2022-01-18,3836,4220,3818,4200,11799,12980,3027,3330,4427,4870,51381,56520,51454,56600,28781,31660,28863,31750
2022-01-17,3781,4160,3772,4150,11727,12900,3018,3320,4427,4870,50027,55030,50099,55110,28672,31540,28745,31620
2022-01-14,3745,4120,3727,4100,12018,13220,3027,3330,4481,4930,50236,55260,50309,55340,28490,31340,28572,31430
2022-01-13,3790,4170,3772,4150,12172,13390,3018,3320,4472,4920,51345,56480,51418,56560,28336,31170,28418,31260
2022-01-12,3790,4170,3772,4150,11809,12990,2981,3280,4500,4950,50436,55480,50509,55560,28145,30960,28227,31050
2021-12-24,3590,3950,3581,3940,11618,12780,2936,3230,4481,4930,,,,,,,24972,27470
2021-12-23,3572,3930,3563,3920,11654,12820,2999,3300,4500,4950,48163,52980,48227,53050,,,24990,27490
2021-12-22,3490,3840,3472,3820,11572,12730,2972,3270,4372,4810,48090,52900,48163,52980,,,24609,27070
2021-12-21,3381,3720,3363,3700,11436,12580,2963,3260,4263,4690,47254,51980,47318,52050,,,24218,26640
2021-12-20,3427,3770,3409,3750,11345,12480,2954,3250,4290,4720,46999,51700,47072,51780,,,24409,26850
2021-12-17,3363,3700,3354,3690,11445,12590,2963,3260,4345,4780,47527,52280,47599,52360,,,24454,26900
2021-12-16,3281,3610,3272,3600,11090,12200,2945,3240,4145,4560,46709,51380,46781,51460,,,23799,26180
2021-12-15,3327,3660,3318,3650,11290,12420,2936,3230,4163,4580,47318,52050,47390,52130,24109,26520,24209,26630
2021-12-14,3372,3710,3363,3700,11309,12440,2945,3240,4190,4610,47199,51920,47272,52000,24363,26800,24463,26910
2021-12-13,3309,3640,3299,3630,11399,12540,2936,3230,4200,4620,48181,53000,48254,53080,24445,26890,24545,27000
2021-12-10,3309,3640,3290,3620,11372,12510,2918,3210,4154,4570,48090,52900,48163,52980,24436,26880,24536,26990
2021-12-09,3318,3650,3299,3630,11518,12670,2981,3280,4163,4580,48063,52870,48136,52950,24945,27440,25045,27550
2021-12-08,3336,3670,3318,3650,11499,12650,2800,3080,4118,4530,47499,52250,47563,52320,24972,27470,25072,27580
2021-12-07,3299,3630,3281,3610,11472,12620,2818,3100,4063,4470,47545,52300,47618,52380,24599,27060,24699,27170
2021-12-06,3336,3670,3318,3650,11363,12500,2836,3120,4063,4470,48236,53060,48309,53140,24790,27270,24881,27370
2021-12-03,3299,3630,3281,3610,11445,12590,2881,3170,4036,4440,47754,52530,47827,52610,24572,27030,24672,27140
2021-12-02,3381,3720,3372,3710,11354,12490,2954,3250,4090,4500,48199,53020,48272,53100,24627,27090,24727,27200
2021-12-01,3354,3690,3336,3670,11481,12630,2963,3260,4145,4560,48554,53410,48627,53490,24754,27230,24854,27340
2021-11-30,3372,3710,3354,3690,11681,12850,2963,3260,4172,4590,48909,53800,48981,53880,25236,27760,25336,27870
2021-11-29,3363,3700,3345,3680,11572,12730,2963,3260,4200,4620,48418,53260,48490,53340,24945,27440,25045,27550
2021-11-26,3472,3820,3454,3800,11927,13120,2954,3250,4272,4700,49681,54650,49754,54730,25818,28400,25918,28510
2021-11-25,3436,3780,3418,3760,11890,13080,2927,3220,4254,4680,49918,54910,49990,54990,25945,28540,26045,28650
2021-11-24,3399,3740,3381,3720,11818,13000,2909,3200,4245,4670,48718,53590,48790,53670,25363,27900,25463,28010
2021-11-23,3418,3760,3399,3740,11809,12990,2899,3190,4263,4690,48436,53280,48509,53360,25272,27800,25372,27910
2021-11-22,3409,3750,3390,3730,11709,12880,2836,3120,4118,4530,48118,52930,48190,53010,24899,27390,24999,27500
2021-11-19,3336,3670,3318,3650,11372,12510,2818,3100,3999,4400,48036,52840,48109,52920,24299,26730,24399,26840
2021-11-18,3327,3660,3318,3650,11290,12420,2863,3150,4036,4440,47509,52260,47572,52330,23972,26370,24072,26480
2021-11-17,3272,3600,3254,3580,11445,12590,2936,3230,4045,4450,46909,51600,46981,51680,23681,26050,24072,26480
2021-11-16,3354,3690,3336,3670,11581,12740,2981,3280,4036,4440,46890,51580,46963,51660,23981,26380,24381,26820
2021-11-15,3409,3750,3390,3730,11754,12930,3027,3330,4090,4500,47272,52000,47345,52080,24436,26880,24836,27320
2021-11-12,,,,,11736,12910,3036,3340,4118,4530,47172,51890,47245,51970,24163,26580,24563,27020
2021-11-11,,,,,11609,12770,2999,3300,4145,4560,46663,51330,46736,51410,24163,26580,24554,27010
2021-11-10,3209,3530,3190,3510,11645,12810,2981,3280,4118,4530,46718,51390,46781,51460,23645,26010,24036,26440
2021-11-09,,,,,11872,13060,3036,3340,4136,4550,46645,51310,46709,51380,24009,26410,24409,26850
2021-11-08,,,,,11709,12880,3018,3320,4100,4510,46336,50970,46409,51050,23809,26190,24199,26620
2021-11-05,,,,,11618,12780,3018,3320,4109,4520,45472,50020,45536,50090,23418,25760,23818,26200
2021-11-04,,,3327,3660,11554,12710,3045,3350,4190,4610,46409,51050,46472,51120,23445,25790,23845,26230
2021-11-03,3363,3700,3345,3680,11627,12790,3018,3320,4200,4620,45654,50220,45727,50300,23836,26220,24227,26650
2021-11-02,,,3390,3730,11909,13100,3045,3350,4236,4660,46472,51120,46545,51200,24009,26410,24399,26840
2021-11-01,,,3363,3700,11609,12770,3036,3340,4254,4680,46763,51440,46827,51510,23536,25890,23927,26320
2021-10-29,3409,3750,3399,3740,11654,12820,3090,3400,4236,4660,44409,48850,44472,48920,23699,26070,24090,26500
2021-10-28,3327,3660,3318,3650,11436,12580,3036,3340,4181,4600,43790,48170,43854,48240,23527,25880,23918,26310
2021-10-27,3499,3850,3490,3840,11754,12930,3081,3390,4272,4700,46127,50740,46199,50820,24281,26710,24672,27140
2021-10-26,,,3545,3900,11899,13090,3090,3400,4318,4750,46418,51060,46481,51130,24627,27090,25018,27520
2021-10-25,3572,3930,3563,3920,11736,12910,3109,3420,4345,4780,46399,51040,46463,51110,24063,26470,24454,26900
2021-10-22,3627,3990,3618,3980,11999,13200,3063,3370,4318,4750,46181,50800,46254,50880,24254,26680,24645,27110
2021-10-21,3799,4180,3790,4170,12436,13680,3090,3400,4454,4900,47018,51720,47081,51790,25399,27940,25790,28370
2021-10-20,3863,4250,3854,4240,12499,13750,3036,3340,4372,4810,46481,51130,46554,51210,24418,26860,24809,27290
2021-10-19,3954,4350,3945,4340,13554,14910,3099,3410,4663,5130,47154,51870,47227,51950,24490,26940,24890,27380
2021-10-18,3936,4330,3927,4320,12590,13850,3045,3350,4781,5260,46209,50830,46272,50900,24418,26860,24809,27290
2021-10-15,3890,4280,3881,4270,12154,13370,2999,3300,4454,4900,45718,50290,45790,50370,23618,25980,24018,26420
2021-10-14,3863,4250,3845,4230,11781,12960,2972,3270,4318,4750,45563,50120,45636,50200,23299,25630,23699,26070
2021-10-13,3872,4260,3863,4250,11545,12700,2909,3200,4145,4560,45745,50320,45818,50400,23463,25810,23863,26250
2021-10-12,3854,4240,3845,4230,11609,12770,2936,3230,4081,4490,45481,50030,45554,50110,23554,25910,23954,26350
2021-10-08,3699,4070,3690,4060,11190,12310,2854,3140,3845,4230,43981,48380,44054,48460,22427,24670,22827,25110
2021-10-07,3654,4020,3645,4010,10927,12020,2818,3100,3809,4190,44127,48540,44190,48610,22236,24460,22627,24890
2021-10-06,3672,4040,3654,4020,11036,12140,2818,3100,3836,4220,43890,48280,43963,48360,22245,24470,22636,24900
2021-10-05,3663,4030,3645,4010,11136,12250,2809,3090,3799,4180,43118,47430,43190,47510,22000,24200,22390,24630
2021-10-01,3581,3940,3572,3930,10718,11790,2718,2990,3745,4120,42527,46780,42590,46850,21936,24130,22327,24560
2021-09-30,3636,4000,3618,3980,10836,11920,2754,3030,3781,4160,43827,48210,43900,48290,22400,24640,22409,24650
2021-09-29,3681,4050,3663,4030,10981,12080,2809,3090,3818,4200,44218,48640,44290,48720,22709,24980,22709,24980
2021-09-28,3581,3940,3563,3920,11018,12120,2772,3050,3781,4160,43127,47440,43190,47510,23018,25320,23018,25320
2021-09-27,3618,3980,3599,3960,10981,12080,2763,3040,3854,4240,45054,49560,45127,49640,23536,25890,23536,25890
2021-09-24,3654,4020,3636,4000,10900,11990,2709,2980,3809,4190,43454,47800,43527,47880,23481,25830,23481,25830
2021-09-23,3645,4010,3627,3990,10918,12010,2700,2970,3718,4090,43009,47310,43072,47380,23309,25640,23309,25640
2021-09-17,3554,3910,3536,3890,10945,12040,2790,3070,3781,4160,41154,45270,41218,45340,23454,25800,23454,25800
2021-09-16,3572,3930,3554,3910,11236,12360,2827,3110,3763,4140,41127,45240,41200,45320,24154,26570,24154,26570
2021-09-15,3499,3850,3481,3830,11027,12130,2872,3160,3736,4110,40181,44200,40254,44280,23699,26070,23699,26070
2021-09-14,3599,3960,3581,3940,11218,12340,2909,3200,3790,4170,40636,44700,40700,44770,23945,26340,23945,26340
2021-09-13,3618,3980,3599,3960,11309,12440,2945,3240,3818,4200,40536,44590,40609,44670,24590,27050,24590,27050
2021-09-10,3518,3870,3499,3850,10945,12040,2936,3230,3763,4140,40227,44250,40300,44330,24336,26770,24336,26770
2021-09-09,3445,3790,3427,3770,10754,11830,2927,3220,3736,4110,38627,42490,38700,42570,23718,26090,23718,26090
2021-09-08,3372,3710,3354,3690,10790,11870,2909,3200,3690,4060,38009,41810,38072,41880,23299,25630,23299,25630
2021-09-07,3390,3730,3372,3710,10909,12000,2927,3220,3645,4010,38918,42810,38981,42880,23454,25800,23454,25800
2021-09-06,3345,3680,3327,3660,10890,11980,2981,3280,3636,4000,38990,42890,39063,42970,23636,26000,23645,26010
2021-09-03,3327,3660,3309,3640,10863,11950,3018,3320,3627,3990,39745,43720,39809,43790,23363,25700,23363,25700
2021-09-02,3327,3660,3309,3640,10790,11870,2981,3280,3618,3980,39709,43680,39781,43760,23136,25450,23145,25460
2021-09-01,3381,3720,3363,3700,11036,12140,2972,3270,3654,4020,40245,44270,40318,44350,23409,25750,23418,25760
2021-08-31,3318,3650,3309,3640,10981,12080,3063,3370,3672,4040,40281,44310,40345,44380,22845,25130,22845,25130
2021-08-30,3318,3650,3318,3650,11009,12110,3063,3370,3681,4050,40354,44390,40427,44470,22890,25180,22890,25180
2021-08-27,3281,3610,3272,3600,10890,11980,3072,3380,3681,4050,40000,44000,40072,44080,22627,24890,22627,24890
2021-08-26,3272,3600,3263,3590,10927,12020,3090,3400,3709,4080,39554,43510,39627,43590,23027,25330,23027,25330
2021-08-25,3254,3580,3245,3570,10918,12010,3063,3370,3690,4060,39209,43130,39272,43200,22854,25140,22854,25140
2021-08-24,3272,3600,3263,3590,10909,12000,3099,3410,3609,3970,38636,42500,38700,42570,22809,25090,22809,25090
2021-08-23,3218,3540,3209,3530,10663,11730,3099,3410,3636,4000,38800,42680,38863,42750,22427,24670,22427,24670
2021-08-20,3209,3530,3199,3520,10454,11500,3109,3420,3654,4020,39772,43750,39836,43820,22254,24480,22254,24480
2021-08-19,3190,3510,3181,3500,10536,11590,3118,3430,3672,4040,42245,46470,42309,46540,22690,24960,22690,24960
2021-08-18,3272,3600,3263,3590,10845,11930,3090,3400,3718,4090,42990,47290,43063,47370,23209,25530,23209,25530
2021-08-17,3254,3580,3245,3570,11000,12100,3054,3360,3718,4090,42681,46950,42745,47020,23418,25760,23418,25760
2021-08-13,3190,3510,3181,3500,10945,12040,2936,3230,3645,4010,41990,46190,42063,46270,23454,25800,23454,25800
2021-08-12,3181,3500,3172,3490,10954,12050,2945,3240,3690,4060,42336,46570,42400,46640,22990,25290,22990,25290
2021-08-11,3145,3460,3136,3450,10900,11990,2863,3150,3618,3980,41727,45900,41790,45970,22381,24620,22381,24620
2021-08-10,3099,3410,3090,3400,10681,11750,2800,3080,3545,3900,41163,45280,41227,45350,21890,24080,21890,24080
2021-08-09,3127,3440,3118,3430,10772,11850,2827,3110,3572,3930,41154,45270,41218,45340,22536,24790,22536,24790
2021-08-06,3145,3460,3136,3450,10818,11900,2954,3250,3636,4000,41363,45500,41436,45580,22872,25160,22872,25160
2021-08-05,3118,3430,3109,3420,10790,11870,2990,3290,3572,3930,41418,45560,41490,45640,22609,24870,22609,24870
2021-08-04,3154,3470,3145,3460,10918,12010,3009,3310,3581,3940,41700,45870,41772,45950,22872,25160,22763,25040
2021-08-03,3199,3520,3190,3510,11118,12230,3009,3310,3681,4050,41618,45780,41681,45850,23081,25390,23490,25840
2021-08-02,3181,3500,3172,3490,11145,12260,2981,3280,3663,4030,41436,45580,41500,45650,23099,25410,23518,25870
2021-07-30,3163,3480,3145,3460,11218,12340,2954,3250,3609,3970,41427,45570,41490,45640,23245,25570,23227,25550
2021-07-29,3118,3430,3099,3410,11145,12260,2945,3240,3609,3970,41000,45100,41063,45170,23063,25370,23045,25350
2021-07-28,3045,3350,3027,3330,11190,12310,2927,3220,3590,3950,40736,44810,40800,44880,22763,25040,22736,25010
2021-07-27,3072,3380,3063,3370,11299,12430,2990,3290,3645,4010,41609,45770,41681,45850,23272,25600,23254,25580
2021-07-26,3045,3350,3027,3330,10918,12010,2981,3280,3572,3930,41136,45250,41209,45330,22809,25090,22781,25060
2021-07-23,3018,3320,2999,3300,10818,11900,2990,3290,3536,3890,40600,44660,40663,44730,22263,24490,22263,24490
2021-07-22,2990,3290,2972,3270,10745,11820,2918,3210,3536,3890,39900,43890,39963,43960,21936,24130,21936,24130
2021-07-21,2990,3290,2981,3280,10690,11760,2899,3190,3563,3920,39736,43710,39800,43780,21981,24180,21981,24180
2021-07-20,2936,3230,2918,3210,10536,11590,2818,3100,3581,3940,39590,43550,39654,43620,21681,23850,21681,23850
2021-07-19,2990,3290,2972,3270,10690,11760,2836,3120,3590,3950,39609,43570,39681,43650,22245,24470,22245,24470
2021-07-16,3036,3340,3018,3320,10781,11860,2854,3140,3554,3910,38954,42850,39027,42930,21945,24140,21945,24140
2021-07-15,3054,3360,3045,3350,10672,11740,2836,3120,3527,3880,39018,42920,39081,42990,21863,24050,21863,24050
2021-07-14,3063,3370,3045,3350,10727,11800,2845,3130,3527,3880,38645,42510,38718,42590,22027,24230,22027,24230
2021-07-13,3009,3310,2990,3290,10745,11820,2881,3170,3545,3900,38327,42160,38400,42240,21945,24140,21954,24150
2021-07-12,3027,3330,3009,3310,10881,11970,2881,3170,3581,3940,38018,41820,38081,41890,22100,24310,22100,24310
2021-07-09,2954,3250,2936,3230,10627,11690,2836,3120,3518,3870,37827,41610,37890,41680,21509,23660,21509,23660
2021-07-08,2999,3300,2981,3280,10709,11780,2800,3080,3527,3880,37654,41420,37727,41500,21336,23470,21336,23470
2021-07-07,3009,3310,2990,3290,10472,11520,2790,3070,3472,3820,37409,41150,37481,41230,20827,22910,20827,22910
2021-07-06,3045,3350,3027,3330,10718,11790,2790,3070,3490,3840,37536,41290,37609,41370,21354,23490,21363,23500
2021-07-05,3063,3370,3045,3350,10600,11660,2836,3120,3490,3840,37627,41390,37700,41470,21354,23490,21354,23490
2021-07-02,2999,3300,2990,3290,10527,11580,2772,3050,3490,3840,37318,41050,37390,41130,21036,23140,21036,23140
2021-07-01,2999,3300,2981,3280,10518,11570,2754,3030,3518,3870,37445,41190,37518,41270,21027,23130,21027,23130
2021-06-30,3027,3330,3018,3320,10309,11340,2836,3120,3509,3860,37918,41710,37990,41790,21209,23330,21236,23360
2021-06-29,2963,3260,2945,3240,10372,11410,2745,3020,3445,3790,37709,41480,37772,41550,21154,23270,21181,23300
2021-06-28,2945,3240,2936,3230,10381,11420,2700,2970,3445,3790,36945,40640,37018,40720,21381,23520,21409,23550
2021-06-25,2909,3200,2899,3190,10454,11500,2709,2980,3472,3820,37090,40800,37154,40870,21409,23550,21436,23580
2021-06-24,2909,3200,2899,3190,10545,11600,2681,2950,3454,3800,36863,40550,36927,40620,21036,23140,21063,23170
2021-06-23,2881,3170,2863,3150,10300,11330,2645,2910,3409,3750,36827,40510,36890,40580,20554,22610,20581,22640
2021-06-22,2872,3160,2854,3140,,,2627,2890,3418,3760,36409,40050,36472,40120,20272,22300,20290,22320
2021-06-21,2854,3140,2845,3130,10127,11140,2618,2880,3399,3740,35927,39520,36000,39600,19881,21870,19909,21900
2021-06-18,2890,3180,2881,3170,10300,11330,2581,2840,3454,3800,36681,40350,36745,40420,19872,21860,19890,21880
2021-06-17,2927,3220,2918,3210,10554,11610,2636,2900,3545,3900,36872,40560,36936,40630,20172,22190,20200,22220
2021-06-16,2918,3210,2899,3190,10445,11490,2600,2860,3545,3900,37345,41080,37409,41150,20263,22290,20290,22320
2021-06-15,2963,3260,2954,3250,,,2636,2900,3554,3910,37063,40770,37136,40850,21090,23200,21118,23230
2021-06-14,2899,3190,2890,3180,,,2636,2900,3536,3890,36918,40610,36981,40680,20709,22780,20736,22810
2021-06-11,2936,3230,2927,3220,10790,11870,2609,2870,3490,3840,36563,40220,36627,40290,20863,22950,20881,22970
2021-06-10,2918,3210,2909,3200,10881,11970,2627,2890,3518,3870,36700,40370,36763,40440,20681,22750,20709,22780
2021-06-09,2899,3190,2881,3170,10854,11940,2609,2870,3518,3870,37045,40750,37109,40820,20445,22490,20472,22520
2021-06-08,2854,3140,2845,3130,,,2572,2830,,,35781,39360,35845,39430,20363,22400,20390,22430
2021-06-07,2890,3180,2881,3170,,,2563,2820,,,37127,40840,37190,40910,20572,22630,20600,22660
2021-06-04,2818,3100,2809,3090,,,2627,2890,3481,3830,35809,39390,35872,39460,20372,22410,20400,22440
2021-06-03,2863,3150,2845,3130,,,2681,2950,3581,3940,37036,40740,37109,40820,20754,22830,20781,22860
2021-06-02,2872,3160,2863,3150,11090,12200,2645,2910,3545,3900,36672,40340,36736,40410,20500,22550,20527,22580
2021-06-01,,,,,,,2627,2890,3554,3910,37027,40730,37100,40810,20563,22620,20590,22650
2021-05-31,,,,,,,2636,2900,3609,3970,37563,41320,37627,41390,20663,22730,20681,22750
2021-05-28,,,,,,,2663,2930,3618,3980,36254,39880,36318,39950,20463,22510,20481,22530
2021-05-27,2809,3090,,,,,2609,2870,3509,3860,35427,38970,35490,39040,19763,21740,19781,21760
2021-05-26,2781,3060,2772,3050,10890,11980,2600,2860,3545,3900,36218,39840,36290,39920,19572,21530,19590,21550
2021-05-25,,,,,,,2581,2840,3518,3870,36463,40110,36527,40180,19745,21720,19763,21740
2021-05-24,,,,,10900,11990,2672,2940,3545,3900,37190,40910,37254,40980,19381,21320,19400,21340
2021-05-21,,,,,11127,12240,2718,2990,3545,3900,37954,41750,38018,41820,19872,21860,19890,21880
2021-05-20,2854,3140,2845,3130,11054,12160,2645,2910,3518,3870,37181,40900,37245,40970,20045,22050,20063,22070
2021-05-18,,,,,11499,12650,2681,2950,3609,3970,36745,40420,36809,40490,20800,22880,20818,22900
2021-05-17,,,,,11299,12430,2600,2860,3509,3860,36100,39710,36172,39790,20272,22300,20281,22310
2021-05-14,,,,,11427,12570,2590,2850,3490,3840,35854,39440,35918,39510,20027,22030,20045,22050
2021-05-13,,,,,11499,12650,2618,2880,3536,3890,36836,40520,36900,40590,20481,22530,20500,22550
2021-05-12,2963,3260,2945,3240,11463,12610,2663,2930,3572,3930,38454,42300,38518,42370,20545,22600,20563,22620
2021-05-11,,,,,11327,12460,2627,2890,3527,3880,37072,40780,37145,40860,20254,22280,20263,22290
2021-05-10,2999,3300,2981,3280,11445,12590,2690,2960,3581,3940,37436,41180,37500,41250,20736,22810,20754,22830
2021-05-07,2963,3260,2954,3250,11136,12250,2681,2950,3509,3860,38827,42710,38900,42790,20663,22730,20681,22750
2021-05-06,2909,3200,2899,3190,10945,12040,2609,2870,3490,3840,37345,41080,37409,41150,20563,22620,20581,22640
2021-05-04,2863,3150,,,10827,11910,2590,2850,3490,3840,36381,40020,36445,40090,20336,22370,20354,22390
2021-05-03,2836,3120,2827,3110,10718,11790,2563,2820,3454,3800,36000,39600,36063,39670,20127,22140,20145,22160
2021-04-30,2836,3120,2827,3110,10745,11820,2509,2760,3427,3770,34981,38480,35054,38560,19563,21520,19818,21800
2021-04-29,2818,3100,2818,3100,10781,11860,2500,2750,3436,3780,35418,38960,35481,39030,19845,21830,20109,22120
2021-04-28,2809,3090,2800,3080,10736,11810,2481,2730,3436,3780,32236,35460,32299,35530,19263,21190,19527,21480
2021-04-27,2827,3110,2818,3100,10663,11730,2472,2720,3436,3780,32245,35470,32309,35540,18972,20870,19236,21160
2021-04-26,2790,3070,2790,3070,10500,11550,2463,2710,3381,3720,32136,35350,32199,35420,18745,20620,19009,20910
2021-04-23,2790,3070,2790,3070,10327,11360,2454,2700,3345,3680,32263,35490,32327,35560,18363,20200,18627,20490
2021-04-22,2800,3080,2800,3080,10372,11410,2418,2660,3336,3670,32418,35660,32481,35730,18536,20390,18790,20670
2021-04-21,2718,2990,2709,2980,10172,11190,2418,2660,3318,3650,32109,35320,32172,35390,18245,20070,18509,20360
2021-04-20,2745,3020,2745,3020,10281,11310,2454,2700,3363,3700,32145,35360,32209,35430,18418,20260,18681,20550
2021-04-19,2727,3000,2718,2990,10100,11110,2445,2690,3372,3710,32163,35380,32227,35450,18681,20550,18945,20840
2021-04-16,2754,3030,2745,3020,10190,11210,2418,2660,3381,3720,32054,35260,32118,35330,18709,20580,18972,20870
2021-04-15,2727,3000,2727,3000,9945,10940,2390,2630,3336,3670,31809,34990,31881,35070,18709,20580,18963,20860
2021-04-14,2718,2990,2718,2990,9836,10820,2400,2640,3318,3650,31599,34760,31663,34830,18618,20480,18881,20770
2021-04-13,2681,2950,2672,2940,9781,10760,2381,2620,3281,3610,31372,34510,31436,34580,18563,20420,18827,20710
2021-04-12,2672,2940,2672,2940,9827,10810,2381,2620,3354,3690,31781,34960,31845,35030,19063,20970,19318,21250
2021-04-09,2681,2950,2681,2950,9881,10870,2372,2610,3372,3710,31554,34710,31618,34780,19218,21140,19481,21430
2021-04-08,2654,2920,2654,2920,9772,10750,2381,2620,3345,3680,31790,34970,31863,35050,18981,20880,19245,21170
2021-04-07,2672,2940,2672,2940,9945,10940,2363,2600,3345,3680,31909,35100,31972,35170,19154,21070,19418,21360
2021-04-06,2663,2930,2663,2930,10036,11040,2372,2610,3318,3650,31227,34350,31290,34420,18700,20570,18963,20860
2021-04-05,2663,2930,2663,2930,10027,11030,2372,2610,3318,3650,31218,34340,31281,34410,18700,20570,18963,20860
2021-04-02,2672,2940,2672,2940,10072,11080,2381,2620,3327,3660,31336,34470,31409,34550,18772,20650,19036,20940
2021-04-01,2663,2930,2654,2920,10063,11070,2400,2640,3381,3720,32309,35540,32381,35620,18609,20470,18872,20760
2021-03-31,2636,2900,2636,2900,9754,10730,2409,2650,3381,3720,30890,33980,30963,34060,18518,20370,18536,20390
2021-03-30,2672,2940,,,9845,10830,2381,2620,3399,3740,31527,34680,31590,34750,18800,20680,18809,20690
2021-03-29,2709,2980,2709,2980,9936,10930,2381,2620,3390,3730,31954,35150,32018,35220,18954,20850,18972,20870
2021-03-26,2654,2920,2654,2920,9772,10750,2345,2580,3336,3670,31627,34790,31690,34860,18754,20630,18763,20640
2021-03-25,2672,2940,2663,2930,9981,10980,2363,2600,3372,3710,30981,34080,31054,34160,18800,20680,18818,20700
2021-03-24,2609,2870,2609,2870,9954,10950,2372,2610,3399,3740,31736,34910,31799,34980,18690,20560,18709,20580
2021-03-23,2672,2940,2663,2930,10090,11100,2400,2640,3427,3770,31872,35060,31945,35140,19027,20930,19045,20950
2021-03-22,2663,2930,2663,2930,10063,11070,2381,2620,3399,3740,32199,35420,32272,35500,18872,20760,18890,20780
2021-03-19,2590,2850,2581,2840,10000,11000,2336,2570,3336,3670,32436,35680,32509,35760,18463,20310,18481,20330
2021-03-18,2618,2880,2618,2880,10054,11060,2336,2570,3390,3730,32090,35300,32154,35370,18609,20470,18627,20490
2021-03-17,2600,2860,2600,2860,9936,10930,2354,2590,3363,3700,30336,33370,30399,33440,18690,20560,18709,20580
2021-03-16,2627,2890,2627,2890,10218,11240,2400,2640,3436,3780,30290,33320,30363,33400,18872,20760,18890,20780
2021-03-15,2572,2830,2572,2830,10127,11140,2400,2640,3363,3700,32518,35770,32581,35840,18600,20460,18618,20480
2021-03-12,2581,2840,2581,2840,10109,11120,2372,2610,3390,3730,34927,38420,35000,38500,18890,20780,18909,20800
2021-03-11,2600,2860,2590,2850,9954,10950,2400,2640,3336,3670,32936,36230,33009,36310,18781,20660,18800,20680
2021-03-10,2590,2850,2590,2850,9836,10820,2418,2660,3354,3690,31454,34600,31518,34670,18790,20670,18800,20680
2021-03-09,2618,2880,2609,2870,10345,11380,2418,2660,3336,3670,31072,34180,31145,34260,18963,20860,18981,20880
2021-03-08,2618,2880,2609,2870,10163,11180,2436,2680,3309,3640,30545,33600,30609,33670,18954,20850,18972,20870
2021-03-05,2590,2850,2581,2840,10172,11190,2445,2690,3281,3610,28690,31560,28763,31640,18590,20450,18609,20470
2021-03-04,2609,2870,2609,2870,10345,11380,2472,2720,3309,3640,29099,32010,29163,32080,19954,21950,19972,21970
2021-03-03,2645,2910,2645,2910,10490,11540,2518,2770,3390,3730,28763,31640,28827,31710,21436,23580,21454,23600
2021-03-02,2536,2790,2536,2790,10336,11370,2509,2760,3354,3690,27472,30220,27545,30300,21436,23580,21454,23600
2021-02-26,2645,2910,2636,2900,10600,11660,2554,2810,3399,3740,32490,35740,32554,35810,21927,24120,21954,24150
2021-02-25,2581,2840,2572,2830,10509,11560,2518,2770,3354,3690,32990,36290,33054,36360,22572,24830,22599,24860
2021-02-24,2536,2790,2527,2780,10372,11410,2518,2770,3363,3700,32199,35420,32263,35490,22145,24360,22172,24390
2021-02-23,2554,2810,2554,2810,10263,11290,2554,2810,3399,3740,33063,36370,33127,36440,22309,24540,22336,24570
2021-02-22,2500,2750,2500,2750,10018,11020,2563,2820,3372,3710,32581,35840,32645,35910,22336,24570,22363,24600
2021-02-19,2518,2770,2509,2760,9618,10580,2509,2760,3345,3680,30881,33970,30945,34040,21872,24060,21900,24090
2021-02-18,2490,2740,2481,2730,9427,10370,2500,2750,3299,3630,31536,34690,31599,34760,21427,23570,21463,23610
2021-02-17,2445,2690,2445,2690,9381,10320,2481,2730,3290,3620,30636,33700,30699,33770,21345,23480,21372,23510
2021-02-16,2454,2700,2454,2700,9400,10340,2509,2760,3318,3650,33445,36790,33509,36860,21172,23290,21200,23320
2021-02-15,2472,2720,2472,2720,9363,10300,2518,2770,3327,3660,28854,31740,28918,31810,21209,23330,21236,23360
2021-02-10,2454,2700,2454,2700,9227,10150,2490,2740,3199,3520,28099,30910,28163,30980,21163,23280,21190,23310
2021-02-09,2427,2670,2427,2670,9136,10050,2490,2740,,,27745,30520,27818,30600,20990,23090,21027,23130
2021-02-08,2427,2670,2427,2670,9027,9930,2472,2720,,,27645,30410,27709,30480,20918,23010,20945,23040
2021-02-05,2390,2630,2390,2630,8863,9750,2445,2690,3127,3440,27436,30180,27509,30260,20390,22430,20418,22460
2021-02-04,2363,2600,2363,2600,8863,9750,2427,2670,3090,3400,27936,30730,27999,30800,20318,22350,20354,22390
2021-02-03,2363,2600,2363,2600,8818,9700,2418,2660,3054,3360,28154,30970,28227,31050,20436,22480,20463,22510
2021-02-02,2363,2600,2363,2600,8827,9710,2436,2680,,,27772,30550,27836,30620,20590,22650,20627,22690
2021-02-01,2381,2620,2381,2620,8909,9800,2427,2670,,,26754,29430,26827,29510,20445,22490,20472,22520
2021-01-29,2381,2620,2381,2620,8754,9630,2454,2700,,,27045,29750,27090,29800,20354,22390,20663,22730
2021-01-28,2354,2590,2354,2590,8572,9430,2436,2680,3027,3330,26581,29240,26627,29290,20200,22220,20509,22560
2021-01-27,2400,2640,2400,2640,8790,9670,2481,2730,3118,3430,26709,29380,26754,29430,20400,22440,20709,22780
2021-01-26,2381,2620,2381,2620,8700,9570,2427,2670,3154,3470,26099,28710,26145,28760,20500,22550,20809,22890
2021-01-25,2363,2600,2363,2600,8754,9630,2436,2680,3172,3490,25627,28190,25663,28230,20572,22630,20881,22970
2021-01-22,2354,2590,2354,2590,8736,9610,2418,2660,3154,3470,25699,28270,25745,28320,20618,22680,20927,23020
2021-01-21,2336,2570,2336,2570,8781,9660,2427,2670,3181,3500,25099,27610,25145,27660,20463,22510,20772,22850
2021-01-20,2327,2560,2318,2550,8700,9570,2400,2640,3136,3450,24509,26960,24545,27000,20500,22550,20809,22890
2021-01-19,2327,2560,2318,2550,8727,9600,2381,2620,,,24763,27240,24809,27290,20354,22390,20663,22730
2021-01-18,2345,2580,2345,2580,8663,9530,2372,2610,3136,3450,24563,27020,24609,27070,20227,22250,20536,22590
2021-01-15,2363,2600,2354,2590,8763,9640,2409,2650,3199,3520,24318,26750,24363,26800,20500,22550,20809,22890
2021-01-14,2363,2600,2363,2600,8690,9560,2427,2670,3209,3530,24272,26700,24318,26750,19763,21740,20072,22080
2021-01-13,2381,2620,2372,2610,8690,9560,2400,2640,3227,3550,24199,26620,24245,26670,19836,21820,20145,22160
2020-12-22,2363,2600,,,8654,9520,2336,2570,,,23181,25500,23236,25560,19445,21390,19463,21410
2020-12-21,2390,2630,,,8781,9660,2427,2670,3327,3660,23218,25540,23272,25600,19636,21600,19654,21620
2020-12-18,2372,2610,,,8663,9530,2427,2670,3290,3620,22972,25270,23027,25330,19554,21510,19572,21530
2020-12-17,,,,,8572,9430,2445,2690,3254,3580,22890,25180,22945,25240,19454,21400,19463,21410
2020-12-16,,,,,8509,9360,2436,2680,3236,3560,22618,24880,22645,24910,19627,21590,19645,21610
2020-12-15,2363,2600,,,8545,9400,2400,2640,3254,3580,22645,24910,22681,24950,19618,21580,19636,21600
2020-12-14,,,,,8563,9420,2436,2680,3199,3520,22254,24480,22290,24520,19254,21180,19263,21190
2020-12-11,2372,2610,,,8572,9430,2454,2700,3263,3590,22254,24480,22281,24510,19363,21300,19381,21320
2020-12-10,,,,,8472,9320,2472,2720,3245,3570,22154,24370,22181,24400,18518,20370,18536,20390
2020-12-09,,,,,8445,9290,2463,2710,3190,3510,21854,24040,21890,24080,18200,20020,18218,20040
2020-12-08,2309,2540,,,8436,9280,2427,2670,3163,3480,21745,23920,21772,23950,18118,19930,18136,19950
2020-12-07,2345,2580,,,8500,9350,2372,2610,3136,3450,21572,23730,21600,23760,18154,19970,18172,19990
2020-12-04,2363,2600,,,8518,9370,2409,2650,3181,3500,21800,23980,21827,24010,17909,19700,17927,19720
2020-12-03,2390,2630,,,8545,9400,2445,2690,3181,3500,21754,23930,21790,23970,18018,19820,18036,19840
2020-12-02,2418,2660,,,8618,9480,2490,2740,3227,3550,21972,24170,22000,24200,18418,20260,18436,20280
2020-12-01,2400,2640,,,8490,9340,2481,2730,3254,3580,21690,23860,21718,23890,18154,19970,18172,19990
2020-11-30,2345,2580,,,8372,9210,2500,2750,3245,3570,21800,23980,21827,24010,18545,20400,18863,20750
2020-11-27,2318,2550,,,8272,9100,2436,2680,3209,3530,21736,23910,21763,23940,18363,20200,18681,20550
2020-11-26,2318,2550,2300,2530,8190,9010,2436,2680,3218,3540,21736,23910,21763,23940,18200,20020,18509,20360
2020-11-25,2345,2580,2327,2560,8218,9040,2436,2680,3236,3560,21745,23920,21781,23960,18472,20320,18781,20660
2020-11-24,2327,2560,2309,2540,8063,8870,2418,2660,3199,3520,21645,23810,21672,23840,18090,19900,18409,20250
2020-11-23,2363,2600,2345,2580,8209,9030,2427,2670,3290,3620,21918,24110,21945,24140,18409,20250,18718,20590
2020-11-20,2363,2600,2345,2580,8009,8810,2390,2630,3254,3580,21872,24060,21900,24090,18063,19870,18381,20220
2020-11-19,2345,2580,2327,2560,7918,8710,2327,2560,3209,3530,21736,23910,21763,23940,17845,19630,18154,19970
2020-11-18,2327,2560,2309,2540,7909,8700,2318,2550,3145,3460,22000,24200,22027,24230,18027,19830,18336,20170
2020-11-17,2300,2530,2281,2510,7981,8780,2290,2520,3136,3450,21754,23930,21781,23960,18027,19830,18336,20170
2020-11-16,2290,2520,2272,2500,7881,8670,2290,2520,3099,3410,21481,23630,21518,23670,18127,19940,18445,20290
2020-11-13,2281,2510,2272,2500,7827,8610,2300,2530,3090,3400,21363,23500,21390,23530,18163,19980,18481,20330
2020-11-12,2263,2490,2245,2470,7736,8510,2254,2480,3072,3380,21127,23240,21163,23280,18127,19940,18445,20290
2020-11-11,2254,2480,2245,2470,7827,8610,2245,2470,3118,3430,21309,23440,21345,23480,18136,19950,18445,20290
2020-11-10,2245,2470,,,7799,8580,2218,2440,3109,3420,21290,23420,21327,23460,17945,19740,18263,20090
2020-11-09,2263,2490,,,7881,8670,2245,2470,3127,3440,21490,23640,21527,23680,17618,19380,17927,19720
2020-11-06,2281,2510,,,7836,8620,2272,2500,3127,3440,21527,23680,21554,23710,17963,19760,18281,20110
2020-11-05,2318,2550,,,7881,8670,2281,2510,3127,3440,21654,23820,21681,23850,17872,19660,18190,20010
2020-11-04,2318,2550,,,7836,8620,2245,2470,3081,3390,21454,23600,21490,23640,17836,19620,18154,19970
2020-11-03,2272,2500,,,7772,8550,2227,2450,3054,3360,21090,23200,21118,23230,17600,19360,17918,19710
2020-11-02,2254,2480,,,7727,8500,2254,2480,3036,3340,21063,23170,21100,23210,17618,19380,17945,19740
2020-10-30,2181,2400,,,7718,8490,2272,2500,3036,3340,21154,23270,21181,23300,17990,19790,18309,20140
2020-10-29,2181,2400,,,7727,8500,2218,2440,3027,3330,21254,23380,21290,23420,18209,20030,18527,20380
2020-10-28,2181,2400,,,7745,8520,2181,2400,3027,3330,21327,23460,21354,23490,18318,20150,18636,20500
2020-10-27,2200,2420,2163,2380,7736,8510,2190,2410,3027,3330,21354,23490,21390,23530,18072,19880,18390,20230
2020-10-26,2227,2450,2200,2420,7881,8670,2209,2430,3063,3370,21872,24060,21900,24090,18218,20040,18536,20390
2020-10-23,2227,2450,2200,2420,7936,8730,2236,2460,3081,3390,22154,24370,22181,24400,18336,20170,18654,20520
2020-10-22,2227,2450,2200,2420,8018,8820,2236,2460,3063,3370,22190,24410,22227,24450,18390,20230,18709,20580
2020-10-21,2227,2450,2190,2410,7954,8750,2190,2410,3036,3340,22236,24460,22263,24490,18663,20530,18981,20880
2020-10-20,2236,2460,2218,2440,7836,8620,2190,2410,2999,3300,22254,24480,22290,24520,18318,20150,18636,20500
2020-10-19,2272,2500,2254,2480,7827,8610,2190,2410,2954,3250,21990,24190,22027,24230,18372,20210,18690,20560
2020-10-16,2236,2460,2227,2450,7818,8600,2209,2430,2899,3190,21954,24150,21990,24190,18036,19840,18354,20190
2020-10-15,2245,2470,2227,2450,7799,8580,2245,2470,2899,3190,21963,24160,21990,24190,18000,19800,18327,20160
2020-10-14,2254,2480,2236,2460,7781,8560,2254,2480,2899,3190,21918,24110,21954,24150,17654,19420,17981,19780
2020-10-13,2254,2480,2236,2460,7836,8620,2309,2540,2927,3220,21909,24100,21936,24130,17790,19570,18118,19930
2020-10-12,2245,2470,2236,2460,7918,8710,2281,2510,2936,3230,22081,24290,22109,24320,17972,19770,18300,20130
2020-10-08,2181,2400,2163,2380,7836,8620,2272,2500,2854,3140,21945,24140,21972,24170,17327,19060,17654,19420
2020-10-07,2154,2370,2145,2360,7681,8450,2254,2480,2872,3160,22081,24290,22109,24320,17272,19000,17600,19360
2020-10-06,2172,2390,2154,2370,7699,8470,2227,2450,2836,3120,22000,24200,22027,24230,17454,19200,17781,19560
2020-10-05,2163,2380,2154,2370,7772,8550,2254,2480,2854,3140,21800,23980,21836,24020,17281,19010,17618,19380
2020-09-29,2172,2390,2172,2390,7818,8600,2290,2520,2990,3290,21336,23470,21363,23500,17681,19450,17772,19550
2020-09-28,2136,2350,2127,2340,7790,8570,2281,2510,2918,3210,21118,23230,21154,23270,17381,19120,17472,19220
2020-09-25,2127,2340,2118,2330,7772,8550,2309,2540,2909,3200,21236,23360,21263,23390,17381,19120,17472,19220
2020-09-24,2127,2340,2118,2330,7827,8610,2318,2550,2927,3220,21745,23920,21781,23960,17454,19200,17545,19300
2020-09-23,2154,2370,2145,2360,8045,8850,2327,2560,2999,3300,22227,24450,22254,24480,17672,19440,17754,19530
2020-09-22,2145,2360,2136,2350,7899,8690,2318,2550,2972,3270,21927,24120,21963,24160,17481,19230,17572,19330
2020-09-21,2163,2380,2154,2370,8072,8880,2354,2590,3072,3380,21972,24170,22009,24210,17936,19730,18027,19830
2020-09-18,2172,2390,2172,2390,8109,8920,2381,2620,3081,3390,22345,24580,22381,24620,18372,20210,18454,20300
2020-09-17,2200,2420,2190,2410,8109,8920,2363,2600,3099,3410,22481,24730,22509,24760,18554,20410,18645,20510
2020-09-16,2190,2410,2190,2410,8109,8920,2381,2620,3072,3380,22454,24700,22490,24740,18572,20430,18663,20530
2020-09-15,2218,2440,2209,2430,8181,9000,2409,2650,3063,3370,22481,24730,22509,24760,18736,20610,18827,20710
2020-09-14,2190,2410,2190,2410,8154,8970,2372,2610,3063,3370,22509,24760,22536,24790,18581,20440,18672,20540
2020-09-11,2209,2430,2200,2420,8045,8850,2363,2600,2990,3290,22354,24590,22390,24630,18236,20060,18327,20160
2020-09-10,2209,2430,2200,2420,8154,8970,2381,2620,2999,3300,22454,24700,22481,24730,18418,20260,18509,20360
2020-09-09,2209,2430,2209,2430,8063,8870,2390,2630,2990,3290,22418,24660,22454,24700,18336,20170,18427,20270
2020-09-08,2227,2450,2218,2440,8218,9040,2481,2730,3099,3410,22790,25070,22827,25110,18718,20590,18800,20680
2020-09-07,2218,2440,2209,2430,8127,8940,2481,2730,3072,3380,22736,25010,22772,25050,18863,20750,18954,20850
2020-09-04,2209,2430,2200,2420,7936,8730,2445,2690,3109,3420,22699,24970,22727,25000,18618,20480,18709,20580
2020-09-03,2209,2430,2200,2420,8072,8880,2427,2670,3127,3440,22799,25080,22827,25110,19300,21230,19390,21330
2020-09-02,2236,2460,2236,2460,8054,8860,2463,2710,3145,3460,22563,24820,22599,24860,19063,20970,19154,21070
2020-09-01,2227,2450,2218,2440,8072,8880,2481,2730,3118,3430,22254,24480,22281,24510,18936,20830,19027,20930
2020-08-31,2227,2450,2218,2440,8054,8860,2472,2720,3109,3420,22154,24370,22190,24410,18881,20770,18972,20870
2020-08-28,2200,2420,2190,2410,7990,8790,2481,2730,3072,3380,22118,24330,22154,24370,18681,20550,18772,20650
2020-08-27,2200,2420,2190,2410,7972,8770,2481,2730,3045,3350,21845,24030,21872,24060,18672,20540,18763,20640
2020-08-26,2190,2410,2181,2400,7881,8670,2500,2750,3063,3370,21581,23740,21609,23770,18418,20260,18509,20360
2020-08-25,2190,2410,2181,2400,7890,8680,2490,2740,3027,3330,21581,23740,21609,23770,18418,20260,18509,20360
2020-08-24,2181,2400,2172,2390,7845,8630,2481,2730,3036,3340,21818,24000,21845,24030,18100,19910,18190,20010
2020-08-21,2209,2430,2209,2430,7972,8770,2509,2760,3081,3390,21845,24030,21872,24060,18045,19850,18136,19950
2020-08-20,2209,2430,2200,2420,8036,8840,2518,2770,3090,3400,21818,24000,21854,24040,18054,19860,18136,19950
2020-08-19,2190,2410,2181,2400,7909,8700,2500,2750,3036,3340,21809,23990,21836,24020,18027,19830,18109,19920
2020-08-18,2172,2390,2163,2380,7763,8540,2481,2730,3027,3330,21490,23640,21527,23680,17945,19740,18036,19840
2020-08-14,2172,2390,2172,2390,7527,8280,2445,2690,2936,3230,21727,23900,21754,23930,17336,19070,17427,19170
2020-08-13,2209,2430,2200,2420,7745,8520,2463,2710,2981,3280,21845,24030,21881,24070,17554,19310,17645,19410
2020-08-12,2209,2430,2200,2420,7681,8450,2463,2710,2990,3290,21990,24190,22027,24230,17672,19440,17754,19530
2020-08-11,2209,2430,2200,2420,7699,8470,2390,2630,2981,3280,22018,24220,22045,24250,17590,19350,17681,19450
2020-08-10,2190,2410,2181,2400,7590,8350,2409,2650,2990,3290,22027,24230,22054,24260,17709,19480,17790,19570
2020-08-07,2190,2410,2190,2410,7790,8570,2472,2720,2990,3290,22109,24320,22136,24350,17800,19580,17890,19680
2020-08-06,2190,2410,2181,2400,7845,8630,2445,2690,3009,3310,22263,24490,22290,24520,17818,19600,17909,19700
2020-08-05,2200,2420,2190,2410,7827,8610,2390,2630,2936,3230,22218,24440,22254,24480,17527,19280,17618,19380
2020-08-04,2181,2400,2172,2390,7872,8660,2372,2610,2918,3210,22509,24760,22536,24790,17309,19040,17400,19140
2020-08-03,2127,2340,2118,2330,7772,8550,2381,2620,2899,3190,22336,24570,22363,24600,17090,18800,17172,18890
2020-07-31,2145,2360,2136,2350,7818,8600,2381,2620,2872,3160,22272,24500,22309,24540,17063,18770,17145,18860
2020-07-30,2145,2360,2145,2360,7854,8640,2381,2620,2890,3180,22409,24650,22445,24690,17218,18940,17309,19040
2020-07-29,2154,2370,2145,2360,7890,8680,2381,2620,2836,3120,22581,24840,22609,24870,17009,18710,17100,18810
2020-07-28,2136,2350,2127,2340,7809,8590,2363,2600,2818,3100,22590,24850,22627,24890,17072,18780,17163,18880
2020-07-27,2136,2350,2127,2340,7845,8630,2327,2560,2818,3100,22236,24460,22272,24500,17081,18790,17172,18890
2020-07-24,2127,2340,2118,2330,7990,8790,2327,2560,2827,3110,22354,24590,22390,24630,17063,18770,17154,18870
2020-07-23,2118,2330,2109,2320,7890,8680,2300,2530,2790,3070,22054,24260,22081,24290,16372,18010,16463,18110
2020-07-22,2127,2340,2118,2330,7963,8760,2354,2590,2836,3120,22090,24300,22118,24330,16800,18480,16890,18580
2020-07-21,2100,2310,2090,2300,7936,8730,2354,2590,2790,3070,21927,24120,21963,24160,16600,18260,16690,18360
2020-07-20,2100,2310,2090,2300,7899,8690,2327,2560,2772,3050,21945,24140,21981,24180,16609,18270,16700,18370
2020-07-17,2127,2340,2118,2330,7890,8680,2381,2620,2827,3110,22009,24210,22045,24250,16909,18600,17000,18700
2020-07-16,2127,2340,2127,2340,7790,8570,2363,2600,2790,3070,21809,23990,21836,24020,16918,18610,17009,18710
2020-07-15,2145,2360,2136,2350,7963,8760,2381,2620,2790,3070,21954,24150,21981,24180,17063,18770,17154,18870
2020-07-14,2145,2360,2136,2350,8027,8830,2418,2660,2863,3150,22027,24230,22063,24270,17145,18860,17236,18960
2020-07-13,2154,2370,2145,2360,7863,8650,2390,2630,2790,3070,21918,24110,21954,24150,16954,18650,17045,18750
2020-07-10,2109,2320,2100,2310,7663,8430,2363,2600,2718,2990,21790,23970,21827,24010,16500,18150,16590,18250
2020-07-09,2100,2310,2100,2310,7572,8330,2327,2560,2690,2960,21463,23610,21500,23650,16800,18480,16881,18570
2020-07-08,2063,2270,2054,2260,7518,8270,2345,2580,2618,2880,21345,23480,21372,23510,16763,18440,16854,18540
2020-07-07,2063,2270,2054,2260,7463,8210,2300,2530,2609,2870,21400,23540,21427,23570,16609,18270,16700,18370
2020-07-06,2045,2250,2036,2240,7345,8080,2290,2520,2572,2830,21236,23360,21272,23400,16236,17860,16327,17960
2020-07-03,2072,2280,2063,2270,7409,8150,2290,2520,2590,2850,21290,23420,21327,23460,16190,17810,16281,17910
2020-07-02,2072,2280,2072,2280,7409,8150,2290,2520,2600,2860,21272,23400,21300,23430,16118,17730,16209,17830
2020-07-01,2081,2290,2072,2280,7354,8090,2290,2520,2609,2870,21218,23340,21254,23380,16072,17680,16163,17780
2020-06-30,2054,2260,2045,2250,7263,7990,2318,2550,2636,2900,21290,23420,21318,23450,16063,17670,16109,17720
2020-06-29,2054,2260,2045,2250,7272,8000,2309,2540,2609,2870,21400,23540,21427,23570,15945,17540,15990,17590
2020-06-26,2018,2220,2009,2210,7218,7940,2309,2540,2636,2900,21172,23290,21209,23330,15699,17270,15745,17320
2020-06-25,2018,2220,2009,2210,7154,7870,2272,2500,2609,2870,21154,23270,21181,23300,15754,17330,15799,17380
2020-06-24,2054,2260,2054,2260,7254,7980,2263,2490,2636,2900,21672,23840,21709,23880,16081,17690,16127,17740
2020-06-23,2081,2290,2081,2290,7254,7980,2318,2550,2709,2980,21736,23910,21772,23950,16081,17690,16127,17740
2020-06-22,2054,2260,2045,2250,7181,7900,2309,2540,2700,2970,21654,23820,21690,23860,16145,17760,16190,17810
2020-06-19,2072,2280,2063,2270,7118,7830,2345,2580,2645,2910,21636,23800,21663,23830,16281,17910,16327,17960
2020-06-18,2072,2280,2063,2270,7099,7810,2345,2580,2618,2880,21909,24100,21945,24140,16336,17970,16372,18010
2020-06-17,2054,2260,2045,2250,7009,7710,2281,2510,2572,2830,21763,23940,21800,23980,16427,18070,16472,18120
2020-06-16,2045,2250,2036,2240,7036,7740,2272,2500,2572,2830,22027,24230,22054,24260,16190,17810,16236,17860
2020-06-15,2027,2230,2027,2230,7063,7770,2263,2490,2545,2800,21900,24090,21927,24120,15936,17530,15981,17580
2020-06-12,2036,2240,2027,2230,6999,7700,2227,2450,2563,2820,21454,23600,21481,23630,15827,17410,15863,17450
2020-06-11,2063,2270,2054,2260,7136,7850,2236,2460,2572,2830,21700,23870,21727,23900,16172,17790,16218,17840
2020-06-10,2045,2250,2036,2240,7018,7720,2263,2490,2581,2840,21590,23750,21618,23780,16145,17760,16190,17810
2020-06-09,2054,2260,2045,2250,6972,7670,2272,2500,2627,2890,21436,23580,21472,23620,16418,18060,16463,18110
2020-06-08,2045,2250,2036,2240,6972,7670,2290,2520,2645,2910,21318,23450,21345,23480,16372,18010,16418,18060
2020-06-05,2036,2240,2027,2230,6845,7530,2272,2500,2654,2920,20890,22980,20918,23010,16263,17890,16309,17940
2020-06-04,2027,2230,2018,2220,6818,7500,2245,2470,2636,2900,20745,22820,20781,22860,16354,17990,16400,18040
2020-06-03,2018,2220,2009,2210,6881,7570,2254,2480,2645,2910,20890,22980,20927,23020,16454,18100,16500,18150
2020-06-02,1999,2200,1990,2190,6818,7500,2209,2430,2654,2920,20472,22520,20500,22550,16172,17790,16209,17830
2020-06-01,2045,2250,2036,2240,6763,7440,2227,2450,2645,2910,20300,22330,20336,22370,15981,17580,16018,17620
2020-05-29,2027,2230,2018,2220,6709,7380,2209,2430,2600,2860,20063,22070,20090,22100,15845,17430,15936,17530
2020-05-28,1999,2200,1990,2190,6581,7240,2209,2430,2563,2820,19790,21770,19827,21810,15609,17170,15709,17280
2020-05-27,1990,2190,1981,2180,6709,7380,2272,2500,2645,2910,19954,21950,19981,21980,15890,17480,15990,17590
2020-05-26,1990,2190,1981,2180,6672,7340,2245,2470,2672,2940,20000,22000,20036,22040,15909,17500,15999,17600
2020-05-25,1981,2180,1972,2170,6636,7300,2227,2450,2654,2920,19881,21870,19918,21910,15818,17400,15909,17500
2020-05-22,1981,2180,1981,2180,6736,7410,2227,2450,2636,2900,19936,21930,19963,21960,16390,18030,16481,18130
2020-05-21,1972,2170,1963,2160,6790,7470,2281,2510,2709,2980,19927,21920,19963,21960,16245,17870,16336,17970
2020-05-20,1936,2130,1927,2120,6654,7320,2254,2480,2690,2960,19645,21610,19681,21650,15918,17510,16009,17610
2020-05-19,1945,2140,1945,2140,6654,7320,2245,2470,2690,2960,19672,21640,19709,21680,15754,17330,15845,17430
2020-05-18,1899,2090,1899,2090,6472,7120,2154,2370,2609,2870,19281,21210,19318,21250,15245,16770,15336,16870
2020-05-15,1909,2100,1909,2100,6481,7130,2172,2390,2600,2860,19345,21280,19372,21310,15481,17030,15572,17130
2020-05-14,1909,2100,1909,2100,6481,7130,2136,2350,2609,2870,19418,21360,19445,21390,15654,17220,15745,17320
2020-05-13,1909,2100,1899,2090,6527,7180,2190,2410,2645,2910,19509,21460,19536,21490,15754,17330,15845,17430
2020-05-12,1927,2120,1918,2110,6499,7150,2227,2450,2663,2930,19454,21400,19481,21430,15736,17310,15827,17410
2020-05-11,1909,2100,1909,2100,6527,7180,2190,2410,2636,2900,19354,21290,19390,21330,15690,17260,15781,17360
2020-05-08,1918,2110,1909,2100,6554,7210,2200,2420,2645,2910,19436,21380,19472,21420,15754,17330,15845,17430
2020-05-07,1909,2100,1899,2090,6445,7090,2172,2390,2609,2870,19363,21300,19390,21330,15690,17260,15781,17360
2020-05-06,1918,2110,1909,2100,6427,7070,2190,2410,2536,2790,19509,21460,19545,21500,15399,16940,15490,17040
2020-05-04,1909,2100,1899,2090,6318,6950,2163,2380,2509,2760,19054,20960,19090,21000,15209,16730,15309,16840
2020-05-01,1927,2120,1918,2110,6418,7060,2172,2390,2545,2800,19154,21070,19190,21110,15499,17050,15590,17150
2020-04-29,1945,2140,1936,2130,6472,7120,2190,2410,2545,2800,19500,21450,19536,21490,15718,17290,15809,17390
2020-04-28,1954,2150,1945,2140,6454,7100,2190,2410,2518,2770,19636,21600,19663,21630,15672,17240,15763,17340
2020-04-27,1981,2180,1972,2170,6436,7080,2181,2400,2509,2760,19054,20960,19090,21000,15790,17370,15881,17470
2020-04-24,1963,2160,1963,2160,6427,7070,2209,2430,2481,2730,19090,21000,19118,21030,15627,17190,15718,17290
2020-04-23,1972,2170,1963,2160,6409,7050,2236,2460,2509,2760,18918,20810,18945,20840,15454,17000,15545,17100
2020-04-22,1936,2130,1927,2120,6263,6890,2227,2450,2536,2790,18736,20610,18763,20640,15654,17220,15745,17320
2020-04-21,1936,2130,1927,2120,6409,7050,2245,2470,2554,2810,19136,21050,19172,21090,15927,17520,16018,17620
2020-04-20,1936,2130,1936,2130,6436,7080,2218,2440,2563,2820,18927,20820,18963,20860,15318,16850,15409,16950
2020-04-17,1963,2160,1954,2150,6399,7040,2263,2490,2563,2820,18972,20870,19009,20910,15109,16620,15199,16720
2020-04-16,1936,2130,1936,2130,6299,6930,2254,2480,2527,2780,18990,20890,19027,20930,14972,16470,15063,16570
2020-04-14,1899,2090,1899,2090,6190,6810,2281,2510,2490,2740,18909,20800,18936,20830,14854,16340,14954,16450
2020-04-13,1890,2080,1881,2070,6145,6760,2263,2490,2472,2720,18763,20640,18800,20680,14745,16220,14836,16320
2020-04-10,1909,2100,1899,2090,6199,6820,2290,2520,2490,2740,18936,20830,18963,20860,14881,16370,14972,16470
2020-04-09,1890,2080,1881,2070,6190,6810,2290,2520,2527,2780,18218,20040,18254,20080,14690,16160,14781,16260
2020-04-08,1909,2100,1899,2090,6236,6860,2318,2550,2527,2780,18518,20370,18554,20410,14654,16120,14754,16230
2020-04-07,1918,2110,1909,2100,6099,6710,2254,2480,2518,2770,18218,20040,18254,20080,14545,16000,14636,16100
2020-04-06,1936,2130,1927,2120,6045,6650,2236,2460,2500,2750,18018,19820,18054,19860,14499,15950,14590,16050
2020-04-03,1945,2140,1936,2130,6099,6710,2281,2510,2500,2750,18290,20120,18327,20160,14572,16030,14663,16130
2020-04-02,1954,2150,1945,2140,5999,6600,2318,2550,2481,2730,18290,20120,18318,20150,14536,15990,14627,16090
2020-04-01,1963,2160,1963,2160,6118,6730,2318,2550,2500,2750,18409,20250,18436,20280,14654,16120,14745,16220
2020-03-31,1981,2180,1972,2170,5945,6540,2290,2520,2481,2730,18390,20230,18409,20250,14663,16130,14781,16260
2020-03-30,1981,2180,1972,2170,5909,6500,2263,2490,2463,2710,17900,19690,17909,19700,14536,15990,14663,16130
2020-03-27,1999,2200,1990,2190,6018,6620,2281,2510,2481,2730,18227,20050,18245,20070,14618,16080,14745,16220
2020-03-26,1990,2190,1990,2190,6081,6690,2218,2440,2445,2690,18254,20080,18272,20100,14672,16140,14790,16270
2020-03-25,2036,2240,2036,2240,6136,6750,2172,2390,2454,2700,17427,19170,17436,19180,14872,16360,14990,16490
2020-03-24,2081,2290,2081,2290,5981,6580,2236,2460,2500,2750,17481,19230,17490,19240,14590,16050,14709,16180
2020-03-23,2090,2300,2081,2290,6109,6720,2263,2490,2509,2760,18009,19810,18027,19830,14790,16270,14918,16410
2020-03-20,2218,2440,2218,2440,6318,6950,2300,2530,2572,2830,18490,20340,18500,20350,15281,16810,15409,16950
2020-03-19,2172,2390,2172,2390,6009,6610,2290,2520,2481,2730,17500,19250,17509,19260,14990,16490,15109,16620
2020-03-18,2172,2390,2172,2390,6499,7150,2209,2430,2509,2760,18272,20100,18281,20110,15445,16990,15572,17130
2020-03-17,2181,2400,2172,2390,6590,7250,2309,2540,2563,2820,19309,21240,19318,21250,15436,16980,15554,17110
2020-03-16,2172,2390,2163,2380,6763,7440,2327,2560,2609,2870,20009,22010,20018,22020,15836,17420,15954,17550
2020-03-13,2127,2340,2118,2330,6663,7330,2354,2590,2518,2770,19972,21970,19981,21980,15072,16580,15190,16710
2020-03-12,2127,2340,2118,2330,6709,7380,2336,2570,2554,2810,20472,22520,20481,22530,15609,17170,15727,17300
2020-03-11,2145,2360,2145,2360,6745,7420,2381,2620,2536,2790,20681,22750,20700,22770,15927,17520,16045,17650
2020-03-10,2154,2370,2145,2360,6772,7450,2418,2660,,,20672,22740,20690,22760,16036,17640,16154,17770
2020-03-09,2127,2340,2118,2330,6781,7460,2463,2710,2545,2800,20663,22730,20672,22740,16099,17710,16218,17840
2020-03-06,2154,2370,2154,2370,6799,7480,2427,2670,2545,2800,20663,22730,20672,22740,16009,17610,16127,17740
2020-03-05,2181,2400,2172,2390,6845,7530,2418,2660,2527,2780,20654,22720,20663,22730,15836,17420,15954,17550
2020-03-04,2190,2410,2181,2400,6863,7550,2472,2720,2536,2790,20572,22630,20590,22650,15790,17370,15909,17500
2020-03-03,2172,2390,2172,2390,6899,7590,2463,2710,,,20409,22450,20427,22470,15936,17530,16054,17660
2020-03-02,2181,2400,2172,2390,6936,7630,2509,2760,2645,2910,20318,22350,20327,22360,15654,17220,15781,17360
2020-02-28,2190,2410,2181,2400,6945,7640,2454,2700,2672,2940,20345,22380,20454,22500,15845,17430,15972,17570
2020-02-27,2200,2420,2190,2410,6999,7700,2463,2710,2709,2980,20727,22800,20836,22920,16054,17660,16172,17790
2020-02-26,2190,2410,2190,2410,6981,7680,2527,2780,2672,2940,20700,22770,20809,22890,15836,17420,15954,17550
2020-02-25,2200,2420,2200,2420,7045,7750,2500,2750,2718,2990,20663,22730,20772,22850,15936,17530,16054,17660
2020-02-24,2200,2420,2190,2410,7072,7780,2472,2720,2772,3050,20581,22640,20690,22760,15909,17500,16036,17640
2020-02-21,2172,2390,2172,2390,6963,7660,2527,2780,2754,3030,20336,22370,20445,22490,15936,17530,16054,17660
2020-02-20,2163,2380,2163,2380,6954,7650,2509,2760,2754,3030,20118,22130,20218,22240,15999,17600,16118,17730
2020-02-19,2163,2380,2163,2380,6963,7660,2545,2800,2772,3050,20063,22070,20172,22190,15990,17590,16109,17720
2020-02-18,2154,2370,2154,2370,6990,7690,2463,2710,2790,3070,20090,22100,20200,22220,16263,17890,16381,18020
2020-02-17,2163,2380,2154,2370,6927,7620,2454,2700,2763,3040,20000,22000,20109,22120,16145,17760,16263,17890
2020-02-14,2190,2410,2181,2400,6954,7650,2463,2710,2800,3080,20063,22070,20172,22190,16463,18110,16581,18240
2020-02-13,2172,2390,2163,2380,6899,7590,2400,2640,2763,3040,19918,21910,20027,22030,16190,17810,16309,17940
2020-02-12,2172,2390,2163,2380,6890,7580,2400,2640,2763,3040,19927,21920,20036,22040,16236,17860,16354,17990
2020-02-11,2145,2360,2136,2350,6836,7520,2345,2580,2763,3040,19845,21830,19945,21940,16045,17650,16163,17780
2020-02-10,2172,2390,2163,2380,6827,7510,2372,2610,2781,3060,19654,21620,19763,21740,15899,17490,16018,17620
2020-02-07,2172,2390,2163,2380,6872,7560,2400,2640,2845,3130,20163,22180,20272,22300,16154,17770,16272,17900
2020-02-06,2172,2390,2163,2380,6918,7610,2381,2620,2881,3170,20218,22240,20327,22360,16436,18080,16554,18210
2020-02-05,2127,2340,2118,2330,6763,7440,2381,2620,2818,3100,19863,21850,19972,21970,15990,17590,16109,17720
2020-02-04,2136,2350,2136,2350,6699,7370,2409,2650,2818,3100,19845,21830,19954,21950,15963,17560,16081,17690
2020-02-03,2190,2410,2181,2400,6736,7410,2472,2720,2872,3160,20045,22050,20154,22170,16072,17680,16190,17810
2020-01-31,2190,2410,2190,2410,6718,7390,2390,2630,2845,3130,19372,21310,19427,21370,15709,17280,15827,17410
2020-01-30,2190,2410,2181,2400,6718,7390,2363,2600,2854,3140,19436,21380,19481,21430,15518,17070,15636,17200
2020-01-29,2200,2420,2200,2420,6790,7470,2454,2700,2872,3160,19536,21490,19590,21550,15509,17060,15627,17190
2020-01-28,2209,2430,2200,2420,6790,7470,2445,2690,2863,3150,19345,21280,19390,21330,15481,17030,15599,17160
2020-01-23,2254,2480,2245,2470,7190,7910,2527,2780,3036,3340,20600,22660,20645,22710,16627,18290,16745,18420
2020-01-22,2272,2500,2272,2500,7263,7990,2490,2740,3127,3440,20818,22900,20872,22960,16690,18360,16809,18490
2020-01-21,2245,2470,2245,2470,7336,8070,2463,2710,3090,3400,20990,23090,21036,23140,16972,18670,17090,18800
2020-01-20,2236,2460,2227,2450,7354,8090,2500,2750,3072,3380,20972,23070,21018,23120,16872,18560,16990,18690
2020-01-17,2245,2470,2236,2460,7372,8110,2527,2780,3072,3380,20827,22910,20881,22970,16736,18410,16854,18540
2020-01-16,2209,2430,2200,2420,7345,8080,2509,2760,3009,3310,20509,22560,20554,22610,17309,19040,17418,19160
2020-01-15,2218,2440,2209,2430,7363,8100,2436,2680,2990,3290,20481,22530,20527,22580,16763,18440,16872,18560
2020-01-14,2236,2460,2227,2450,7363,8100,2409,2650,2999,3300,20418,22460,20472,22520,17054,18760,17163,18880
2020-01-13,2245,2470,2245,2470,7290,8020,2445,2690,3009,3310,20354,22390,20400,22440,17254,18980,17372,19110
2020-01-10,2236,2460,2236,2460,7254,7980,2436,2680,2999,3300,20345,22380,20400,22440,17100,18810,17218,18940
2020-01-09,2254,2480,2245,2470,7327,8060,2427,2670,3072,3380,20418,22460,20463,22510,17227,18950,17336,19070
2020-01-08,2263,2490,2254,2480,7272,8000,2427,2670,2990,3290,20200,22220,20254,22280,17036,18740,17145,18860
2019-12-24,2263,2490,2254,2480,7299,8030,2436,2680,2899,3190,20527,22580,20763,22840,17490,19240,17609,19370
2019-12-23,2245,2470,2245,2470,7263,7990,2445,2690,2954,3250,20518,22570,20745,22820,17654,19420,17772,19550
2019-12-20,2263,2490,2254,2480,7345,8080,2427,2670,2945,3240,20654,22720,20881,22970,17318,19050,17436,19180
2019-12-19,2245,2470,2236,2460,7309,8040,2445,2690,2918,3210,20618,22680,20845,22930,17000,18700,17118,18830
2019-12-18,2227,2450,2227,2450,7327,8060,2390,2630,2899,3190,20645,22710,20872,22960,17072,18780,17190,18910
2019-12-17,2263,2490,2263,2490,7390,8130,2409,2650,2927,3220,20572,22630,20809,22890,17472,19220,17590,19350
2019-12-16,2245,2470,2245,2470,7281,8010,2436,2680,2872,3160,20590,22650,20827,22910,17409,19150,17527,19280
2019-12-13,2281,2510,2281,2510,7399,8140,2509,2760,2918,3210,20900,22990,21127,23240,17545,19300,17663,19430
2019-12-12,2290,2520,2281,2510,7445,8190,2527,2780,2890,3180,21090,23200,21327,23460,17354,19090,17472,19220
2019-12-11,2281,2510,2272,2500,7363,8100,2481,2730,2890,3180,21172,23290,21409,23550,16772,18450,16890,18580
2019-12-10,2290,2520,2281,2510,7327,8060,2454,2700,2899,3190,20827,22910,21063,23170,16681,18350,16800,18480
2019-12-09,2300,2530,2300,2530,7218,7940,2454,2700,2899,3190,20754,22830,20990,23090,16854,18540,16972,18670
2019-12-06,2281,2510,2272,2500,7099,7810,2472,2720,2899,3190,20436,22480,20672,22740,16654,18320,16772,18450
2019-12-05,2309,2540,2300,2530,7127,7840,2500,2750,2936,3230,20427,22470,20663,22730,16500,18150,16618,18280
2019-12-04,2300,2530,2300,2530,6999,7700,2463,2710,2863,3150,20309,22340,20545,22600,16690,18360,16809,18490
2019-12-03,2336,2570,2336,2570,7063,7770,2454,2700,2909,3200,19936,21930,20163,22180,17027,18730,17145,18860
2019-12-02,2309,2540,2309,2540,7027,7730,2490,2740,2954,3250,19890,21880,20118,22130,16963,18660,17081,18790
2019-11-29,2281,2510,2272,2500,7045,7750,2500,2750,2945,3240,19681,21650,20100,22110,17345,19080,17463,19210
2019-11-28,2290,2520,2281,2510,7109,7820,2490,2740,2963,3260,19627,21590,20045,22050,17754,19530,17872,19660
2019-11-27,2272,2500,2272,2500,7081,7790,2490,2740,2963,3260,19527,21480,19945,21940,18000,19800,18109,19920
2019-11-26,2254,2480,2245,2470,7009,7710,2472,2720,2945,3240,19672,21640,20090,22100,17845,19630,17963,19760
2019-11-25,2263,2490,2254,2480,7009,7710,2527,2780,2981,3280,19572,21530,19990,21990,18081,19890,18200,20020
2019-11-22,2254,2480,2254,2480,6972,7670,2518,2770,2963,3260,19618,21580,20036,22040,17890,19680,18009,19810
2019-11-21,2245,2470,2245,2470,6981,7680,2536,2790,2963,3260,19045,20950,19463,21410,17627,19390,17736,19510
2019-11-20,2218,2440,2218,2440,6963,7660,2536,2790,2990,3290,18963,20860,19372,21310,17963,19760,18072,19880
2019-11-19,2227,2450,2218,2440,6899,7590,2481,2730,2981,3280,18990,20890,19400,21340,18127,19940,18245,20070
2019-11-18,2254,2480,2245,2470,6927,7620,2536,2790,3045,3350,19072,20980,19481,21430,18336,20170,18445,20290
2019-11-15,2227,2450,2227,2450,6899,7590,2572,2830,3081,3390,19254,21180,19672,21640,18600,20460,18718,20590
2019-11-14,2263,2490,2254,2480,6909,7600,2600,2860,3099,3410,18990,20890,19409,21350,18836,20720,18954,20850
2019-11-13,2263,2490,2254,2480,6909,7600,2609,2870,3154,3470,19272,21200,19681,21650,19054,20960,19172,21090
2019-11-12,2281,2510,2272,2500,6963,7660,2663,2930,3199,3520,19645,21610,20054,22060,19036,20940,19154,21070
2019-11-11,2300,2530,2300,2530,6972,7670,2663,2930,3154,3470,19636,21600,20045,22050,19609,21570,19727,21700
2019-11-08,2318,2550,2309,2540,7045,7750,2672,2940,3163,3480,19509,21460,19927,21920,19663,21630,19772,21750
2019-11-07,2300,2530,2290,2520,6936,7630,2672,2940,3145,3460,19454,21400,19863,21850,19709,21680,19827,21810
2019-11-06,2300,2530,2300,2530,6972,7670,2718,2990,3181,3500,19336,21270,19745,21720,19736,21710,19854,21840
2019-11-05,2309,2540,2300,2530,6909,7600,2736,3010,3245,3570,19327,21260,19736,21710,19872,21860,19981,21980
2019-11-04,2290,2520,2281,2510,6918,7610,2754,3030,3236,3560,19536,21490,19945,21940,20463,22510,20572,22630
2019-11-01,2236,2460,2236,2460,6836,7520,2745,3020,3172,3490,19500,21450,19918,21910,20281,22310,20400,22440
2019-10-31,2254,2480,2245,2470,6999,7700,2827,3110,3227,3550,19900,21890,20300,22330,20527,22580,20645,22710
2019-10-30,2236,2460,2227,2450,6999,7700,2881,3170,3236,3560,19890,21880,20281,22310,20490,22540,20609,22670
2019-10-29,2227,2450,2218,2440,7018,7720,2863,3150,3263,3590,19863,21850,20263,22290,20390,22430,20509,22560
2019-10-28,2218,2440,2209,2430,7054,7760,2854,3140,3227,3550,19836,21820,20245,22270,20563,22620,20681,22750
2019-10-25,2209,2430,2209,2430,7009,7710,2854,3140,3199,3520,19954,21950,20354,22390,20645,22710,20763,22840
2019-10-24,2218,2440,2209,2430,6999,7700,2854,3140,3163,3480,19672,21640,20072,22080,20300,22330,20418,22460
2019-10-23,2200,2420,2190,2410,6899,7590,2836,3120,3145,3460,19981,21980,20381,22420,20172,22190,20290,22320
2019-10-22,2218,2440,2209,2430,6927,7620,2845,3130,3163,3480,19936,21930,20336,22370,19727,21700,19845,21830
2019-10-21,2245,2470,2245,2470,6963,7660,2818,3100,3172,3490,20309,22340,20718,22790,20154,22170,20272,22300
2019-10-18,2245,2470,2245,2470,6909,7600,2854,3140,3163,3480,20636,22700,21045,23150,20327,22360,20445,22490
2019-10-17,2245,2470,2236,2460,6899,7590,2800,3080,3154,3470,20327,22360,20736,22810,20536,22590,20654,22720
2019-10-16,2236,2460,2227,2450,6936,7630,2763,3040,3145,3460,20054,22060,20463,22510,21163,23280,21281,23410
2019-10-15,2227,2450,2218,2440,6981,7680,2745,3020,3127,3440,19863,21850,20272,22300,20663,22730,20781,22860
2019-10-14,2245,2470,2236,2460,6981,7680,2818,3100,3145,3460,19927,21920,20336,22370,21981,24180,22100,24310
2019-10-11,2290,2520,2290,2520,7009,7710,2809,3090,3136,3450,19972,21970,20381,22420,22209,24430,22327,24560
2019-10-10,2272,2500,2263,2490,6872,7560,2763,3040,3009,3310,19909,21900,20318,22350,21772,23950,21890,24080
2019-10-08,2281,2510,2281,2510,6936,7630,2854,3140,2990,3290,19836,21820,20254,22280,22218,24440,22336,24570
2019-10-07,2245,2470,2236,2460,6845,7530,2818,3100,3027,3330,20009,22010,20427,22470,22336,24570,22454,24700
2019-10-04,2254,2480,2254,2480,6918,7610,2790,3070,3045,3350,20172,22190,20581,22640,22354,24590,22472,24720
2019-10-02,2263,2490,2263,2490,6909,7600,2727,3000,3027,3330,19781,21760,20200,22220,21809,23990,21927,24120
2019-10-01,2236,2460,2227,2450,6945,7640,2772,3050,3136,3450,19354,21290,19763,21740,21500,23650,21618,23780
2019-09-30,2263,2490,2254,2480,7009,7710,2681,2950,3054,3360,19663,21630,20054,22060,21709,23880,21827,24010
2019-09-27,2263,2490,2254,2480,6945,7640,2709,2980,3036,3340,19845,21830,20236,22260,21690,23860,21809,23990
2019-09-26,2272,2500,2272,2500,7027,7730,2727,3000,2999,3300,20136,22150,20527,22580,21854,24040,21972,24170
2019-09-25,2281,2510,2281,2510,6999,7700,2672,2940,2972,3270,20045,22050,20436,22480,21581,23740,21700,23870
2019-09-24,2309,2540,2309,2540,6990,7690,2681,2950,3027,3330,20063,22070,20454,22500,21909,24100,22027,24230
2019-09-23,2309,2540,2309,2540,6972,7670,2718,2990,2972,3270,20209,22230,20600,22660,21881,24070,22000,24200
2019-09-20,2327,2560,2318,2550,6999,7700,2700,2970,2990,3290,20009,22010,20400,22440,21709,23880,21827,24010
2019-09-19,2290,2520,2290,2520,7009,7710,2663,2930,2990,3290,20190,22210,20581,22640,21518,23670,21636,23800
2019-09-18,2300,2530,2290,2520,7018,7720,2654,2920,3027,3330,20409,22450,20800,22880,21281,23410,21400,23540
2019-09-17,2290,2520,2281,2510,7036,7740,2672,2940,3027,3330,20636,22700,21018,23120,21554,23710,21672,23840
2019-09-16,2318,2550,2318,2550,7209,7930,2709,2980,3072,3380,19954,21950,20345,22380,22109,24320,22227,24450
2019-09-11,2345,2580,2345,2580,7036,7740,2727,3000,3027,3330,21136,23250,21527,23680,22536,24790,22654,24920
2019-09-10,2318,2550,2318,2550,7027,7730,2727,3000,2990,3290,21009,23110,21400,23540,22500,24750,22618,24880
2019-09-09,2318,2550,2309,2540,7072,7780,2709,2980,3027,3330,21181,23300,21581,23740,22145,24360,22263,24490
2019-09-06,2318,2550,2309,2540,7118,7830,2681,2950,3054,3360,21290,23420,21690,23860,21927,24120,22045,24250
2019-09-05,2318,2550,2309,2540,7036,7740,2681,2950,3036,3340,21100,23210,21500,23650,22681,24950,22672,24940
2019-09-04,2300,2530,2300,2530,6909,7600,2636,2900,2927,3220,20645,22710,21045,23150,22827,25110,22927,25220
2019-09-03,2290,2520,2281,2510,6899,7590,2663,2930,2963,3260,20700,22770,21090,23200,22854,25140,22954,25250
2019-09-02,2290,2520,2290,2520,6972,7670,2663,2930,2909,3200,20145,22160,20545,22600,22727,25000,22827,25110
2019-08-30,2309,2540,2300,2530,7063,7770,2736,3010,2999,3300,19618,21580,19972,21970,21063,23170,21181,23300
2019-08-29,2290,2520,2281,2510,6999,7700,2736,3010,2972,3270,19527,21480,19881,21870,20572,22630,20690,22760
2019-08-28,2309,2540,2300,2530,6972,7670,2772,3050,2990,3290,19500,21450,19854,21840,20036,22040,20154,22170
2019-08-27,2336,2570,2327,2560,6954,7650,2754,3030,2972,3270,19772,21750,20127,22140,20072,22080,20200,22220
2019-08-26,2318,2550,2318,2550,6909,7600,2736,3010,2954,3250,19654,21620,20009,22010,19954,21950,20081,22090
2019-08-23,2309,2540,2300,2530,6954,7650,2709,2980,2936,3230,19954,21950,20309,22340,19890,21880,20009,22010
2019-08-22,2309,2540,2309,2540,6981,7680,2736,3010,2981,3280,19900,21890,20254,22280,19990,21990,20109,22120
2019-08-21,2327,2560,2318,2550,6981,7680,2718,2990,2909,3200,20309,22340,20663,22730,20109,22120,20227,22250
2019-08-20,2345,2580,2336,2570,7072,7780,2709,2980,2954,3250,20354,22390,20709,22780,20236,22260,20354,22390
2019-08-19,2336,2570,2336,2570,7045,7750,2700,2970,2954,3250,20500,22550,20854,22940,20572,22630,20690,22760
2019-08-16,2336,2570,2327,2560,7063,7770,2736,3010,2963,3260,21245,23370,21600,23760,20681,22750,20809,22890
2019-08-14,2354,2590,2345,2580,7209,7930,2772,3050,3063,3370,21363,23500,21718,23890,20381,22420,20509,22560
2019-08-13,2327,2560,2318,2550,7072,7780,2754,3030,2990,3290,20918,23010,21272,23400,20000,22000,20118,22130
2019-08-12,2318,2550,2309,2540,7054,7760,2745,3020,2927,3220,20809,22890,21272,23400,19700,21670,19827,21810
2019-08-09,2327,2560,2318,2550,7099,7810,2763,3040,3009,3310,20809,22890,21163,23280,20081,22090,20200,22220
2019-08-08,2290,2520,2281,2510,7018,7720,2663,2930,2963,3260,20790,22870,21145,23260,18909,20800,19027,20930
2019-08-07,2309,2540,2309,2540,6990,7690,2663,2930,3027,3330,21081,23190,21445,23590,19081,20990,19209,21130
2019-08-06,2318,2550,2309,2540,6999,7700,2609,2870,3036,3340,20945,23040,21300,23430,19009,20910,19127,21040
2019-08-05,2290,2520,2281,2510,6945,7640,2554,2810,3036,3340,20727,22800,21081,23190,18218,20040,18336,20170
2019-08-02,2290,2520,2281,2510,7099,7810,2572,2830,3072,3380,20981,23080,21327,23460,18227,20050,18345,20180
2019-08-01,2300,2530,2290,2520,7099,7810,2581,2840,3118,3430,20872,22960,21227,23350,18000,19800,18118,19930
2019-07-31,2309,2540,2300,2530,7118,7830,2572,2830,3172,3490,21036,23140,21400,23540,17818,19600,17936,19730
2019-07-30,2318,2550,2318,2550,7218,7940,2636,2900,3199,3520,21254,23380,21618,23780,17854,19640,17972,19770
2019-07-29,2309,2540,2309,2540,7154,7870,2663,2930,3163,3480,21336,23470,21700,23870,17563,19320,17681,19450
2019-07-26,2336,2570,2327,2560,7190,7910,2736,3010,3136,3450,21509,23660,21872,24060,17472,19220,17590,19350
2019-07-25,2327,2560,2318,2550,7163,7880,2681,2950,3154,3470,21545,23700,21900,24090,17981,19780,18100,19910
2019-07-24,2318,2550,2309,2540,7127,7840,2618,2880,3127,3440,21245,23370,21600,23760,17554,19310,17672,19440
2019-07-23,2318,2550,2309,2540,7181,7900,2581,2840,3090,3400,21490,23640,21854,24040,17690,19460,17809,19590
2019-07-22,2345,2580,2345,2580,7227,7950,2618,2880,3090,3400,21290,23420,21654,23820,18136,19950,18254,20080
2019-07-19,2363,2600,2363,2600,7154,7870,2636,2900,3154,3470,21409,23550,21772,23950,18363,20200,18481,20330
2019-07-18,2363,2600,2363,2600,7163,7880,2581,2840,3181,3500,21554,23710,21909,24100,17927,19720,18045,19850
2019-07-17,2363,2600,2363,2600,7199,7920,2554,2810,3190,3510,21581,23740,21945,24140,17381,19120,17500,19250
2019-07-16,2363,2600,2354,2590,7181,7900,2554,2810,3163,3480,21481,23630,21845,24030,16927,18620,17045,18750
2019-07-15,2336,2570,2336,2570,7118,7830,2554,2810,3145,3460,21854,24040,22218,24440,16700,18370,16818,18500
2019-07-12,2336,2570,2327,2560,7109,7820,2536,2790,3118,3430,21909,24100,22263,24490,16227,17850,16345,17980
2019-07-11,2372,2610,2372,2610,7136,7850,2563,2820,3109,3420,21881,24070,22245,24470,16163,17780,16281,17910
2019-07-10,2345,2580,2336,2570,6981,7680,2490,2740,3045,3350,21918,24110,22272,24500,15818,17400,15936,17530
2019-07-09,2327,2560,2318,2550,7072,7780,2436,2680,3063,3370,22281,24510,22636,24900,15872,17460,15990,17590
2019-07-08,2300,2530,2290,2520,7018,7720,2390,2630,3072,3380,21918,24110,22272,24500,15418,16960,15527,17080
2019-07-05,2290,2520,2290,2520,7036,7740,2400,2640,3109,3420,21890,24080,22245,24470,15218,16740,15336,16870
2019-07-04,2272,2500,2272,2500,7045,7750,2409,2650,3181,3500,21872,24060,22236,24460,15254,16780,15372,16910
2019-07-03,2254,2480,2254,2480,6972,7670,2418,2660,3218,3540,21027,23130,21381,23520,14872,16360,14990,16490
2019-07-02,2263,2490,2254,2480,7009,7710,2418,2660,3190,3510,22318,24550,22672,24940,15081,16590,15199,16720
2019-07-01,2263,2490,2254,2480,7036,7740,2436,2680,3218,3540,22181,24400,22527,24780,15436,16980,15554,17110
2019-06-28,2263,2490,2254,2480,7054,7760,2445,2690,3218,3540,22318,24550,22618,24880,15527,17080,15645,17210
2019-06-27,2281,2510,2281,2510,7036,7740,2427,2670,3263,3590,22209,24430,22509,24760,15236,16760,15354,16890
2019-06-26,2281,2510,2272,2500,7099,7810,2436,2680,3336,3670,22545,24800,22845,25130,15009,16510,15127,16640
2019-06-25,2254,2480,2245,2470,6999,7700,2409,2650,,,22581,24840,22881,25170,14827,16310,14945,16440
2019-06-24,2236,2460,2227,2450,7063,7770,2409,2650,,,22699,24970,22999,25300,14863,16350,14981,16480
2019-06-21,2254,2480,2245,2470,7054,7760,2418,2660,3254,3580,22836,25120,23136,25450,15081,16590,15199,16720
2019-06-20,2281,2510,2272,2500,7063,7770,2436,2680,3318,3650,22799,25080,23109,25420,15018,16520,15136,16650
2019-06-19,2290,2520,2281,2510,7163,7880,2481,2730,3390,3730,23318,25650,23618,25980,14963,16460,15081,16590
2019-06-18,2263,2490,2254,2480,7036,7740,2454,2700,3345,3680,23163,25480,23472,25820,14754,16230,14872,16360
2019-06-17,2263,2490,2263,2490,7009,7710,2427,2670,3309,3640,23454,25800,23718,26090,14863,16350,14981,16480
2019-06-14,2290,2520,2281,2510,7027,7730,2454,2700,3327,3660,23618,25980,23763,26140,14799,16280,14918,16410
2019-06-13,2290,2520,2290,2520,7018,7720,2472,2720,3381,3720,23609,25970,23754,26130,14790,16270,14909,16400
2019-06-12,2272,2500,2272,2500,7045,7750,2509,2760,3399,3740,23272,25600,23581,25940,14818,16300,14936,16430
2019-06-11,2281,2510,2272,2500,7081,7790,2500,2750,3381,3720,23445,25790,23709,26080,14590,16050,14709,16180
2019-06-10,2263,2490,2254,2480,6954,7650,2381,2620,3354,3690,23363,25700,23618,25980,14518,15970,14636,16100
2019-06-07,2272,2500,2263,2490,6954,7650,2463,2710,3381,3720,23354,25690,23618,25980,14545,16000,14663,16130
2019-06-05,2300,2530,2290,2520,7054,7760,2390,2630,3354,3690,23281,25610,23590,25950,14790,16270,14909,16400
2019-06-04,2281,2510,2281,2510,7009,7710,2345,2580,3354,3690,23381,25720,23645,26010,14854,16340,14972,16470
2019-06-03,2327,2560,2318,2550,7045,7750,2345,2580,3427,3770,22936,25230,23236,25560,15145,16660,15272,16800
2019-05-31,2300,2530,2300,2530,7063,7770,2336,2570,3490,3840,22972,25270,23281,25610,15327,16860,15445,16990
2019-05-30,2327,2560,2318,2550,7136,7850,2381,2620,3481,3830,23063,25370,23363,25700,15236,16760,15363,16900
2019-05-29,2318,2550,2318,2550,7190,7910,2354,2590,3499,3850,23590,25950,23854,26240,15236,16760,15354,16890
2019-05-28,2309,2540,2309,2540,7172,7890,2354,2590,3490,3840,23718,26090,23981,26380,15518,17070,15636,17200
2019-05-27,2318,2550,2309,2540,7199,7920,2363,2600,3499,3850,23799,26180,24063,26470,15563,17120,15681,17250
2019-05-24,2318,2550,2309,2540,7163,7880,2345,2580,3445,3790,23845,26230,24145,26560,15036,16540,15154,16670
2019-05-23,2300,2530,2290,2520,7181,7900,2336,2570,3463,3810,23890,26280,24181,26600,15181,16700,15299,16830
2019-05-22,2318,2550,2309,2540,7272,8000,2345,2580,3518,3870,24036,26440,24336,26770,15309,16840,15427,16970
2019-05-21,2327,2560,2318,2550,7318,8050,2345,2580,3518,3870,23981,26380,24272,26700,15190,16710,15318,16850
2019-05-20,2372,2610,2372,2610,7363,8100,2372,2610,3554,3910,24036,26440,24327,26760,15245,16770,15363,16900
2019-05-17,2400,2640,2390,2630,7381,8120,2381,2620,3590,3950,23890,26280,24190,26610,15427,16970,15545,17100
2019-05-16,2381,2620,2381,2620,7345,8080,2345,2580,3545,3900,24309,26740,24599,27060,15345,16880,15463,17010
2019-05-15,2372,2610,2363,2600,7281,8010,2327,2560,3499,3850,24281,26710,24572,27030,15063,16570,15181,16700
2019-05-14,2327,2560,2318,2550,7254,7980,2309,2540,3481,3830,23681,26050,23936,26330,14854,16340,14972,16470
2019-05-13,2300,2530,2300,2530,7336,8070,2336,2570,3499,3850,23845,26230,24099,26510,14872,16360,14990,16490
2019-05-10,2300,2530,2290,2520,7327,8060,2354,2590,3463,3810,23436,25780,23690,26060,14727,16200,14845,16330
2019-05-09,2272,2500,2272,2500,7318,8050,2400,2640,3481,3830,23427,25770,23690,26060,14799,16280,14918,16410
2019-05-08,2290,2520,2290,2520,7345,8080,2363,2600,3545,3900,23309,25640,23599,25960,14863,16350,14981,16480
2019-05-07,2281,2510,2272,2500,7436,8180,2409,2650,3627,3990,23227,25550,23527,25880,15081,16590,15190,16710
2019-05-03,2309,2540,2300,2530,7336,8070,2372,2610,3545,3900,23081,25390,23372,25710,14954,16450,15063,16570
2019-05-02,2327,2560,2318,2550,7418,8160,2345,2580,3609,3970,23454,25800,23709,26080,15009,16510,15127,16640
2019-05-01,2290,2520,2290,2520,7654,8420,2427,2670,3727,4100,23572,25930,23827,26210,15045,16550,15163,16680
2019-04-30,2263,2490,2263,2490,7581,8340,2472,2720,3645,4010,23381,25720,23636,26000,15154,16670,15272,16800
2019-04-29,2281,2510,2272,2500,7590,8350,2454,2700,3618,3980,23772,26150,24027,26430,15218,16740,15327,16860
2019-04-26,2300,2530,2300,2530,7536,8290,2427,2670,3590,3950,23618,25980,23872,26260,15090,16600,15209,16730
2019-04-25,2300,2530,2300,2530,7581,8340,2400,2640,3536,3890,23272,25600,23563,25920,15054,16560,15163,16680
2019-04-24,2272,2500,2272,2500,7463,8210,2363,2600,3509,3860,23318,25650,23609,25970,14909,16400,15027,16530
2019-04-23,2281,2510,2272,2500,7536,8290,2390,2630,3536,3890,23736,26110,23981,26380,15227,16750,15345,16880
2019-04-22,2272,2500,2263,2490,7499,8250,2381,2620,3518,3870,23636,26000,23881,26270,15163,16680,15281,16810
2019-04-19,2272,2500,2263,2490,7499,8250,2381,2620,3518,3870,23636,26000,23881,26270,15163,16680,15281,16810
2019-04-18,2245,2470,2236,2460,7581,8340,2390,2630,3572,3930,23745,26120,23990,26390,15390,16930,15509,17060
2019-04-17,2245,2470,2245,2470,7509,8260,2354,2590,3554,3910,23918,26310,24199,26620,15472,17020,15581,17140
2019-04-16,2254,2480,2245,2470,7472,8220,2390,2630,3645,4010,23909,26300,24190,26610,15481,17030,15590,17150
2019-04-15,2263,2490,2254,2480,7527,8280,2372,2610,3718,4090,24063,26470,24345,26780,15599,17160,15718,17290
2019-04-12,2263,2490,2254,2480,7436,8180,2372,2610,3609,3970,23981,26380,24263,26690,15545,17100,15663,17230
2019-04-11,2254,2480,2245,2470,7499,8250,2400,2640,3618,3980,24299,26730,24581,27040,15818,17400,15927,17520
2019-04-10,2281,2510,2272,2500,7554,8310,2436,2680,3599,3960,24418,26860,24699,27170,15836,17420,15954,17550
2019-04-09,2272,2500,2272,2500,7554,8310,2463,2710,3645,4010,24445,26890,24727,27200,15863,17450,15972,17570
2019-04-08,2281,2510,2272,2500,7418,8160,2436,2680,3645,4010,24481,26930,24763,27240,15618,17180,15736,17310
2019-04-05,2290,2520,2281,2510,7472,8220,2445,2690,3636,4000,24636,27100,24918,27410,15718,17290,15836,17420
2019-04-04,2281,2510,2281,2510,7509,8260,2463,2710,3663,4030,24645,27110,24927,27420,15881,17470,15990,17590
2019-04-03,2281,2510,2272,2500,7445,8190,2436,2680,3581,3940,24663,27130,24945,27440,15690,17260,15809,17390
2019-04-02,2290,2520,2281,2510,7490,8240,2472,2720,3654,4020,24872,27360,25145,27660,15618,17180,15727,17300
2019-04-01,2309,2540,2309,2540,7518,8270,2472,2720,3663,4030,24809,27290,25090,27600,15490,17040,15609,17170
2019-03-29,2300,2530,2300,2530,7381,8120,2481,2730,3590,3950,24881,27370,25163,27680,15454,17000,15572,17130
2019-03-28,2309,2540,2300,2530,7336,8070,2463,2710,3599,3960,24745,27220,25027,27530,15627,17190,15745,17320
2019-03-27,2272,2500,2263,2490,7327,8060,2436,2680,3572,3930,24663,27130,24936,27430,15636,17200,15745,17320
2019-03-26,2263,2490,2254,2480,7336,8070,2454,2700,3518,3870,24754,27230,25027,27530,15509,17060,15618,17180
2019-03-25,2281,2510,2272,2500,7281,8010,2472,2720,3472,3820,24754,27230,25027,27530,15481,17030,15599,17160
2019-03-22,2272,2500,2263,2490,7399,8140,2481,2730,3499,3850,24636,27100,24909,27400,15463,17010,15572,17130
2019-03-21,2318,2550,2318,2550,7472,8220,2490,2740,3536,3890,24681,27150,24954,27450,15736,17310,15854,17440
2019-03-20,2336,2570,2327,2560,7463,8210,2472,2720,3481,3830,24581,27040,24863,27350,15654,17220,15772,17350
2019-03-19,2309,2540,2300,2530,7454,8200,2490,2740,3445,3790,24490,26940,24772,27250,15536,17090,15654,17220
2019-03-18,2290,2520,2281,2510,7481,8230,2527,2780,3481,3830,24490,26940,24772,27250,15518,17070,15627,17190
2019-03-15,2290,2520,2281,2510,7427,8170,2581,2840,3527,3880,24563,27020,24845,27330,15427,16970,15545,17100
2019-03-14,2290,2520,2281,2510,7509,8260,2600,2860,3527,3880,24509,26960,24790,27270,15763,17340,15881,17470
2019-03-13,2245,2470,2236,2460,7490,8240,2536,2790,3527,3880,24636,27100,24918,27410,15609,17170,15718,17290
2019-03-12,2218,2440,2209,2430,7445,8190,2536,2790,3418,3760,24381,26820,24654,27120,15427,16970,15536,17090
2019-03-11,2254,2480,2245,2470,7445,8190,2563,2820,3354,3690,24809,27290,25081,27590,15681,17250,15799,17380
2019-03-08,2236,2460,2227,2450,7436,8180,2563,2820,3354,3690,24763,27240,25045,27550,15754,17330,15872,17460
2019-03-07,2236,2460,2236,2460,7481,8230,2554,2810,3427,3770,24672,27140,24954,27450,16154,17770,16263,17890
2019-03-06,2236,2460,2236,2460,7518,8270,2545,2800,3418,3760,24772,27250,25045,27550,16181,17800,16290,17920
2019-03-05,2236,2460,2236,2460,7418,8160,2554,2810,3381,3720,24690,27160,24963,27460,15718,17290,15827,17410
2019-03-04,2290,2520,2281,2510,7481,8230,2600,2860,3436,3780,24881,27370,25163,27680,15654,17220,15763,17340
2019-02-28,2281,2510,2272,2500,7472,8220,2581,2840,3363,3700,24727,27200,24999,27500,15390,16930,15499,17050
2019-02-27,2272,2500,2263,2490,7445,8190,2527,2780,3354,3690,24818,27300,25090,27600,15272,16800,15390,16930
2019-02-26,2263,2490,2263,2490,7463,8210,2527,2780,3327,3660,25018,27520,25290,27820,15327,16860,15445,16990
2019-02-25,2290,2520,2281,2510,7481,8230,2527,2780,3345,3680,24863,27350,25136,27650,15409,16950,15518,17070
2019-02-22,2281,2510,2272,2500,7345,8080,2518,2770,3299,3630,24663,27130,24945,27440,15254,16780,15363,16900
2019-02-21,2236,2460,2227,2450,7372,8110,2481,2730,3318,3650,24390,26830,24672,27140,15290,16820,15399,16940
2019-02-20,2227,2450,2218,2440,7299,8030,2463,2710,3281,3610,24381,26820,24663,27130,15072,16580,15181,16700
2019-02-19,2209,2430,2209,2430,7272,8000,2472,2720,3254,3580,24309,26740,24581,27040,14809,16290,14918,16410
2019-02-18,2218,2440,2209,2430,7136,7850,2536,2790,3254,3580,24454,26900,24727,27200,14781,16260,14899,16390
2019-02-15,2209,2430,2200,2420,7045,7750,2490,2740,3172,3490,24036,26440,24309,26740,14509,15960,14627,16090
2019-02-14,2218,2440,2209,2430,7009,7710,2454,2700,3172,3490,24190,26610,24463,26910,14699,16170,14809,16290
2019-02-13,2218,2440,2209,2430,6990,7690,2472,2720,3181,3500,24027,26430,24309,26740,14727,16200,14845,16330
2019-02-12,2245,2470,2245,2470,7045,7750,2481,2730,3236,3560,24145,26560,24427,26870,14827,16310,14945,16440
2019-02-11,2245,2470,2245,2470,7099,7810,2518,2770,3299,3630,24172,26590,24454,26900,14918,16410,15027,16530
2019-02-08,2263,2490,2254,2480,7145,7860,2518,2770,3318,3650,24072,26480,24345,26780,15390,16930,15499,17050
2019-02-07,2263,2490,2254,2480,7145,7860,2518,2770,3290,3620,24018,26420,24290,26720,15254,16780,15363,16900
2019-02-01,2263,2490,2254,2480,6990,7690,2536,2790,3299,3630,23781,26160,24018,26420,14672,16140,14781,16260
2019-01-31,2281,2510,2272,2500,6972,7670,2518,2770,3263,3590,23845,26230,24045,26450,14654,16120,14763,16240
2019-01-30,2263,2490,2254,2480,6881,7570,2500,2750,3227,3550,23754,26130,23963,26360,14399,15840,14509,15960
2019-01-29,2227,2450,2227,2450,6827,7510,2509,2760,3263,3590,23763,26140,23963,26360,14081,15490,14199,15620
2019-01-28,2300,2530,2300,2530,6909,7600,2563,2820,3272,3600,23872,26260,24081,26490,14299,15730,14409,15850
2019-01-25,2281,2510,2281,2510,6790,7470,2545,2800,3254,3580,24299,26730,24581,27040,14163,15580,14272,15700
2019-01-24,2309,2540,2300,2530,6818,7500,2481,2730,3227,3550,23927,26320,24209,26630,14054,15460,14172,15590
2019-01-23,2290,2520,2290,2520,6818,7500,2472,2720,3190,3510,23781,26160,23990,26390,13972,15370,14081,15490
2019-01-22,2254,2480,2245,2470,6854,7540,2463,2710,,,23909,26300,24190,26610,14190,15610,14299,15730
2019-01-21,2254,2480,2254,2480,6909,7600,2427,2670,,,23790,26170,23999,26400,14154,15570,14263,15690
2019-01-18,2236,2460,2236,2460,6836,7520,2381,2620,,,23754,26130,23963,26360,13899,15290,14018,15420
2019-01-17,2227,2450,2227,2450,6790,7470,2390,2630,,,23663,26030,23872,26260,13890,15280,14009,15410
2019-01-16,2209,2430,2200,2420,6736,7410,2381,2620,3009,3310,23799,26180,23999,26400,14009,15410,14127,15540
2019-01-15,2190,2410,2181,2400,6727,7400,2409,2650,,,23690,26060,23890,26280,13690,15060,13809,15190
2019-01-14,2190,2410,2181,2400,6754,7430,2418,2660,,,23281,25610,23536,25890,13681,15050,13790,15170
2019-01-11,2227,2450,2218,2440,6745,7420,2390,2630,,,23136,25450,23399,25740,13454,14800,13572,14930
2019-01-10,2227,2450,2218,2440,6809,7490,2400,2640,,,23081,25390,23336,25670,13490,14840,13599,14960
2019-01-09,2245,2470,2236,2460,6763,7440,2400,2640,3099,3410,22954,25250,23209,25530,13436,14780,13545,14900
2018-12-26,2309,2540,2309,2540,6818,7500,2427,2670,,,22427,24670,22645,24910,13181,14500,13299,14630
2018-12-24,2318,2550,2309,2540,6845,7530,2390,2630,,,22318,24550,22536,24790,13145,14460,13263,14590
2018-12-21,2336,2570,2327,2560,6881,7570,2418,2660,,,22381,24620,22599,24860,13254,14580,13363,14700
2018-12-20,2345,2580,2336,2570,6872,7560,2390,2630,,,22227,24450,22445,24690,13245,14570,13354,14690
2018-12-19,2345,2580,2345,2580,6863,7550,2409,2650,,,22318,24550,22536,24790,13181,14500,13299,14630
2018-12-18,2381,2620,2372,2610,7045,7750,2363,2600,,,22518,24770,22736,25010,13381,14720,13490,14840
2018-12-17,2336,2570,2327,2560,7072,7780,2390,2630,3154,3470,22481,24730,22699,24970,13490,14840,13599,14960
2018-12-14,2327,2560,2318,2550,7063,7770,2372,2610,3209,3530,22409,24650,22627,24890,13145,14460,13254,14580
2018-12-13,2345,2580,2336,2570,7081,7790,2409,2650,3236,3560,22409,24650,22627,24890,13136,14450,13254,14580
2018-12-12,2354,2590,2345,2580,7118,7830,2409,2650,3263,3590,22218,24440,22436,24680,13127,14440,13236,14560
2018-12-11,2354,2590,2345,2580,6999,7700,2372,2610,3227,3550,21945,24140,22163,24380,13118,14430,13236,14560
2018-12-10,2363,2600,2354,2590,7027,7730,2409,2650,3254,3580,21863,24050,22081,24290,13172,14490,13281,14610
2018-12-07,2345,2580,2336,2570,6954,7650,2400,2640,3281,3610,21809,23990,22027,24230,13109,14420,13218,14540
2018-12-06,2372,2610,2363,2600,7027,7730,2381,2620,3309,3640,21963,24160,22181,24400,13454,14800,13563,14920
2018-12-05,2354,2590,2345,2580,7009,7710,2390,2630,3245,3570,21772,23950,21981,24180,13263,14590,13372,14710
2018-12-04,2363,2600,2363,2600,7154,7870,2354,2590,,,21527,23680,21736,23910,13436,14780,13554,14910
2018-12-03,2372,2610,2363,2600,7127,7840,2390,2630,,,21200,23320,21418,23560,13518,14870,13627,14990
2018-11-30,2345,2580,2336,2570,7136,7850,2336,2570,,,21390,23530,21527,23680,13345,14680,13436,14780
2018-11-29,2345,2580,2336,2570,7181,7900,2336,2570,3118,3430,21200,23320,21336,23470,13145,14460,13227,14550
2018-11-28,2345,2580,2336,2570,7099,7810,2318,2550,3090,3400,21290,23420,21427,23570,13145,14460,13236,14560
2018-11-27,2372,2610,2363,2600,7163,7880,2363,2600,3127,3440,21990,24190,22127,24340,13263,14590,13345,14680
2018-11-26,2372,2610,2363,2600,7190,7910,2390,2630,3209,3530,21945,24140,22081,24290,13327,14660,13418,14760
2018-11-23,2363,2600,2354,2590,7245,7970,2418,2660,3263,3590,22427,24670,22563,24820,13372,14710,13463,14810
2018-11-22,2372,2610,2372,2610,7236,7960,2436,2680,3263,3590,22463,24710,22590,24850,13463,14810,13545,14900
2018-11-21,2345,2580,2345,2580,7127,7840,2372,2610,3227,3550,22536,24790,22672,24940,13472,14820,13563,14920
2018-11-20,2336,2570,2336,2570,7245,7970,2436,2680,3290,3620,22827,25110,22963,25260,13609,14970,13690,15060
2018-11-19,2345,2580,2336,2570,7163,7880,2436,2680,3281,3610,22518,24770,22654,24920,13809,15190,13890,15280
2018-11-16,2327,2560,2327,2560,7145,7860,2354,2590,3245,3570,22572,24830,22709,24980,13699,15070,13781,15160
2018-11-15,2363,2600,2354,2590,7072,7780,2381,2620,3163,3480,22590,24850,22727,25000,13818,15200,13899,15290
2018-11-14,2354,2590,2345,2580,7045,7750,2381,2620,3136,3450,22536,24790,22672,24940,13836,15220,13927,15320
2018-11-13,2363,2600,2363,2600,7027,7730,2354,2590,3154,3470,22545,24800,22681,24950,13909,15300,13999,15400
2018-11-12,2372,2610,2363,2600,6999,7700,2400,2640,3163,3480,22318,24550,22454,24700,13936,15330,14018,15420
2018-11-09,2372,2610,2381,2620,7036,7740,2409,2650,3136,3450,22300,24530,22427,24670,14145,15560,14236,15660
2018-11-08,2372,2610,2381,2620,7072,7780,2327,2560,3054,3360,22100,24310,22236,24460,14263,15690,14345,15780
2018-11-07,2354,2590,2345,2580,7090,7800,2309,2540,3099,3410,22109,24320,22245,24470,14218,15640,14299,15730
2018-11-06,2372,2610,2372,2610,7118,7830,2336,2570,,,22109,24320,22245,24470,14190,15610,14272,15700
2018-11-05,2372,2610,2372,2610,7227,7950,2400,2640,,,22100,24310,22227,24450,14372,15810,14454,15900
2018-11-02,2381,2620,2390,2630,7090,7800,2390,2630,3209,3530,22427,24670,22563,24820,14418,15860,14509,15960
2018-11-01,2381,2620,2381,2620,7018,7720,2363,2600,3163,3480,22481,24730,22618,24880,14099,15510,14190,15610
2018-10-31,2381,2620,2390,2630,7054,7760,2381,2620,3209,3530,22500,24750,22618,24880,14399,15840,14490,15940
2018-10-30,2400,2640,2418,2660,7190,7910,2418,2660,3299,3630,22609,24870,22727,25000,14427,15870,14509,15960
2018-10-29,2427,2670,2436,2680,7227,7950,2463,2710,3327,3660,22818,25100,22936,25230,14599,16060,14690,16160
2018-10-26,2409,2650,2418,2660,7254,7980,2472,2720,3299,3630,22763,25040,22890,25180,14827,16310,14909,16400
2018-10-25,2400,2640,2409,2650,7145,7860,2454,2700,3309,3640,22599,24860,22727,25000,14827,16310,14918,16410
2018-10-24,2418,2660,2427,2670,7181,7900,2472,2720,3336,3670,22727,25000,22845,25130,15072,16580,15154,16670
2018-10-23,2409,2650,2427,2670,7181,7900,2445,2690,3309,3640,22445,24690,22563,24820,15127,16640,15209,16730
2018-10-22,2418,2660,2436,2680,7181,7900,2436,2680,3272,3600,22436,24680,22554,24810,15090,16600,15172,16690
2018-10-19,2445,2690,2454,2700,7127,7840,2445,2690,3345,3680,22327,24560,22454,24700,15018,16520,15109,16620
2018-10-18,2427,2670,2445,2690,7136,7850,2481,2730,3290,3620,22218,24440,22336,24570,14927,16420,15018,16520
2018-10-17,2445,2690,2454,2700,7127,7840,2509,2760,3218,3540,22390,24630,22509,24760,15199,16720,15281,16810
2018-10-16,2463,2710,2472,2720,7281,8010,2572,2830,3218,3540,22427,24670,22554,24810,15299,16830,15390,16930
2018-10-15,2463,2710,2472,2720,7281,8010,2536,2790,3272,3600,22345,24580,22463,24710,15318,16850,15399,16940
2018-10-12,2472,2720,2481,2730,7299,8030,2509,2760,3254,3580,22772,25050,22890,25180,15518,17070,15599,17160
2018-10-11,2472,2720,2472,2720,7218,7940,2345,2580,3227,3550,22254,24480,22372,24610,15372,16910,15463,17010
2018-10-10,2481,2730,2481,2730,7272,8000,2363,2600,3318,3650,22218,24440,22336,24570,15736,17310,15818,17400
2018-10-08,2572,2830,2563,2820,7109,7820,2436,2680,3254,3580,22163,24380,22281,24510,15254,16780,15345,16880
2018-10-05,2618,2880,2609,2870,7236,7960,2445,2690,3272,3600,22154,24370,22272,24500,15090,16600,15181,16700
2018-10-04,2627,2890,2618,2880,7145,7860,2436,2680,3236,3560,21954,24150,22072,24280,15263,16790,15345,16880
2018-10-02,2463,2710,2472,2720,7090,7800,2436,2680,3236,3560,21800,23980,21918,24110,14854,16340,14936,16430
2018-10-01,2436,2680,2445,2690,7081,7790,2436,2680,3181,3500,21627,23790,21745,23920,14936,16430,15018,16520
2018-09-28,2400,2640,2409,2650,7009,7710,2418,2660,3045,3350,21736,23910,21827,24010,14945,16440,15027,16530
2018-09-27,2445,2690,2454,2700,7127,7840,2390,2630,3081,3390,21836,24020,21927,24120,15272,16800,15354,16890
2018-09-21,2418,2660,2427,2670,6936,7630,2427,2670,,,22090,24300,22172,24390,15127,16640,15209,16730
2018-09-20,2400,2640,2400,2640,6963,7660,2445,2690,,,21990,24190,22081,24290,14999,16500,15081,16590
2018-09-19,2418,2660,2418,2660,6945,7640,2518,2770,2827,3110,22154,24370,22236,24460,14899,16390,14990,16490
2018-09-18,2418,2660,2427,2670,6790,7470,2527,2780,,,22245,24470,22336,24570,14790,16270,14872,16360
2018-09-17,2409,2650,2409,2650,6772,7450,2463,2710,,,22054,24260,22136,24350,15127,16640,15209,16730
2018-09-14,2445,2690,2445,2690,6872,7560,2472,2720,2845,3130,22154,24370,22245,24470,15154,16670,15236,16760
2018-09-13,2454,2700,2463,2710,6872,7560,2454,2700,2881,3170,22318,24550,22400,24640,15254,16780,15336,16870
2018-09-12,2427,2670,2427,2670,6699,7370,2381,2620,2809,3090,22236,24460,22318,24550,14754,16230,14845,16330
2018-09-11,2490,2740,2481,2730,6772,7450,2463,2710,2899,3190,22263,24490,22345,24580,14999,16500,15090,16600
2018-09-10,2445,2690,2454,2700,6763,7440,2509,2760,2936,3230,22200,24420,22281,24510,14872,16360,14954,16450
2018-09-07,2418,2660,2427,2670,6763,7440,2463,2710,2972,3270,21981,24180,22072,24280,14981,16480,15063,16570
2018-09-06,2454,2700,2454,2700,6690,7360,2472,2720,2945,3240,21936,24130,22018,24220,14945,16440,15036,16540
2018-09-05,2427,2670,2436,2680,6581,7240,2500,2750,2918,3210,21845,24030,21936,24130,14890,16380,14972,16470
2018-09-04,2463,2710,2463,2710,6727,7400,2536,2790,2954,3250,21754,23930,21845,24030,15181,16700,15263,16790
2018-09-03,2509,2760,2500,2750,6763,7440,2490,2740,2954,3250,21981,24180,22072,24280,15227,16750,15318,16850
2018-08-31,2509,2760,2509,2760,6854,7540,2472,2720,2936,3230,22172,24390,22236,24460,15718,17290,15809,17390
2018-08-30,2554,2810,2545,2800,6872,7560,2500,2750,2990,3290,21890,24080,21954,24150,15981,17580,16063,17670
2018-08-29,2509,2760,2509,2760,6945,7640,2490,2740,3018,3320,22009,24210,22072,24280,16181,17800,16263,17890
2018-08-28,2481,2730,2472,2720,6918,7610,2500,2750,,,22018,24220,22081,24290,15945,17540,16036,17640
2018-08-27,2490,2740,2481,2730,6945,7640,2509,2760,3036,3340,22118,24330,22190,24410,16018,17620,16109,17720
2018-08-24,2472,2720,2472,2720,6827,7510,2490,2740,2972,3270,22300,24530,22363,24600,15899,17490,15981,17580
2018-08-23,2454,2700,2454,2700,6818,7500,2427,2670,2963,3260,22563,24820,22627,24890,16136,17750,16227,17850
2018-08-22,2436,2680,2445,2690,6863,7550,2418,2660,2909,3200,22127,24340,22190,24410,16172,17790,16254,17880
2018-08-21,2454,2700,2454,2700,6827,7510,2381,2620,,,21909,24100,21972,24170,16236,17860,16327,17960
2018-08-20,2427,2670,2427,2670,6754,7430,2409,2650,,,21836,24020,21900,24090,16163,17780,16254,17880
2018-08-17,2454,2700,2463,2710,6799,7480,2472,2720,,,21836,24020,21900,24090,16063,17670,16145,17760
2018-08-16,2427,2670,2427,2670,6627,7290,2345,2580,2772,3050,21572,23730,21636,23800,15490,17040,15572,17130
2018-08-14,2509,2760,2509,2760,7081,7790,2590,2850,2999,3300,22827,25110,22890,25180,16372,18010,16454,18100
2018-08-13,2527,2780,2527,2780,7090,7800,2554,2810,3081,3390,22836,25120,22899,25190,16618,18280,16700,18370
2018-08-10,2472,2720,2472,2720,7054,7760,2536,2790,3136,3450,22727,25000,22790,25070,16518,18170,16609,18270
2018-08-09,2509,2760,2500,2750,7009,7710,2572,2830,3172,3490,22618,24880,22681,24950,16745,18420,16827,18510
2018-08-08,2436,2680,2436,2680,7036,7740,2600,2860,3172,3490,22890,25180,22954,25250,16572,18230,16654,18320
2018-08-07,2436,2680,2436,2680,6990,7690,2563,2820,3145,3460,22845,25130,22909,25200,16381,18020,16472,18120
2018-08-06,2427,2670,2427,2670,7099,7810,2572,2830,3218,3540,23009,25310,23072,25380,16281,17910,16363,18000
2018-08-03,2436,2680,2436,2680,7018,7720,2563,2820,3154,3470,22981,25280,23045,25350,16009,17610,16099,17710
2018-08-02,2445,2690,2445,2690,7018,7720,2563,2820,3127,3440,23154,25470,23218,25540,16218,17840,16309,17940
2018-08-01,2472,2720,2481,2730,7154,7870,2590,2850,3190,3510,23390,25730,23454,25800,16700,18370,16781,18460
2018-07-31,2490,2740,2500,2750,7109,7820,2590,2850,3118,3430,23418,25760,23536,25890,16527,18180,16609,18270
2018-07-30,2490,2740,2500,2750,7145,7860,2581,2840,3154,3470,23263,25590,23372,25710,16500,18150,16581,18240
2018-07-27,2481,2730,2490,2740,7145,7860,2600,2860,3127,3440,23199,25520,23309,25640,16409,18050,16490,18140
2018-07-26,2490,2740,2500,2750,7190,7910,2600,2860,3154,3470,23209,25530,23318,25650,16400,18040,16481,18130
2018-07-25,2518,2770,2518,2770,7245,7970,2627,2890,3199,3520,23290,25620,23409,25750,16436,18080,16527,18180
2018-07-24,2500,2750,2509,2760,7036,7740,2581,2840,3109,3420,22999,25300,23109,25420,16163,17780,16245,17870
2018-07-23,2527,2780,2536,2790,7072,7780,2590,2850,3163,3480,23054,25360,23163,25480,16345,17980,16436,18080
2018-07-20,2481,2730,2490,2740,6981,7680,2572,2830,3127,3440,23054,25360,23172,25490,16127,17740,16209,17830
2018-07-19,2500,2750,2500,2750,7072,7780,2627,2890,3172,3490,23009,25310,23118,25430,16418,18060,16509,18160
2018-07-18,2490,2740,2500,2750,7009,7710,2609,2870,3036,3340,22863,25150,22981,25280,16154,17770,16245,17870
2018-07-17,2545,2800,2554,2810,7099,7810,2627,2890,3018,3320,22945,25240,23054,25360,16436,18080,16518,18170
2018-07-16,2490,2740,2500,2750,7118,7830,2645,2910,3109,3420,23163,25480,23272,25600,16700,18370,16781,18460
2018-07-13,2527,2780,2527,2780,7127,7840,2663,2930,3109,3420,23063,25370,23181,25500,16981,18680,17072,18780
2018-07-12,2518,2770,2527,2780,6999,7700,2636,2900,3081,3390,22636,24900,22754,25030,16545,18200,16627,18290
2018-07-11,2527,2780,2536,2790,7190,7910,2772,3050,3154,3470,22990,25290,23099,25410,16790,18470,16872,18560
2018-07-10,2554,2810,2563,2820,7236,7960,2790,3070,3209,3530,22718,24990,22827,25110,16800,18480,16881,18570
2018-07-09,2518,2770,2527,2780,7136,7850,2800,3080,3272,3600,22481,24730,22599,24860,16554,18210,16636,18300
2018-07-06,2518,2770,2527,2780,7227,7950,2827,3110,3254,3580,22654,24920,22763,25040,16881,18570,16963,18660
2018-07-05,2527,2780,2536,2790,7254,7980,2781,3060,3254,3580,22781,25060,22890,25180,16763,18440,16845,18530
2018-07-04,2518,2770,2518,2770,7390,8130,2872,3160,3372,3710,22918,25210,23036,25340,17163,18880,17245,18970
2018-07-03,2536,2790,2545,2800,7454,8200,2863,3150,,,23054,25360,23163,25480,17354,19090,17436,19180
2018-07-02,2590,2850,2590,2850,7536,8290,2881,3170,3427,3770,22945,25240,23054,25360,17672,19440,17754,19530
2018-06-29,2600,2860,2609,2870,7599,8360,2890,3180,3509,3860,23018,25320,23127,25440,17681,19450,17763,19540
2018-06-28,2609,2870,2609,2870,7627,8390,2918,3210,3463,3810,23163,25480,23272,25600,17681,19450,17772,19550
2018-06-27,2572,2830,2581,2840,7636,8400,2881,3170,3418,3760,23372,25710,23481,25830,17527,19280,17609,19370
2018-06-26,2572,2830,2581,2840,7690,8460,2899,3190,3454,3800,23436,25780,23545,25900,17500,19250,17581,19340
2018-06-25,2572,2830,2581,2840,7672,8440,2863,3150,3499,3850,23545,25900,23654,26020,17945,19740,18027,19830
2018-06-22,2590,2850,2590,2850,7699,8470,2827,3110,3509,3860,23799,26180,23899,26290,17727,19500,17809,19590
2018-06-21,2554,2810,2563,2820,7627,8390,2836,3120,3554,3910,23799,26180,23890,26280,17590,19350,17672,19440
2018-06-20,2572,2830,2572,2830,7727,8500,2854,3140,3563,3920,23563,25920,23672,26040,17281,19010,17372,19110
2018-06-19,2618,2880,2618,2880,7854,8640,2872,3160,3627,3990,23618,25980,23718,26090,17581,19340,17663,19430
2018-06-18,2581,2840,2590,2850,7854,8640,2818,3100,3618,3980,23781,26160,23881,26270,17709,19480,17790,19570
2018-06-15,2609,2870,2618,2880,7918,8710,2836,3120,3681,4050,23554,25910,23663,26030,17581,19340,17663,19430
2018-06-14,2618,2880,2618,2880,7963,8760,2854,3140,3699,4070,23418,25760,23527,25880,17854,19640,17936,19730
2018-06-12,2636,2900,2636,2900,7945,8740,2836,3120,3663,4030,23709,26080,23799,26180,17418,19160,17500,19250
2018-06-11,2627,2890,2636,2900,8027,8830,2836,3120,3663,4030,23772,26150,23863,26250,17572,19330,17654,19420
2018-06-08,2618,2880,2627,2890,7981,8780,2890,3180,3618,3980,23745,26120,23836,26220,17563,19320,17645,19410
2018-06-07,2663,2930,2672,2940,7872,8660,2890,3180,3627,3990,23390,25730,23499,25850,17718,19490,17800,19580
2018-06-05,2645,2910,2654,2920,7618,8380,2872,3160,3563,3920,22945,25240,23054,25360,17581,19340,17663,19430
2018-06-04,2645,2910,2645,2910,7545,8300,2809,3090,3527,3880,23199,25520,23309,25640,17581,19340,17663,19430
2018-06-01,2654,2920,2654,2920,7518,8270,2827,3110,3536,3890,23081,25390,23190,25510,17381,19120,17463,19210
2018-05-31,2600,2860,2609,2870,7527,8280,2809,3090,3590,3950,23163,25480,23272,25600,17336,19070,17418,19160
2018-05-30,2590,2850,2600,2860,7518,8270,2809,3090,3536,3890,22963,25260,23063,25370,17027,18730,17109,18820
2018-05-29,2572,2830,2581,2840,7518,8270,2800,3080,3481,3830,22572,24830,22681,24950,16863,18550,16945,18640
2018-05-28,2581,2840,2590,2850,7545,8300,2809,3090,3499,3850,22654,24920,22763,25040,16918,18610,17000,18700
2018-05-25,2618,2880,2618,2880,7545,8300,2872,3160,3490,3840,22972,25270,23081,25390,17072,18780,17154,18870
2018-05-24,2600,2860,2609,2870,7536,8290,2854,3140,3481,3830,23218,25540,23327,25660,16818,18500,16900,18590
2018-05-23,2609,2870,2618,2880,7690,8460,2872,3160,3527,3880,23245,25570,23345,25680,17036,18740,17118,18830
2018-05-21,2600,2860,2600,2860,7499,8250,2681,2950,3545,3900,23345,25680,23454,25800,16872,18560,16954,18650
2018-05-18,2645,2910,2654,2920,7563,8320,2736,3010,3554,3910,23299,25630,23409,25750,16754,18430,16836,18520
2018-05-17,2672,2940,2681,2950,7463,8210,2690,2960,3518,3870,23309,25640,23418,25760,16563,18220,16645,18310
2018-05-16,2654,2920,2663,2930,7409,8150,2690,2960,3481,3830,23390,25730,23499,25850,16454,18100,16536,18190
2018-05-15,2627,2890,2636,2900,7463,8210,2718,2990,3454,3800,23336,25670,23445,25790,16445,18090,16527,18180
2018-05-14,2590,2850,2590,2850,7536,8290,2681,2950,3481,3830,23390,25730,23490,25840,15999,17600,16081,17690
2018-05-11,2654,2920,2663,2930,7536,8290,2645,2910,3509,3860,23281,25610,23390,25730,15863,17450,15945,17540
2018-05-10,2727,3000,2727,3000,7463,8210,2654,2920,3518,3870,23818,26200,23872,26260,16027,17630,16109,17720
2018-05-09,2718,2990,2727,3000,7363,8100,2645,2910,3490,3840,23536,25890,23645,26010,15918,17510,15999,17600
2018-05-08,2709,2980,2709,2980,7454,8200,2681,2950,3490,3840,23890,26280,23954,26350,16090,17700,16172,17790
2018-05-04,2600,2860,2600,2860,7454,8200,2618,2880,3427,3770,23872,26260,23927,26320,15809,17390,15890,17480
2018-05-03,2681,2950,2690,2960,7445,8190,2627,2890,3472,3820,23718,26090,23772,26150,16036,17640,16118,17730
2018-05-02,2590,2850,2600,2860,7309,8040,2636,2900,3463,3810,23681,26050,23745,26120,15545,17100,15627,17190
2018-05-01,2590,2850,2590,2850,7372,8110,2663,2930,3545,3900,23654,26020,23718,26090,15545,17100,15627,17190
2018-04-30,2554,2810,2563,2820,7418,8160,2709,2980,3581,3940,23554,25910,23654,26020,15927,17520,16009,17610
2018-04-27,2627,2890,2627,2890,7627,8390,2709,2980,3609,3970,24181,26600,24290,26720,16372,18010,16454,18100
2018-04-26,2590,2850,2600,2860,7672,8440,2672,2940,3599,3960,24072,26480,24181,26600,16263,17890,16345,17980
2018-04-25,2563,2820,2563,2820,7645,8410,2663,2930,3636,4000,23899,26290,23990,26390,16027,17630,16109,17720
2018-04-24,2618,2880,2627,2890,7518,8270,2654,2920,3636,4000,23709,26080,23790,26170,16218,17840,16299,17930
2018-04-23,2818,3100,2827,3110,7554,8310,2700,2970,3636,4000,24399,26840,24509,26960,16809,18490,16890,18580
2018-04-20,2818,3100,2818,3100,7509,8260,2654,2920,3618,3980,23918,26310,23999,26400,16981,18680,17054,18760
2018-04-19,2881,3170,2890,3180,7599,8360,2727,3000,3672,4040,24018,26420,24127,26540,17309,19040,17390,19130
2018-04-18,2736,3010,2736,3010,7427,8170,2690,2960,3563,3920,,,23818,26200,16154,17770,16236,17860
2018-04-17,2754,3030,2763,3040,7527,8280,2736,3010,3572,3930,,,,,16409,18050,16490,18140
2018-04-16,2618,2880,2618,2880,7409,8150,2645,2910,3536,3890,,,,,15890,17480,15972,17570
2018-04-13,2709,2980,2709,2980,7399,8140,2681,2950,3518,3870,,,,,15654,17220,15736,17310
2018-04-12,2572,2830,2572,2830,7509,8260,2754,3030,3636,4000,,,,,15763,17340,15845,17430
2018-04-11,2518,2770,2509,2760,7509,8260,2736,3010,3663,4030,,,,,15581,17140,15663,17230
2018-04-10,2463,2710,2454,2700,7381,8120,2727,3000,3636,4000,,,,,15309,16840,15390,16930
2018-04-09,2327,2560,2318,2550,7336,8070,2745,3020,3672,4040,,,,,15163,16680,15245,16770
2018-04-06,2263,2490,2254,2480,7318,8050,2709,2980,3645,4010,,,,,15081,16590,15163,16680
2018-04-05,2245,2470,2236,2460,7227,7950,2700,2970,3672,4040,,,,,14899,16390,14981,16480
2018-04-04,2227,2450,2218,2440,7263,7990,2709,2980,3681,4050,,,,,15154,16670,15236,16760
2018-04-03,2263,2490,2254,2480,7190,7910,2718,2990,3681,4050,23054,25360,23163,25480,15018,16520,15099,16610
2018-04-02,2272,2500,2263,2490,7236,7960,2736,3010,3709,4080,23199,25520,23309,25640,15118,16630,15199,16720
2018-03-30,2281,2510,2281,2510,7254,7980,2736,3010,3718,4090,23254,25580,23363,25700,15145,16660,15227,16750
2018-03-29,2309,2540,2318,2550,7245,7970,2790,3070,3754,4130,23136,25450,23245,25570,15036,16540,15118,16630
2018-03-28,2318,2550,2327,2560,7209,7930,2763,3040,3736,4110,23109,25420,23209,25530,14881,16370,14963,16460
2018-03-27,2354,2590,2354,2590,7227,7950,2772,3050,3754,4130,23309,25640,23418,25760,14981,16480,15063,16570
2018-03-26,2354,2590,2363,2600,7299,8030,2718,2990,3699,4070,23254,25580,23363,25700,14999,16500,15081,16590
2018-03-23,2363,2600,2363,2600,7272,8000,2727,3000,3654,4020,23127,25440,23236,25560,15127,16640,15209,16730
2018-03-22,2372,2610,2372,2610,7390,8130,2763,3040,3699,4070,23281,25610,23381,25720,15418,16960,15499,17050
2018-03-21,2354,2590,2354,2590,7327,8060,2700,2970,3645,4010,22845,25130,22954,25250,15354,16890,15436,16980
2018-03-20,2372,2610,2381,2620,7445,8190,2718,2990,3718,4090,23027,25330,23136,25450,15418,16960,15499,17050
2018-03-19,2363,2600,2363,2600,7454,8200,2727,3000,3699,4070,23163,25480,23263,25590,15490,17040,15572,17130
2018-03-16,2363,2600,2363,2600,7481,8230,2763,3040,3663,4030,23154,25470,23263,25590,15490,17040,15572,17130
2018-03-15,2363,2600,2363,2600,7545,8300,2745,3020,3645,4010,23263,25590,23372,25710,15699,17270,15772,17350
2018-03-14,2381,2620,2390,2630,7518,8270,2745,3020,3736,4110,23336,25670,23445,25790,15790,17370,15872,17460
2018-03-13,2363,2600,2372,2610,7463,8210,2681,2950,3663,4030,23509,25860,23618,25980,15536,17090,15618,17180
2018-03-12,2409,2650,2409,2650,7563,8320,2727,3000,3727,4100,23663,26030,23772,26150,15809,17390,15890,17480
2018-03-09,2390,2630,2400,2640,7418,8160,2690,2960,3672,4040,23836,26220,23945,26340,15163,16680,15245,16770
2018-03-08,2381,2620,2381,2620,7527,8280,2718,2990,3699,4070,23609,25970,23718,26090,15499,17050,15581,17140
2018-03-07,2454,2700,2454,2700,7636,8400,2809,3090,3781,4160,23827,26210,23936,26330,15699,17270,15781,17360
2018-03-06,2472,2720,2472,2720,7581,8340,2809,3090,3772,4150,24090,26500,24199,26620,15518,17070,15599,17160
2018-03-05,2472,2720,2472,2720,7554,8310,2827,3110,3836,4220,23972,26370,24081,26490,15518,17070,15599,17160
2018-03-02,2490,2740,2500,2750,7599,8360,2827,3110,3909,4300,24236,26660,24345,26780,15563,17120,15645,17210
2018-02-28,2490,2740,2481,2730,7627,8390,2954,3250,3981,4380,24045,26450,24154,26570,15699,17270,15781,17360
2018-02-27,2490,2740,2481,2730,7736,8510,2963,3260,4045,4450,23990,26390,24099,26510,15818,17400,15899,17490
2018-02-26,2509,2760,2500,2750,7763,8540,2927,3220,4045,4450,24172,26590,24281,26710,15736,17310,15818,17400
2018-02-23,2509,2760,2500,2750,7872,8660,2945,3240,4090,4500,24218,26640,24327,26760,15881,17470,15963,17560
2018-02-22,2500,2750,2490,2740,7754,8530,2936,3230,4054,4460,24099,26510,24199,26620,15772,17350,15854,17440
2018-02-21,2500,2750,2490,2740,7709,8480,2972,3270,4045,4450,23772,26150,23881,26270,15472,17020,15554,17110
2018-02-20,2536,2790,2527,2780,7690,8460,2945,3240,4027,4430,23836,26220,23945,26340,15227,16750,15309,16840
2018-02-19,2509,2760,2500,2750,7881,8670,3009,3310,4090,4500,24236,26660,24345,26780,15718,17290,15799,17380
2018-02-14,2481,2730,2472,2720,7663,8430,2972,3270,3999,4400,24090,26500,24199,26620,15318,16850,15399,16940
2018-02-13,2472,2720,2463,2710,7499,8250,2918,3210,3909,4300,23681,26050,23790,26170,14945,16440,15027,16530
2018-02-12,2481,2730,2472,2720,7463,8210,2963,3260,3936,4330,23772,26150,23881,26270,14899,16390,14990,16490
2018-02-09,2481,2730,2481,2730,7536,8290,2945,3240,3981,4380,23999,26400,24109,26520,15036,16540,15118,16630
2018-02-08,2472,2720,2472,2720,7563,8320,2927,3220,3936,4330,24281,26710,24390,26830,15054,16560,15136,16650
2018-02-07,2490,2740,2481,2730,7809,8590,3054,3360,4045,4450,24563,27020,24672,27140,15354,16890,15436,16980
2018-02-06,2527,2780,2518,2770,7899,8690,3090,3400,4127,4540,24727,27200,24836,27320,15699,17270,15781,17360
2018-02-05,2554,2810,2545,2800,7699,8470,3109,3420,4045,4450,24118,26530,24227,26650,15245,16770,15327,16860
2018-02-02,2554,2810,2545,2800,7718,8490,3072,3380,4072,4480,23790,26170,23899,26290,15745,17320,15827,17410
2018-02-01,2536,2790,2527,2780,7690,8460,2990,3290,4054,4460,24027,26430,24136,26550,15245,16770,15327,16860
2018-01-31,2527,2780,2527,2780,7663,8430,2972,3270,4018,4420,24081,26490,24190,26610,15063,16570,15118,16630
2018-01-30,2527,2780,2527,2780,7636,8400,2963,3260,4045,4450,24245,26670,24345,26780,15445,16990,15499,17050
2018-01-29,2563,2820,2563,2820,7627,8390,2945,3240,3954,4350,23899,26290,24009,26410,15254,16780,15299,16830
2018-01-26,2536,2790,2527,2780,7654,8420,2936,3230,3918,4310,23590,25950,23699,26070,15218,16740,15272,16800
2018-01-25,2572,2830,2563,2820,7745,8520,3018,3320,3918,4310,23481,25830,23590,25950,15254,16780,15309,16840
2018-01-24,2545,2800,2545,2800,7499,8250,2981,3280,3881,4270,22972,25270,23081,25390,14463,15910,14518,15970
2018-01-23,2572,2830,2563,2820,7654,8420,2990,3290,3890,4280,23009,25310,23109,25420,14372,15810,14427,15870
2018-01-22,2527,2780,2527,2780,7590,8350,2945,3240,3881,4270,22736,25010,22845,25130,14272,15700,14318,15750
2018-01-19,2572,2830,2563,2820,7663,8430,2981,3280,3854,4240,22599,24860,22709,24980,14054,15460,14109,15520
2018-01-18,2509,2760,2509,2760,7609,8370,2909,3200,3854,4240,22636,24900,22745,25020,13963,15360,14018,15420
2018-01-17,2481,2730,2472,2720,7609,8370,2890,3180,3872,4260,22463,24710,22572,24830,14018,15420,14072,15480
2018-01-16,2518,2770,2518,2770,7763,8540,2936,3230,3899,4290,22281,24510,22390,24630,14363,15800,14418,15860
2018-01-15,2509,2760,2509,2760,7663,8430,2899,3190,3872,4260,22300,24530,22409,24650,14263,15690,14309,15740
2018-01-12,2490,2740,2481,2730,7745,8520,2927,3220,3872,4260,22381,24620,22490,24740,14236,15660,14290,15720
2018-01-11,2490,2740,2481,2730,7763,8540,2936,3230,3809,4190,22227,24450,22327,24560,14572,16030,14627,16090
2018-01-10,2445,2690,2436,2680,7663,8430,2918,3210,3781,4160,22000,24200,22109,24320,14245,15670,14299,15730
2018-01-09,2463,2710,2463,2710,7681,8450,2972,3270,3836,4220,22027,24230,22127,24340,14063,15470,14118,15530
2018-01-08,,,,,7654,8420,2909,3200,3809,4190,21954,24150,22054,24260,13972,15370,14027,15430
2017-12-28,2581,2840,2581,2840,7872,8660,2918,3210,3745,4120,21890,24080,21954,24150,13599,14960,13654,15020
2017-12-27,2527,2780,2518,2770,7763,8540,2863,3150,3745,4120,21745,23920,21809,23990,13645,15010,13699,15070
2017-12-26,2536,2790,2527,2780,7790,8570,2872,3160,3772,4150,21818,24000,21881,24070,13690,15060,13745,15120
2017-12-22,2490,2740,2481,2730,7763,8540,2909,3200,3745,4120,21681,23850,21736,23910,13663,15030,13718,15090
2017-12-21,2454,2700,2445,2690,7699,8470,2927,3220,3709,4080,21772,23950,21836,24020,13609,14970,13663,15030
2017-12-20,2436,2680,2427,2670,7627,8390,2981,3280,3709,4080,21718,23890,21781,23960,13354,14690,13409,14750
2017-12-19,2409,2650,2409,2650,7618,8380,3018,3320,3718,4090,21763,23940,21827,24010,13481,14830,13536,14890
2017-12-18,2409,2650,2400,2640,7609,8370,2981,3280,3736,4110,21581,23740,21636,23800,13218,14540,13272,14600
2017-12-15,2390,2630,2381,2620,7499,8250,2918,3210,3718,4090,21336,23470,21390,23530,12745,14020,12799,14080
2017-12-14,2345,2580,2336,2570,7436,8180,2963,3260,3681,4050,21236,23360,21300,23430,12699,13970,12754,14030
2017-12-13,2354,2590,2345,2580,7372,8110,2954,3250,3690,4060,21690,23860,21754,23930,12690,13960,12745,14020
2017-12-12,2354,2590,2354,2590,7381,8120,2927,3220,3663,4030,21963,24160,22018,24220,12872,14160,12927,14220
2017-12-11,2354,2590,2345,2580,7281,8010,2881,3170,3618,3980,22027,24230,22090,24300,12572,13830,12627,13890
2017-12-08,2354,2590,2345,2580,7272,8000,2863,3150,3636,4000,22000,24200,22063,24270,12672,13940,12736,14010
2017-12-07,2363,2600,2354,2590,7263,7990,2945,3240,3636,4000,22072,24280,22136,24350,12418,13660,12472,13720
2017-12-06,2381,2620,2381,2620,7199,7920,2918,3210,3645,4010,21945,24140,22009,24210,12381,13620,12436,13680
2017-12-05,2409,2650,2400,2640,7536,8290,2936,3230,3699,4070,22000,24200,22063,24270,12990,14290,13045,14350
2017-12-04,2409,2650,2400,2640,7536,8290,2972,3270,3781,4160,21890,24080,21954,24150,12863,14150,12918,14210
2017-12-01,2390,2630,2381,2620,7463,8210,2890,3180,3690,4060,22109,24320,22172,24390,12681,13950,12736,14010
2017-11-30,2381,2620,2372,2610,7381,8120,2818,3100,3663,4030,21754,23930,21818,24000,12999,14300,13045,14350
2017-11-29,2436,2680,2427,2670,7481,8230,2818,3100,3690,4060,21945,24140,22009,24210,12899,14190,12954,14250
2017-11-28,2481,2730,2472,2720,7663,8430,2881,3170,3736,4110,22009,24210,22072,24280,13199,14520,13254,14580
2017-11-27,2472,2720,2463,2710,7709,8480,2890,3180,3781,4160,21927,24120,21990,24190,13663,15030,13718,15090
2017-11-24,2445,2690,2445,2690,7663,8430,2854,3140,3790,4170,21836,24020,21890,24080,13545,14900,13599,14960
2017-11-23,2445,2690,2445,2690,7672,8440,2872,3160,3790,4170,21890,24080,21945,24140,13490,14840,13545,14900
2017-11-22,2436,2680,2427,2670,7672,8440,2899,3190,3772,4150,21890,24080,21954,24150,13609,14970,13663,15030
2017-11-21,2454,2700,2445,2690,7618,8380,2899,3190,3763,4140,22209,24430,22272,24500,13436,14780,13490,14840
2017-11-20,2463,2710,2454,2700,7536,8290,2863,3150,3781,4160,22145,24360,22209,24430,13309,14640,13363,14700
2017-11-17,2472,2720,2463,2710,7518,8270,2836,3120,3754,4130,22090,24300,22154,24370,13109,14420,13163,14480
2017-11-16,2500,2750,2490,2740,7627,8390,2899,3190,3799,4180,22290,24520,22354,24590,13618,14980,13672,15040
2017-11-15,2481,2730,2472,2720,7654,8420,2954,3250,3809,4190,22581,24840,22645,24910,13781,15160,13845,15230
2017-11-14,2518,2770,2509,2760,7827,8610,3018,3320,3890,4280,22672,24940,22736,25010,14618,16080,14672,16140
2017-11-13,2509,2760,2500,2750,7681,8450,3018,3320,3899,4290,22509,24760,22572,24830,14154,15570,14209,15630
2017-11-10,2490,2740,2490,2740,7699,8470,3009,3310,3854,4240,22472,24720,22536,24790,14345,15780,14399,15840
2017-11-09,2509,2760,2500,2750,7754,8530,3009,3310,3863,4250,22518,24770,22581,24840,14799,16280,14854,16340
2017-11-08,2527,2780,2518,2770,7690,8460,2972,3270,3809,4190,22509,24760,22572,24830,14690,16160,14745,16220
2017-11-07,2581,2840,2572,2830,7872,8660,2999,3300,3890,4280,22518,24770,22581,24840,15036,16540,15090,16600
2017-11-06,2590,2850,2581,2840,7781,8560,2945,3240,3872,4260,22618,24880,22681,24950,14809,16290,14863,16350
2017-11-03,2581,2840,2572,2830,7827,8610,2927,3220,3927,4320,22745,25020,22809,25090,14690,16160,14745,16220
2017-11-02,2600,2860,2590,2850,7827,8610,2963,3260,3963,4360,22472,24720,22536,24790,14899,16390,14963,16460
2017-11-01,2581,2840,2572,2830,7772,8550,2899,3190,3972,4370,22554,24810,22618,24880,14418,15860,14472,15920
2017-10-31,2563,2820,2554,2810,7827,8610,2909,3200,3927,4320,22645,24910,22754,25030,13709,15080,13763,15140
2017-10-30,2590,2850,2581,2840,7827,8610,2936,3230,3899,4290,23272,25600,23390,25730,13681,15050,13745,15120
2017-10-27,2609,2870,2590,2850,7972,8770,2999,3300,3936,4330,23118,25430,23236,25560,13809,15190,13863,15250
2017-10-26,2609,2870,2600,2860,8018,8820,3009,3310,3936,4330,23209,25530,23327,25660,13963,15360,14018,15420
2017-10-25,2572,2830,2563,2820,8045,8850,2981,3280,3909,4300,23063,25370,23172,25490,14090,15500,14145,15560
2017-10-24,2563,2820,2545,2800,8027,8830,3027,3330,3854,4240,22890,25180,22999,25300,13963,15360,14018,15420
2017-10-23,2563,2820,2545,2800,7972,8770,2990,3290,3818,4200,22890,25180,22999,25300,13836,15220,13890,15280
2017-10-20,2590,2850,2572,2830,7990,8790,2999,3300,3845,4230,23227,25550,23336,25670,13854,15240,13909,15300
2017-10-19,2536,2790,2518,2770,7990,8790,3045,3350,3845,4230,23436,25780,23545,25900,13718,15090,13781,15160
2017-10-18,2554,2810,2545,2800,8063,8870,3018,3320,3772,4150,23790,26170,23890,26280,13890,15280,13945,15340
2017-10-17,2536,2790,2527,2780,8172,8990,3063,3370,3890,4280,23972,26370,24072,26480,13945,15340,13999,15400
2017-10-16,2536,2790,2527,2780,7881,8670,3054,3360,3972,4370,24045,26450,24163,26580,13736,15110,13790,15170
2017-10-13,2590,2850,2572,2830,7918,8710,3099,3410,4036,4440,24290,26720,24399,26840,13481,14830,13536,14890
2017-10-12,2572,2830,2563,2820,7809,8590,3109,3420,3990,4390,24472,26920,24590,27050,13190,14510,13245,14570
2017-10-11,2609,2870,2600,2860,7754,8530,3099,3410,4054,4460,24299,26730,24418,26860,13090,14400,13154,14470
2017-10-10,2645,2910,2636,2900,7718,8490,3072,3380,4036,4440,24572,27030,24681,27150,13154,14470,13209,14530
2017-09-29,2563,2820,2545,2800,7445,8190,2972,3270,3763,4140,24081,26490,24227,26650,13027,14330,13081,14390
2017-09-22,2518,2770,2509,2760,7554,8310,2781,3060,3681,4050,24081,26490,24199,26620,13518,14870,13572,14930
2017-09-15,2527,2780,2509,2760,7872,8660,2818,3100,3763,4140,24263,26690,24354,26790,14190,15610,14245,15670
2017-09-08,2545,2800,2527,2780,7745,8520,2863,3150,3754,4130,23990,26390,24072,26480,13809,15190,13863,15250
2017-09-01,2563,2820,2554,2810,7599,8360,2845,3130,3727,4100,23972,26370,24036,26440,13618,14980,13663,15030
2017-08-25,2554,2810,2545,2800,7463,8210,2918,3210,3672,4040,23827,26210,23890,26280,12718,13990,12763,14040
2017-08-18,2472,2720,2472,2720,7409,8150,2854,3140,3509,3860,23845,26230,23909,26300,12709,13980,12754,14030
2017-08-11,2318,2550,2309,2540,7245,7970,2818,3100,3345,3680,23954,26350,24018,26420,12136,13350,12190,13410
2017-08-04,2318,2550,2309,2540,7081,7790,2745,3020,3345,3680,23672,26040,23736,26110,11772,12950,11818,13000
2017-07-28,2318,2550,2318,2550,6818,7500,2681,2950,3327,3660,23363,25700,23472,25820,11427,12570,11481,12630
2017-07-21,2354,2590,2354,2590,6818,7500,2818,3100,3436,3780,23472,25820,23581,25940,11200,12320,11245,12370
2017-07-14,2445,2690,2436,2680,6890,7580,2845,3130,3436,3780,23772,26150,23890,26280,11209,12330,11254,12380
2017-07-07,2381,2620,2372,2610,6854,7540,2809,3090,3345,3680,23209,25530,23327,25660,11209,12330,11254,12380
2017-06-30,2345,2580,2345,2580,6654,7320,2663,2930,3199,3520,22799,25080,22918,25210,10881,11970,10927,12020
2017-06-23,2327,2560,2327,2560,6545,7200,2527,2780,3009,3310,22563,24820,22681,24950,10627,11690,10681,11750
2017-06-16,2354,2590,2354,2590,6490,7140,2527,2780,2972,3270,22500,24750,22609,24870,10600,11660,10645,11710
2017-06-09,2381,2620,2381,2620,6490,7140,2554,2810,3090,3400,23572,25930,23690,26060,10700,11770,10754,11830
2017-06-02,2418,2660,2409,2650,6518,7170,2527,2780,3199,3520,23772,26150,23963,26360,11000,12100,11027,12130
2017-05-26,2390,2630,2381,2620,6427,7070,2545,2800,3109,3420,,,23645,26010,11027,12130,11054,12160
2017-05-19,2345,2580,2327,2560,6345,6980,2645,2910,3163,3480,,,,,11100,12210,11127,12240
2017-05-12,2400,2640,2381,2620,6490,7140,2709,2980,3181,3500,,,,,11127,12240,11163,12280
2017-05-04,2418,2660,2409,2650,6554,7210,2700,2970,3190,3510,,,,,11218,12340,11245,12370
2017-04-28,2400,2640,2390,2630,6490,7140,2654,2920,3172,3490,,,,,11363,12500,11390,12530
2017-04-21,2400,2640,2390,2630,6627,7290,2790,3070,3209,3530,,,,,11945,13140,11972,13170
2017-04-14,2418,2660,2409,2650,6672,7340,2790,3070,3309,3640,,,,,12018,13220,12045,13250
2017-04-07,2400,2640,2390,2630,6672,7340,2818,3100,3381,3720,,,,,11663,12830,11672,12840
2017-03-31,2363,2600,2354,2590,6654,7320,2836,3120,3427,3770,,,23672,26040,11818,13000,11845,13030
2017-03-24,2345,2580,2336,2570,6827,7510,2790,3070,3436,3780,,,23709,26080,12209,13430,12236,13460
2017-03-17,2363,2600,2354,2590,6790,7470,2818,3100,3381,3720,,,,,12563,13820,12590,13850
2017-03-10,2390,2630,2381,2620,6945,7640,2809,3090,3463,3810,,,,,13081,14390,13109,14420
2017-03-03,2354,2590,2345,2580,6990,7690,2809,3090,3518,3870,,,,,12954,14250,12981,14280
2017-02-24,2336,2570,2327,2560,7045,7750,2881,3170,3554,3910,,,,,13054,14360,13081,14390
2017-02-17,2290,2520,2272,2500,6899,7590,2945,3240,3527,3880,,,22781,25060,12536,13790,12572,13830
2017-02-10,2281,2510,2263,2490,6945,7640,2936,3230,3536,3890,,,23663,26030,12227,13450,12254,13480
2017-02-03,2336,2570,2318,2550,6999,7700,2999,3300,3509,3860,24145,26560,24345,26780,11772,12950,11799,12980
2017-01-26,2336,2570,2318,2550,6909,7600,2918,3210,3499,3850,25036,27540,25236,27760,12381,13620,12409,13650
2017-01-20,2300,2530,2290,2520,6999,7700,2818,3100,3509,3860,25772,28350,25981,28580,12972,14270,12999,14300
2017-01-13,2236,2460,2227,2450,6827,7510,2663,2930,3381,3720,25945,28540,26154,28770,12790,14070,12818,14100
2016-12-29,2263,2490,2254,2480,6699,7370,2754,3030,3354,3690,25845,28430,26045,28650,13563,14920,13581,14940
2016-12-23,2236,2460,2218,2440,6836,7520,2909,3200,3427,3770,25572,28130,25772,28350,13981,15380,13999,15400
2016-12-16,2209,2430,2190,2410,6963,7660,2890,3180,3390,3730,25336,27870,25536,28090,14072,15480,14090,15500
2016-12-09,2209,2430,2190,2410,6909,7600,2954,3250,3399,3740,25354,27890,25554,28110,13954,15350,13963,15360
2016-12-02,2272,2500,2254,2480,6890,7580,2845,3130,3354,3690,25836,28420,26054,28660,14281,15710,14299,15730
2016-11-25,2209,2430,2200,2420,6581,7240,2754,3030,3209,3530,24690,27160,24890,27380,13854,15240,13872,15260
2016-11-18,2190,2410,2172,2390,6309,6940,2645,2910,3063,3370,25509,28060,25699,28270,13727,15100,13754,15130
2016-11-11,2154,2370,2145,2360,5754,6330,2581,2840,3009,3310,24827,27310,25027,27530,12609,13870,12645,13910
2016-11-04,2081,2290,2072,2280,5518,6070,2536,2790,2881,3170,,,24263,26690,12372,13610,12399,13640
2016-10-28,2018,2220,2009,2210,5390,5930,2454,2700,2772,3050,,,23290,25620,12227,13450,12254,13480
2016-10-21,2072,2280,2054,2260,5481,6030,2481,2730,2754,3030,,,23099,25410,12463,13710,12490,13740
2016-10-14,2036,2240,2018,2220,5445,5990,2509,2760,2836,3120,,,23154,25470,11990,13190,12018,13220
2016-10-13,2036,2240,2018,2220,5445,5990,2509,2760,2836,3120,,,23154,25470,11990,13190,12018,13220
2016-10-12,2036,2240,2018,2220,5445,5990,2509,2760,2836,3120,,,23154,25470,11990,13190,12018,13220
2016-10-11,2036,2240,2018,2220,5445,5990,2509,2760,2836,3120,22981,25280,23154,25470,11990,13190,12018,13220
2016-10-10,2036,2240,2018,2220,5445,5990,2509,2760,2836,3120,22981,25280,23154,25470,11990,13190,12018,13220
2016-10-07,1990,2190,1981,2180,5436,5980,2436,2680,2763,3040,22636,24900,22809,25090,12290,13520,12318,13550
2016-10-06,1990,2190,1981,2180,5436,5980,2436,2680,2763,3040,22636,24900,22809,25090,12290,13520,12318,13550
2016-10-05,1990,2190,1981,2180,5436,5980,2436,2680,2763,3040,22636,24900,22809,25090,12290,13520,12318,13550
2016-10-04,1990,2190,1981,2180,5436,5980,2436,2680,2763,3040,22636,24900,22809,25090,12290,13520,12318,13550
2016-09-30,1990,2190,1981,2180,5463,6010,2363,2600,2700,2970,22345,24580,22509,24760,12263,13490,12290,13520
2016-09-29,1990,2190,1981,2180,5463,6010,2363,2600,2700,2970,22345,24580,22509,24760,12263,13490,12290,13520
2016-09-28,1990,2190,1981,2180,5463,6010,2363,2600,2700,2970,22345,24580,22509,24760,12263,13490,12290,13520
2016-09-27,1990,2190,1981,2180,5463,6010,2363,2600,2700,2970,22345,24580,22509,24760,12263,13490,12290,13520
2016-09-26,1990,2190,1981,2180,5463,6010,2363,2600,2700,2970,22345,24580,22509,24760,12263,13490,12290,13520
2016-09-23,2018,2220,1999,2200,5472,6020,2345,2580,2700,2970,22181,24400,22354,24590,12427,13670,12454,13700
2016-09-22,1981,2180,1972,2170,5445,5990,2363,2600,2709,2980,22309,24540,22481,24730,12254,13480,12281,13510
2016-09-21,1972,2170,1963,2160,5481,6030,2418,2660,2745,3020,22509,24760,22681,24950,12218,13440,12245,13470
2016-09-20,1972,2170,1963,2160,5454,6000,2390,2630,2681,2950,22318,24550,22490,24740,12009,13210,12036,13240
2016-09-19,1963,2160,1954,2150,5481,6030,2372,2610,2636,2900,22045,24250,22236,24460,11536,12690,11563,12720
2016-09-13,1945,2140,1927,2120,5290,5820,2290,2520,2681,2950,21927,24120,22118,24330,11881,13070,11909,13100
2016-09-12,1927,2120,1918,2110,5200,5720,2281,2510,2681,2950,21927,24120,22118,24330,12045,13250,12072,13280
2016-09-09,1936,2130,1918,2110,5209,5730,2290,2520,2718,2990,22127,24340,22309,24540,11954,13150,11981,13180
2016-09-08,1936,2130,1918,2110,5181,5700,2281,2510,2727,3000,22063,24270,22254,24480,11772,12950,11799,12980
2016-09-07,1954,2150,1945,2140,5227,5750,2345,2580,2763,3040,22445,24690,22636,24900,11818,13000,11845,13030
2016-09-06,1945,2140,1936,2130,5236,5760,2372,2610,2809,3090,,,22327,24560,11663,12830,11690,12860
2016-09-05,1981,2180,1972,2170,5290,5820,2372,2610,2854,3140,,,22490,24740,11772,12950,11799,12980
2016-09-02,2009,2210,1999,2200,5318,5850,2363,2600,2836,3120,,,22381,24620,11654,12820,11681,12850
2016-09-01,1999,2200,1990,2190,5272,5800,2318,2550,2790,3070,,,21918,24110,11418,12560,11445,12590
2016-08-31,2027,2230,2018,2220,5281,5810,2309,2540,2800,3080,21745,23920,21936,24130,11545,12700,11572,12730
2016-08-30,2054,2260,2045,2250,5318,5850,2309,2540,2818,3100,,,22136,24350,11572,12730,11609,12770
2016-08-29,2036,2240,2027,2230,5263,5790,2290,2520,2790,3070,,,21918,24110,11463,12610,11490,12640
2016-08-26,2045,2250,2027,2230,5290,5820,2281,2510,2772,3050,,,21800,23980,11518,12670,11554,12710
2016-08-25,2054,2260,2045,2250,5318,5850,2281,2510,2763,3040,,,22036,24240,11754,12930,11781,12960
2016-08-24,2072,2280,2063,2270,5372,5910,2272,2500,2781,3060,21572,23730,21763,23940,11999,13200,12027,13230
2016-08-23,2090,2300,2081,2290,5472,6020,2290,2520,2781,3060,,,21809,23990,12118,13330,12145,13360
2016-08-22,2072,2280,2063,2270,5490,6040,2300,2530,2763,3040,,,21645,23810,12127,13340,12154,13370
2016-08-19,2072,2280,2063,2270,5445,5990,2300,2530,2745,3020,,,21254,23380,11999,13200,12027,13230
2016-08-18,2090,2300,2072,2280,5409,5950,2281,2510,2718,2990,,,21209,23330,11863,13050,11899,13090
2016-08-17,2054,2260,2045,2250,5381,5920,2245,2470,2654,2920,20754,22830,20936,23030,11736,12910,11763,12940
2016-08-16,2054,2260,2045,2250,,,2263,2490,2700,2970,,,20963,23060,12145,13360,12172,13390
2016-08-12,2027,2230,2018,2220,,,2218,2440,2700,2970,,,21018,23120,12354,13590,12381,13620
2016-08-11,2009,2210,1999,2200,,,2190,2410,2700,2970,20963,23060,21154,23270,12445,13690,12472,13720
2016-08-10,2018,2220,2009,2210,5418,5960,2190,2410,2718,2990,21036,23140,21218,23340,12472,13720,12509,13760
2016-08-09,2027,2230,2018,2220,,,2181,2400,2727,3000,,,21154,23270,12490,13740,12518,13770
2016-08-08,2036,2240,2027,2230,5445,5990,2181,2400,2718,2990,,,21236,23360,12463,13710,12490,13740
2016-08-05,2018,2220,1999,2200,5500,6050,2200,2420,2718,2990,,,20918,23010,12372,13610,12399,13640
2016-08-04,2045,2250,2027,2230,5572,6130,2218,2440,2745,3020,,,20909,23000,12563,13820,12590,13850
2016-08-03,2009,2210,1999,2200,5554,6110,2218,2440,2727,3000,20645,22710,20836,22920,12463,13710,12490,13740
2016-08-02,2018,2220,2009,2210,5527,6080,2218,2440,2718,2990,,,,,12454,13700,12481,13730
2016-08-01,2054,2260,2045,2250,5645,6210,2245,2470,2718,2990,20663,22730,20854,22940,12472,13720,12499,13750
2016-07-29,2018,2220,2009,2210,5636,6200,2227,2450,2681,2950,20654,22720,20845,22930,12590,13850,12618,13880
2016-07-28,2018,2220,2009,2210,5636,6200,2245,2470,2672,2940,20736,22810,20936,23030,12309,13540,12336,13570
2016-07-27,2018,2220,2009,2210,5727,6300,2281,2510,2736,3010,20718,22790,20909,23000,12318,13550,12345,13580
2016-07-26,2036,2240,2027,2230,5699,6270,2300,2530,2763,3040,20781,22860,,,12481,13730,12509,13760
2016-07-25,2036,2240,2018,2220,5718,6290,2290,2520,2745,3020,20709,22780,,,12381,13620,12409,13650
2016-07-22,2027,2230,2009,2210,5790,6370,2318,2550,2763,3040,20845,22930,,,12799,14080,12836,14120
2016-07-21,2063,2270,2054,2260,5799,6380,2318,2550,2763,3040,20918,23010,,,12654,13920,12681,13950
2016-07-20,2081,2290,2063,2270,5790,6370,2318,2550,2745,3020,20672,22740,,,12572,13830,12599,13860
2016-07-19,2100,2310,2081,2290,5745,6320,2309,2540,2727,3000,20945,23040,,,12554,13810,12581,13840
2016-07-18,2100,2310,2090,2300,5699,6270,2336,2570,2700,2970,21145,23260,,,12218,13440,12254,13480
2016-07-15,2127,2340,2118,2330,5745,6320,2363,2600,2690,2960,21145,23260,,,12354,13590,12381,13620
2016-07-14,2127,2340,2118,2330,5790,6370,2363,2600,2700,2970,21181,23300,,,12436,13680,12463,13710
2016-07-13,2136,2350,2127,2340,5718,6290,2354,2590,2727,3000,21227,23350,,,12618,13880,12645,13910
2016-07-12,2109,2320,2100,2310,5572,6130,2300,2530,2663,2930,21072,23180,,,12090,13300,12118,13330
2016-07-11,2154,2370,2145,2360,5609,6170,2327,2560,2709,2980,21318,23450,,,12054,13260,12081,13290
2016-07-08,2109,2320,2100,2310,5545,6100,2309,2540,2636,2900,21100,23210,,,11818,13000,11854,13040
2016-07-07,2145,2360,2136,2350,5663,6230,2354,2590,2672,2940,21490,23640,,,12209,13430,12236,13460
2016-07-06,2090,2300,2081,2290,5690,6260,2318,2550,2654,2920,21090,23200,,,11745,12920,11772,12950
2016-07-05,2072,2280,2063,2270,5736,6310,2327,2560,2645,2910,21318,23450,,,12227,13450,12254,13480
2016-07-04,2090,2300,2072,2280,5754,6330,2327,2560,2681,2950,20645,22710,,,11945,13140,11972,13170
2016-07-01,2090,2300,2072,2280,5718,6290,2263,2490,2636,2900,20272,22300,,,11409,12550,11436,12580
2016-06-30,2081,2290,2072,2280,5745,6320,2263,2490,2645,2910,20463,22510,,,11463,12610,11490,12640
2016-06-29,2090,2300,2072,2280,5781,6360,2236,2460,2654,2920,20445,22490,,,11454,12600,11481,12630
2016-06-28,2072,2280,2063,2270,5699,6270,2218,2440,2581,2840,20554,22610,,,11127,12240,11163,12280
2016-06-27,2100,2310,2081,2290,5672,6240,2227,2450,2609,2870,20890,22980,,,11154,12270,11181,12300
2016-06-24,2072,2280,2063,2270,5636,6200,2190,2410,2563,2820,20481,22530,,,11118,12230,11145,12260
2016-06-23,2072,2280,2063,2270,5554,6110,2181,2400,2581,2840,20445,22490,,,11163,12280,11190,12310
2016-06-22,2072,2280,2063,2270,5527,6080,2181,2400,2554,2810,20481,22530,,,11136,12250,11163,12280
2016-06-21,2081,2290,2072,2280,5518,6070,2200,2420,2545,2800,20354,22390,,,11290,12420,11318,12450
2016-06-20,2081,2290,2072,2280,5463,6010,2190,2410,2536,2790,20618,22680,,,11145,12260,11172,12290
2016-06-17,2063,2270,2045,2250,5445,5990,2200,2420,2545,2800,20563,22620,,,10900,11990,10927,12020
2016-06-16,2090,2300,2081,2290,5572,6130,2190,2410,2609,2870,20545,22600,,,11118,12230,11154,12270
2016-06-15,2081,2290,2063,2270,5409,5950,2181,2400,2581,2840,20545,22600,,,10927,12020,10963,12060
2016-06-14,2081,2290,2063,2270,5481,6030,,,2654,2920,20736,22810,,,10936,12030,10963,12060
2016-06-13,2027,2230,2009,2210,5400,5940,,,2654,2920,20545,22600,,,10909,12000,10945,12040
2016-06-10,2009,2210,1999,2200,5354,5890,,,2609,2870,,,,,10836,11920,10863,11950
2016-06-09,2036,2240,2027,2230,5436,5980,,,2600,2860,,,,,10872,11960,10900,11990
2016-06-08,1999,2200,1990,2190,5463,6010,2154,2370,2545,2800,,,,,10481,11530,10518,11570
2016-06-07,2018,2220,2009,2210,5709,6280,2227,2450,2627,2890,,,,,10772,11850,10800,11880
2016-06-03,2009,2210,1999,2200,5636,6200,2209,2430,2581,2840,,,,,10563,11620,10600,11660
2016-06-02,2054,2260,2045,2250,5690,6260,2209,2430,2581,2840,,,,,10627,11690,10654,11720
2016-06-01,2036,2240,2027,2230,5763,6340,2200,2420,2518,2770,,,,,10563,11620,10590,11650
2016-05-31,2036,2240,2027,2230,5790,6370,2200,2420,2490,2740,,,,,10554,11610,10581,11640
2016-05-30,2018,2220,2009,2210,5727,6300,2172,2390,2472,2720,,,,,10445,11490,10472,11520
2016-05-27,2018,2220,2009,2210,5690,6260,2145,2360,2445,2690,,,,,10418,11460,10454,11500
2016-05-26,2009,2210,1999,2200,5681,6250,2100,2310,2390,2630,,,19345,21280,10381,11420,10409,11450
2016-05-25,2045,2250,2036,2240,5672,6240,2136,2350,2409,2650,,,19536,21490,10536,11590,10563,11620
2016-05-24,2018,2220,2009,2210,5572,6130,2127,2340,2400,2640,,,19845,21830,10363,11400,10390,11430
2016-05-23,2027,2230,2009,2210,5627,6190,2163,2380,2445,2690,20209,22230,20418,22460,10636,11700,10663,11730
2016-05-20,2027,2230,2009,2210,5636,6200,2172,2390,2436,2680,20318,22350,20518,22570,10709,11780,10745,11820
2016-05-19,2018,2220,2009,2210,5627,6190,2181,2400,2445,2690,20472,22520,20672,22740,10727,11800,10754,11830
2016-05-18,1990,2190,1981,2180,5627,6190,2181,2400,2445,2690,20536,22590,20736,22810,10836,11920,10872,11960
2016-05-17,1999,2200,1990,2190,5645,6210,2227,2450,2454,2700,20572,22630,20781,22860,10809,11890,10836,11920
2016-05-16,1972,2170,1954,2150,5590,6150,2181,2400,2427,2670,20127,22140,20336,22370,10636,11700,10663,11730
2016-05-13,1972,2170,1954,2150,5536,6090,2163,2380,2390,2630,20009,22010,20209,22230,10545,11600,10572,11630
2016-05-12,1999,2200,1990,2190,5672,6240,2245,2470,2436,2680,20754,22830,20954,23050,10890,11980,10918,12010
2016-05-11,1999,2200,1981,2180,5663,6230,2236,2460,2390,2630,20781,22860,20981,23080,10727,11800,10754,11830
2016-05-10,1990,2190,1981,2180,5636,6200,2209,2430,2363,2600,20727,22800,20927,23020,10536,11590,10572,11630
2016-05-09,2018,2220,2009,2210,5727,6300,2209,2430,2400,2640,20781,22860,20981,23080,10972,12070,11000,12100
2016-05-04,2036,2240,2027,2230,5781,6360,2200,2420,2372,2610,20336,22370,20527,22580,11363,12500,11390,12530
2016-05-03,2090,2300,2081,2290,5918,6510,2245,2470,2418,2660,20245,22270,20436,22480,11263,12390,11290,12420
2016-05-02,2100,2310,2081,2290,5927,6520,2245,2470,2427,2670,20272,22300,20463,22510,11272,12400,11299,12430
2016-04-29,2090,2300,2072,2280,5809,6390,2181,2400,2390,2630,20109,22120,20309,22340,11090,12200,11118,12230
2016-04-28,2081,2290,2063,2270,5809,6390,2172,2390,2381,2620,20272,22300,20463,22510,11081,12190,11109,12220
2016-04-27,2081,2290,2072,2280,5890,6480,2200,2420,2400,2640,20727,22800,20927,23020,11100,12210,11127,12240
2016-04-26,2081,2290,2072,2280,5909,6500,2200,2420,2372,2610,20700,22770,20900,22990,10990,12090,11027,12130
2016-04-25,2072,2280,2063,2270,5927,6520,2227,2450,2400,2640,20627,22690,20818,22900,10909,12000,10936,12030
2015-04-22,2400,2640,2381,2620,6627,7290,2427,2670,2572,2830,17254,18980,17436,19180,14281,15710,14309,15740
2016-04-21,2027,2230,2018,2220,5836,6420,2200,2420,2409,2650,20172,22190,20363,22400,11100,12210,11136,12250
2016-04-20,1990,2190,1981,2180,5790,6370,2190,2410,2409,2650,20127,22140,20327,22360,11045,12150,11072,12180
2016-04-19,2009,2210,1999,2200,5745,6320,2154,2370,2336,2570,20263,22290,20463,22510,11027,12130,11054,12160
2016-04-18,1963,2160,1945,2140,5699,6270,2145,2360,2309,2540,20309,22340,20500,22550,10727,11800,10763,11840
2016-04-15,1981,2180,1972,2170,5772,6350,2163,2380,2318,2550,20500,22550,20700,22770,10918,12010,10954,12050
2016-04-14,1963,2160,1954,2150,5718,6290,2190,2410,2318,2550,20209,22230,20409,22450,10809,11890,10836,11920
2016-04-12,1899,2090,1890,2080,5527,6080,2127,2340,2172,2390,19818,21800,20009,22010,10336,11370,10363,11400
2016-04-11,1927,2120,1909,2100,5545,6100,2145,2360,2190,2410,20127,22140,20318,22350,10390,11430,10418,11460
2016-04-08,1899,2090,1890,2080,5536,6090,2145,2360,2181,2400,19827,21810,20027,22030,10181,11200,10209,11230
2016-04-07,1918,2110,1909,2100,5718,6290,2163,2380,2254,2480,19718,21690,19909,21900,10454,11500,10481,11530
2016-04-06,1918,2110,1909,2100,5699,6270,2145,2360,2254,2480,19500,21450,19700,21670,10318,11350,10345,11380
2016-04-05,1927,2120,1918,2110,5645,6210,2145,2360,2290,2520,19709,21680,19900,21890,10100,11110,10127,11140
2016-04-04,1945,2140,1936,2130,5772,6350,2200,2420,2327,2560,19936,21930,20136,22150,10118,11130,10145,11160
2016-04-01,1918,2110,1909,2100,5745,6320,2136,2350,2236,2460,19736,21710,19927,21920,10227,11250,10254,11280
2016-03-31,1899,2090,1890,2080,5809,6390,2172,2390,2236,2460,20054,22060,20254,22280,10218,11240,10245,11270
2016-03-30,1909,2100,1899,2090,5890,6480,2209,2430,2236,2460,20218,22240,20418,22460,10354,11390,10390,11430
2016-03-29,1899,2090,1890,2080,5981,6580,2245,2470,2263,2490,20890,22980,21090,23200,10618,11680,10645,11710
2016-03-28,1909,2100,1899,2090,5990,6590,2245,2470,2263,2490,20945,23040,21145,23260,10645,11710,10672,11740
2016-03-25,1899,2090,1890,2080,5981,6580,2245,2470,2263,2490,20890,22980,21090,23200,10618,11680,10654,11720
2016-03-24,1890,2080,1881,2070,5945,6540,2245,2470,2300,2530,20863,22950,21063,23170,10627,11690,10654,11720
2016-03-23,1899,2090,1881,2070,6045,6650,2281,2510,2327,2560,20463,22510,20654,22720,10663,11730,10690,11760
2016-03-22,1918,2110,1909,2100,6099,6710,2318,2550,2354,2590,20372,22410,20572,22630,10736,11810,10763,11840
2016-03-21,1927,2120,1918,2110,6072,6680,2290,2520,2309,2540,20354,22390,20554,22610,10600,11660,10627,11690
2016-03-18,1963,2160,1954,2150,6154,6770,2327,2560,2327,2560,20636,22700,20836,22920,10972,12070,11009,12110
2016-03-17,1972,2170,1963,2160,6081,6690,2318,2550,2254,2480,20600,22660,20809,22890,10809,11890,10836,11920
2016-03-16,1981,2180,1972,2170,6072,6680,2318,2550,2236,2460,20690,22760,20890,22980,10700,11770,10736,11810
2016-03-15,2009,2210,1999,2200,6072,6680,2372,2610,2290,2520,20700,22770,20900,22990,10754,11830,10781,11860
2016-03-14,2045,2250,2036,2240,6127,6740,2418,2660,2327,2560,20545,22600,20754,22830,11090,12200,11118,12230
2016-03-11,2063,2270,2054,2260,6081,6690,2400,2640,2300,2530,20609,22670,20818,22900,11100,12210,11127,12240
2016-03-10,2127,2340,2109,2320,6199,6820,2463,2710,2363,2600,21045,23150,21254,23380,11372,12510,11409,12550
2016-03-09,2090,2300,2081,2290,6063,6670,2409,2650,2300,2530,20609,22670,20818,22900,10918,12010,10954,12050
2016-03-08,2127,2340,2118,2330,6199,6820,2463,2710,2345,2580,21418,23560,21618,23780,11845,13030,11872,13060
2016-03-07,2136,2350,2118,2330,6245,6870,2463,2710,2409,2650,21109,23220,21318,23450,11818,13000,11845,13030
2016-03-04,2145,2360,2136,2350,6090,6700,2445,2690,2418,2660,20590,22650,20800,22880,11499,12650,11536,12690
2016-03-03,2172,2390,2163,2380,6072,6680,2445,2690,2409,2650,20472,22520,20681,22750,11281,12410,11318,12450
2016-03-02,2172,2390,2154,2370,6027,6630,2409,2650,2390,2630,20472,22520,20681,22750,11309,12440,11345,12480
2016-02-29,2163,2380,2145,2360,6018,6620,2381,2620,2354,2590,20400,22440,20609,22670,11090,12200,11118,12230
2016-02-26,2154,2370,2145,2360,5890,6480,2300,2530,2318,2550,20390,22430,20600,22660,10909,12000,10945,12040
2016-02-25,2154,2370,2136,2350,5918,6510,2290,2520,2336,2570,20445,22490,20654,22720,11100,12210,11127,12240
2016-02-24,2118,2330,2109,2320,5899,6490,2309,2540,2318,2550,20409,22450,20618,22680,11181,12300,11209,12330
2016-02-23,2163,2380,2154,2370,5981,6580,2336,2570,2381,2620,20036,22040,20245,22270,11418,12560,11445,12590
2016-02-22,2136,2350,2118,2330,5890,6480,2345,2580,2336,2570,20081,22090,20290,22320,11172,12290,11200,12320
2016-02-19,2081,2290,2063,2270,5799,6380,2318,2550,2263,2490,19754,21730,19963,21960,10818,11900,10854,11940
2016-02-18,2072,2280,2063,2270,5809,6390,2327,2560,2200,2420,19772,21750,19990,21990,10890,11980,10918,12010
2016-02-17,2054,2260,2045,2250,5727,6300,2390,2630,2190,2410,19309,21240,19518,21470,10727,11800,10754,11830
2016-02-16,2027,2230,2018,2220,5699,6270,2418,2660,2190,2410,19081,20990,19290,21220,10554,11610,10581,11640
2016-02-15,2018,2220,2009,2210,5636,6200,2463,2710,2236,2460,19290,21220,19500,21450,10027,11030,10054,11060
2016-02-12,1981,2180,1972,2170,5527,6080,2418,2660,2218,2440,19318,21250,19527,21480,9672,10640,9700,10670
2016-02-11,1972,2170,1954,2150,5500,6050,2372,2610,2209,2430,19500,21450,19709,21680,9972,10970,10009,11010
2016-02-05,2045,2250,2036,2240,5818,6400,2381,2620,2218,2440,18581,20440,18781,20660,10818,11900,10845,11930
2016-02-04,2063,2270,2054,2260,5836,6420,2400,2640,2227,2450,18709,20580,18918,20810,10945,12040,10972,12070
2016-02-03,2018,2220,1999,2200,5672,6240,2336,2570,2181,2400,18354,20190,18563,20420,10690,11760,10718,11790
2016-02-02,2027,2230,2018,2220,5663,6230,2290,2520,2163,2380,18327,20160,18536,20390,10700,11770,10727,11800
2016-02-01,2018,2220,2009,2210,5654,6220,2272,2500,2127,2340,18372,20210,18581,20440,10881,11970,10918,12010
2016-01-29,2027,2230,2018,2220,5663,6230,2236,2460,2081,2290,17772,19550,17981,19780,10936,12030,10963,12060
2016-01-28,2036,2240,2027,2230,5699,6270,2209,2430,2118,2330,17918,19710,18127,19940,10954,12050,10981,12080
2016-01-27,1999,2200,1981,2180,5654,6220,2200,2420,2090,2300,17636,19400,17845,19630,10990,12090,11027,12130
2016-01-26,1954,2150,1945,2140,5454,6000,2145,2360,2018,2220,16900,18590,17109,18820,10763,11840,10790,11870
2016-01-25,1972,2170,1963,2160,5518,6070,2181,2400,2018,2220,17009,18710,17218,18940,11000,12100,11036,12140
2016-01-22,1999,2200,1990,2190,5554,6110,2200,2420,2036,2240,17100,18810,17309,19040,11172,12290,11200,12320
2016-01-21,1972,2170,1963,2160,5463,6010,2163,2380,2009,2210,16909,18600,17118,18830,10936,12030,10972,12070
2016-01-20,1981,2180,1972,2170,5500,6050,2181,2400,2027,2230,16536,18190,16745,18420,10918,12010,10954,12050
2016-01-19,1999,2200,1990,2190,5472,6020,2163,2380,2036,2240,16627,18290,16827,18510,10963,12060,10990,12090
2016-01-18,1990,2190,1981,2180,5427,5970,2154,2370,2018,2220,16636,18300,16845,18530,10736,11810,10772,11850
2016-01-15,2009,2210,1990,2190,5536,6090,2190,2410,2063,2270,16690,18360,16900,18590,10963,12060,10990,12090
2016-01-14,1963,2160,1954,2150,5454,6000,2163,2380,2018,2220,16500,18150,16709,18380,10654,11720,10681,11750
2016-01-13,1954,2150,1936,2130,5427,5970,2154,2370,1990,2190,16772,18450,16981,18680,10518,11570,10545,11600
2016-01-12,1954,2150,1945,2140,5472,6020,2145,2360,1954,2150,16990,18690,17200,18920,10554,11610,10581,11640
2016-01-11,1981,2180,1963,2160,5545,6100,2145,2360,1972,2170,16954,18650,17163,18880,10809,11890,10836,11920
2016-01-08,1963,2160,1945,2140,5609,6170,2200,2420,1972,2170,16972,18670,17181,18900,10763,11840,10790,11870
2015-12-29,1945,2140,1936,2130,5654,6220,2245,2470,1963,2160,17481,19230,17681,19450,10527,11580,10563,11620
2015-12-28,1945,2140,1936,2130,5663,6230,2245,2470,1963,2160,17518,19270,17718,19490,10554,11610,10581,11640
2015-12-24,1972,2170,1963,2160,5718,6290,2245,2470,1981,2180,17672,19440,17872,19660,10636,11700,10663,11730
2015-12-23,1936,2130,1927,2120,5645,6210,2209,2430,1936,2130,17718,19490,17918,19710,10600,11660,10627,11690
2015-12-22,1954,2150,1936,2130,5763,6340,2245,2470,1954,2150,17800,19580,18000,19800,10927,12020,10954,12050
2015-12-21,1945,2140,1927,2120,5727,6300,2200,2420,1945,2140,18018,19820,18227,20050,10827,11910,10863,11950
2015-12-18,1918,2110,1899,2090,5545,6100,2109,2320,1909,2100,17754,19530,17954,19750,10645,11710,10672,11740
2015-12-17,1909,2100,1890,2080,5600,6160,2154,2370,1936,2130,17718,19490,17918,19710,10745,11820,10772,11850
2015-12-16,1918,2110,1899,2090,5572,6130,2218,2440,1927,2120,17709,19480,17909,19700,10572,11630,10609,11670
2015-12-15,1954,2150,1936,2130,5718,6290,2263,2490,2045,2250,17936,19730,18136,19950,10827,11910,10854,11940
2015-12-14,1927,2120,1909,2100,5736,6310,2236,2460,2036,2240,17700,19470,17909,19700,10718,11790,10745,11820
2015-12-11,1936,2130,1927,2120,5609,6170,2218,2440,2018,2220,17672,19440,17872,19660,10527,11580,10554,11610
2015-12-10,1927,2120,1918,2110,5590,6150,2200,2420,2009,2210,17654,19420,17854,19640,10690,11760,10718,11790
2015-12-09,1899,2090,1890,2080,5600,6160,2200,2420,2009,2210,17454,19200,17654,19420,10709,11780,10736,11810
2015-12-08,1899,2090,1881,2070,5509,6060,2163,2380,1954,2150,17563,19320,17763,19540,10681,11750,10718,11790
2015-12-07,1909,2100,1899,2090,5518,6070,2145,2360,1954,2150,17709,19480,17909,19700,10836,11920,10863,11950
2015-12-04,1881,2070,1863,2050,5500,6050,2118,2330,1936,2130,17790,19570,17990,19790,10754,11830,10781,11860
2015-12-03,1890,2080,1881,2070,5500,6050,2118,2330,1972,2170,18072,19880,18272,20100,10909,12000,10936,12030
2015-12-02,1863,2050,1845,2030,5563,6120,2100,2310,1990,2190,18118,19930,18309,20140,10845,11930,10872,11960
2015-12-01,1836,2020,1818,2000,5509,6060,2109,2320,1972,2170,17990,19790,18181,20000,10754,11830,10781,11860
2015-11-30,1999,2200,1990,2190,5472,6020,2063,2270,1936,2130,17827,19610,18027,19830,10581,11640,10609,11670
2015-11-27,2045,2250,2036,2240,5518,6070,2072,2280,1990,2190,17654,19420,17854,19640,11018,12120,11045,12150
2015-11-26,1990,2190,1972,2170,5400,5940,2036,2240,1954,2150,17363,19100,17554,19310,10645,11710,10672,11740
2015-11-25,1990,2190,1972,2170,5518,6070,2045,2250,1981,2180,17163,18880,17354,19090,10581,11640,10609,11670
2015-11-24,1981,2180,1972,2170,5409,5950,2018,2220,1945,2140,17163,18880,17363,19100,10081,11090,10109,11120
2015-11-23,1990,2190,1972,2170,5500,6050,2027,2230,1963,2160,17418,19160,17618,19380,10536,11590,10563,11620
2015-11-20,2018,2220,2009,2210,5590,6150,2027,2230,1936,2130,17527,19280,17727,19500,10863,11950,10890,11980
2015-11-19,2045,2250,2027,2230,5618,6180,2054,2260,1927,2120,17627,19390,17827,19610,10990,12090,11018,12120
2015-11-18,2045,2250,2027,2230,5690,6260,2054,2260,1963,2160,17727,19500,17927,19720,11127,12240,11154,12270
2015-11-17,2036,2240,2027,2230,5699,6270,2063,2270,2009,2210,17790,19570,17990,19790,11399,12540,11427,12570
2015-11-16,2054,2260,2045,2250,5809,6390,2054,2260,2036,2240,17690,19460,17890,19680,11436,12580,11472,12620
2015-11-13,2045,2250,2036,2240,5790,6370,2054,2260,2027,2230,17445,19190,17645,19410,11372,12510,11399,12540
2015-11-12,2072,2280,2063,2270,5909,6500,2054,2260,2027,2230,17627,19390,17827,19610,11627,12790,11654,12820
2015-11-11,2063,2270,2054,2260,5899,6490,2072,2280,2009,2210,17536,19290,17727,19500,11463,12610,11499,12650
2015-11-10,2063,2270,2054,2260,5945,6540,2100,2310,2045,2250,17381,19120,17581,19340,11554,12710,11590,12750
2015-11-09,2054,2260,2036,2240,5890,6480,2072,2280,2036,2240,17236,18960,17436,19180,11463,12610,11490,12640
2015-11-06,2027,2230,2018,2220,5899,6490,2063,2270,2036,2240,17218,18940,17409,19150,11627,12790,11654,12820
2015-11-05,1999,2200,1990,2190,6009,6610,2081,2290,2045,2250,17372,19110,17572,19330,11636,12800,11663,12830
2015-11-04,1990,2190,1981,2180,6009,6610,2090,2300,2063,2270,17354,19090,17545,19300,11690,12860,11718,12890
2015-11-03,1990,2190,1981,2180,6036,6640,2109,2320,2036,2240,17409,19150,17609,19370,11999,13200,12027,13230
2015-11-02,1981,2180,1963,2160,6036,6640,2109,2320,2081,2290,17609,19370,17809,19590,11963,13160,11990,13190
2015-10-30,1972,2170,1963,2160,6063,6670,2136,2350,2081,2290,17627,19390,17818,19600,12354,13590,12381,13620
2015-10-29,1963,2160,1954,2150,6081,6690,2145,2360,2100,2310,17736,19510,17927,19720,12481,13730,12509,13760
2015-10-28,1954,2150,1945,2140,6099,6710,2154,2370,2100,2310,17981,19780,18181,20000,12436,13680,12463,13710
2015-10-27,1963,2160,1945,2140,6081,6690,2172,2390,2100,2310,18172,19990,18363,20200,12336,13570,12363,13600
2015-10-26,1963,2160,1954,2150,6018,6620,2154,2370,2100,2310,18290,20120,18481,20330,12299,13530,12327,13560
2015-10-23,1981,2180,1972,2170,6154,6770,2190,2410,2118,2330,18618,20480,18809,20690,12354,13590,12381,13620
2015-10-22,1999,2200,1981,2180,6054,6660,2154,2370,2081,2290,18581,20440,18781,20660,12109,13320,12136,13350
2015-10-21,2036,2240,2027,2230,6072,6680,2200,2420,2118,2330,18536,20390,18736,20610,12236,13460,12263,13490
2015-10-20,2027,2230,2018,2220,6009,6610,2190,2410,2136,2350,18409,20250,18600,20460,12099,13310,12127,13340
2015-10-19,2072,2280,2063,2270,6163,6780,2236,2460,2163,2380,18509,20360,18700,20570,12427,13670,12454,13700
2015-10-16,2081,2290,2072,2280,6190,6810,2218,2440,2190,2410,18581,20440,18772,20650,12409,13650,12436,13680
2015-10-15,2136,2350,2127,2340,6272,6900,2245,2470,2209,2430,18963,20860,19163,21080,12490,13740,12518,13770
2015-10-14,2145,2360,2127,2340,6254,6880,2236,2460,2218,2440,18818,20700,19009,20910,12518,13770,12545,13800
2015-10-13,2136,2350,2118,2330,6272,6900,2263,2490,2236,2460,18700,20570,18900,20790,12654,13920,12681,13950
2015-10-12,2190,2410,2172,2390,6336,6970,2263,2490,2263,2490,19372,21310,19572,21530,12645,13910,12672,13940
2015-10-08,2145,2360,2136,2350,6209,6830,2136,2350,2090,2300,19381,21320,19581,21540,12281,13510,12309,13540
2015-10-07,2127,2340,2118,2330,6236,6860,2081,2290,2063,2270,19090,21000,19290,21220,12081,13290,12109,13320
2015-10-06,2154,2370,2145,2360,6263,6890,2100,2310,2081,2290,18981,20880,19181,21100,12136,13350,12163,13380
2015-10-05,2163,2380,2154,2370,6209,6830,2127,2340,2127,2340,19054,20960,19254,21180,12327,13560,12354,13590
2015-10-02,2163,2380,2154,2370,6181,6800,2136,2350,2118,2330,18818,20700,19018,20920,12309,13540,12336,13570
2015-10-01,2200,2420,2190,2410,6309,6940,2172,2390,2136,2350,19127,21040,19336,21270,12818,14100,12845,14130
2015-09-30,2200,2420,2181,2400,6127,6740,2200,2420,2118,2330,19427,21370,19636,21600,12318,13550,12354,13590
2015-09-25,2218,2440,2200,2420,6209,6830,2245,2470,2136,2350,18790,20670,19000,20900,12336,13570,12363,13600
2015-09-24,2209,2430,2200,2420,6199,6820,2245,2470,2100,2310,18418,20260,18618,20480,12136,13350,12163,13380
2015-09-23,2200,2420,2190,2410,6163,6780,2209,2430,2054,2260,18072,19880,18272,20100,11936,13130,11972,13170
2015-09-22,2227,2450,2218,2440,6354,6990,2227,2450,2081,2290,18345,20180,18545,20400,12099,13310,12127,13340
2015-09-21,2218,2440,2200,2420,6281,6910,2181,2400,2100,2310,18236,20060,18427,20270,11763,12940,11790,12970
2015-09-18,2227,2450,2218,2440,6454,7100,2218,2440,2145,2360,18663,20530,18863,20750,12163,13380,12190,13410
2015-09-17,2236,2460,2227,2450,6490,7140,2254,2480,2181,2400,19027,20930,19227,21150,12427,13670,12454,13700
2015-09-16,2236,2460,2227,2450,6518,7170,2227,2450,2190,2410,19236,21160,19436,21380,12499,13750,12527,13780
2015-09-15,2236,2460,2227,2450,6463,7110,2209,2430,2218,2440,19272,21200,19481,21430,12254,13480,12281,13510
2015-09-14,2263,2490,2254,2480,6545,7200,2245,2470,2300,2530,19090,21000,19290,21220,12727,14000,12754,14030
2015-09-11,2281,2510,2263,2490,6627,7290,2290,2520,2318,2550,19245,21170,19454,21400,13009,14310,13036,14340
2015-09-10,2254,2480,2245,2470,6554,7210,2263,2490,2318,2550,18554,20410,18754,20630,12545,13800,12572,13830
2015-09-09,2281,2510,2263,2490,6599,7260,2254,2480,2336,2570,18627,20490,18836,20720,12545,13800,12572,13830
2015-09-08,2245,2470,2236,2460,6372,7010,2227,2450,2318,2550,18700,20570,18909,20800,12272,13500,12309,13540
2015-09-07,2236,2460,2227,2450,6281,6910,2209,2430,2318,2550,18609,20470,18809,20690,12409,13650,12436,13680
2015-09-04,2263,2490,2245,2470,6418,7060,2263,2490,2336,2570,18772,20650,18981,20880,12436,13680,12463,13710
2015-09-03,2209,2430,2190,2410,6218,6840,2236,2460,2327,2560,18736,20610,18945,20840,12172,13390,12199,13420
2015-09-02,2190,2410,2181,2400,6109,6720,2245,2470,2300,2530,18036,19840,18236,20060,11954,13150,11981,13180
2015-09-01,2218,2440,2209,2430,6236,6860,2272,2500,2327,2560,17481,19230,17690,19460,12418,13660,12454,13700
2015-08-31,2200,2420,2190,2410,6190,6810,2254,2480,2309,2540,17354,19090,17554,19310,12327,13560,12354,13590
2015-08-28,2172,2390,2154,2370,6290,6920,2218,2440,2263,2490,17036,18740,17236,18960,12445,13690,12481,13730
2015-08-27,2136,2350,2118,2330,6036,6640,2181,2400,2190,2410,17063,18770,17272,19000,11872,13060,11899,13090
2015-08-26,2181,2400,2163,2380,6245,6870,2236,2460,2263,2490,17600,19360,17809,19590,12009,13210,12045,13250
2015-08-25,2136,2350,2127,2340,6109,6720,2218,2440,2236,2460,17463,19210,17663,19430,11972,13170,11999,13200
2015-08-24,2163,2380,2154,2370,6209,6830,2263,2490,2300,2530,18390,20230,18590,20450,12754,14030,12781,14060
2015-08-21,2181,2400,2163,2380,6227,6850,2254,2480,2336,2570,18609,20470,18818,20700,12890,14180,12918,14210
2015-08-20,2154,2370,2145,2360,6072,6680,2227,2450,2300,2530,18872,20760,19072,20980,12909,14200,12936,14230
2015-08-19,2154,2370,2136,2350,6118,6730,2227,2450,2272,2500,19027,20930,19236,21160,12836,14120,12863,14150
2015-08-18,2163,2380,2145,2360,6199,6820,2263,2490,2345,2580,19045,20950,19245,21170,13136,14450,13163,14480
2015-08-17,2154,2370,2145,2360,6209,6830,2281,2510,2354,2590,18636,20500,18836,20720,12999,14300,13036,14340
2015-08-13,2200,2420,2181,2400,6318,6950,2300,2530,2381,2620,18481,20330,18681,20550,13181,14500,13209,14530
2015-08-12,2172,2390,2163,2380,6181,6800,2245,2470,2327,2560,18500,20350,18700,20570,13227,14550,13254,14580
2015-08-11,2181,2400,2172,2390,6318,6950,2263,2490,2381,2620,18800,20680,19000,20900,13509,14860,13545,14900
2015-08-10,2154,2370,2145,2360,6181,6800,2236,2460,2363,2600,18318,20150,18518,20370,13154,14470,13181,14500
2015-08-07,2154,2370,2145,2360,6190,6810,2209,2430,2372,2610,18545,20400,18736,20610,13199,14520,13227,14550
2015-08-06,2172,2390,2154,2370,6218,6840,2245,2470,2418,2660,18663,20530,18872,20760,13281,14610,13318,14650
2015-08-05,2181,2400,2172,2390,6245,6870,2254,2480,2436,2680,18836,20720,19036,20940,13154,14470,13181,14500
2015-08-04,2172,2390,2163,2380,6227,6850,2209,2430,2418,2660,19100,21010,19300,21230,13063,14370,13090,14400
2015-08-03,2190,2410,2172,2390,6263,6890,2218,2440,2436,2680,19600,21560,19800,21780,13454,14800,13490,14840
2015-07-31,2218,2440,2200,2420,6290,6920,2218,2440,2472,2720,19427,21370,19627,21590,13454,14800,13481,14830
2015-07-30,2218,2440,2209,2430,6309,6940,2218,2440,2472,2720,19336,21270,19527,21480,13599,14960,13627,14990
2015-07-29,2218,2440,2209,2430,6309,6940,2218,2440,2490,2740,19427,21370,19627,21590,13763,15140,13790,15170
2015-07-28,2200,2420,2190,2410,6190,6810,2190,2410,2436,2680,18818,20700,19018,20920,13445,14790,13472,14820
2015-07-27,2209,2430,2200,2420,6281,6910,2218,2440,2463,2710,18463,20310,18663,20530,13772,15150,13799,15180
2015-07-24,2190,2410,2181,2400,6281,6910,2227,2450,2490,2740,17863,19650,18054,19860,13890,15280,13918,15310
2015-07-23,2200,2420,2181,2400,6318,6950,2254,2480,2490,2740,17490,19240,17681,19450,13799,15180,13827,15210
2015-07-22,2209,2430,2190,2410,6454,7100,2281,2510,2536,2790,18190,20010,18390,20230,14099,15510,14127,15540
2015-07-21,2227,2450,2218,2440,6445,7090,2300,2530,2545,2800,18372,20210,18572,20430,14145,15560,14172,15590
2015-07-20,2236,2460,2218,2440,6427,7070,2327,2560,2545,2800,18590,20450,18781,20660,13863,15250,13890,15280
2015-07-17,2254,2480,2245,2470,6527,7180,2318,2550,2554,2810,17818,19600,18018,19820,14036,15440,14063,15470
2015-07-16,2245,2470,2236,2460,6454,7100,2345,2580,2554,2810,17181,18900,17381,19120,13790,15170,13818,15200
2015-07-15,2236,2460,2218,2440,6490,7140,2318,2550,2518,2770,17263,18990,17454,19200,13945,15340,13972,15370
2015-07-14,2218,2440,2209,2430,6463,7110,2309,2540,2500,2750,16927,18620,17118,18830,13945,15340,13972,15370
2015-07-13,2200,2420,2190,2410,6463,7110,2245,2470,2445,2690,16509,18160,16709,18380,13372,14710,13399,14740
2015-07-10,2209,2430,2200,2420,6527,7180,2272,2500,2463,2710,16645,18310,16845,18530,13699,15070,13727,15100
2015-07-09,2181,2400,2172,2390,6427,7070,2245,2470,2436,2680,16600,18260,16800,18480,13109,14420,13136,14450
2015-07-08,2163,2380,2154,2370,6181,6800,2154,2370,2354,2590,16090,17700,16290,17920,12681,13950,12709,13980
2015-07-07,2190,2410,2172,2390,6445,7090,2200,2420,2454,2700,16554,18210,16754,18430,13827,15210,13863,15250
2015-07-06,2200,2420,2190,2410,6609,7270,2190,2410,2454,2700,16536,18190,16727,18400,14127,15540,14154,15570
2015-07-03,2227,2450,2218,2440,6654,7320,2227,2450,2472,2720,16690,18360,16890,18580,14381,15820,14409,15850
2015-07-02,2218,2440,2209,2430,6590,7250,2200,2420,2481,2730,16745,18420,16936,18630,14090,15500,14118,15530
2015-07-01,2172,2390,2154,2370,6572,7230,2172,2390,2427,2670,15999,17600,16190,17810,14009,15410,14036,15440
2015-06-30,2200,2420,2190,2410,6663,7330,2218,2440,2481,2730,16690,18360,16890,18580,13963,15360,13990,15390
2015-06-29,2190,2410,2172,2390,6563,7220,2190,2410,2472,2720,17100,18810,17290,19020,14554,16010,14581,16040
2015-06-26,2200,2420,2181,2400,6536,7190,2190,2410,2454,2700,16972,18670,17163,18880,14745,16220,14772,16250
2015-06-25,2181,2400,2172,2390,6490,7140,2181,2400,2463,2710,17272,19000,17463,19210,14799,16280,14827,16310
2015-06-24,2181,2400,2172,2390,6518,7170,2190,2410,2463,2710,17427,19170,17609,19370,14854,16340,14881,16370
2015-06-23,2154,2370,2145,2360,6345,6980,2145,2360,2409,2650,17300,19030,17481,19230,14272,15700,14299,15730
2015-06-22,2154,2370,2145,2360,6390,7030,2181,2400,2436,2680,17472,19220,17663,19430,14727,16200,14754,16230
2015-06-19,2163,2380,2154,2370,6499,7150,2209,2430,2463,2710,17436,19180,17627,19390,14736,16210,14763,16240
2015-06-18,2190,2410,2181,2400,6554,7210,2218,2440,2500,2750,16909,18600,17109,18820,14918,16410,14945,16440
2015-06-17,2190,2410,2181,2400,6554,7210,2209,2430,2518,2770,16863,18550,17063,18770,14890,16380,14918,16410
2015-06-16,2200,2420,2190,2410,6609,7270,2245,2470,2527,2780,16972,18670,17163,18880,15127,16640,15163,16680
2015-06-15,2227,2450,2209,2430,6718,7390,2290,2520,2545,2800,16881,18570,17081,18790,15299,16830,15327,16860
2015-06-12,2227,2450,2218,2440,6654,7320,2281,2510,2527,2780,16954,18650,17145,18860,15409,16950,15436,16980
2015-06-11,2236,2460,2227,2450,6827,7510,2345,2580,2545,2800,17472,19220,17663,19430,15727,17300,15754,17330
2015-06-10,2245,2470,2236,2460,6818,7500,2372,2610,2600,2860,17500,19250,17690,19460,15763,17340,15790,17370
2015-06-09,2318,2550,2309,2540,6827,7510,2363,2600,2581,2840,17781,19560,17981,19780,15763,17340,15790,17370
2015-06-08,2300,2530,2290,2520,6736,7410,2327,2560,2545,2800,17445,19190,17636,19400,15299,16830,15336,16870
2015-06-05,2300,2530,2281,2510,6727,7400,2354,2590,2563,2820,17654,19420,17845,19630,15090,16600,15118,16630
2015-06-04,2290,2520,2272,2500,6781,7460,2363,2600,2581,2840,17672,19440,17863,19650,15018,16520,15045,16550
2015-06-03,2290,2520,2272,2500,6854,7540,2354,2590,2581,2840,17718,19490,17909,19700,15181,16700,15209,16730
2015-06-02,2309,2540,2300,2530,6827,7510,2354,2590,2600,2860,17490,19240,17681,19450,15081,16590,15109,16620
2015-06-01,2281,2510,2263,2490,6809,7490,2372,2610,2627,2890,17709,19480,17900,19690,14645,16110,14672,16140
2015-05-29,2318,2550,2309,2540,6890,7580,2409,2650,2690,2960,17627,19390,17818,19600,14736,16210,14763,16240
2015-05-28,2272,2500,2263,2490,6872,7560,2363,2600,2645,2910,17681,19450,17863,19650,14736,16210,14763,16240
2015-05-27,2281,2510,2263,2490,6872,7560,2336,2570,2618,2880,17390,19130,17581,19340,14509,15960,14536,15990
2015-05-26,2272,2500,2263,2490,6863,7550,2327,2560,2600,2860,17645,19410,17827,19610,14409,15850,14436,15880
2015-05-22,2290,2520,2272,2500,6990,7690,2372,2610,2627,2890,17736,19510,17918,19710,14781,16260,14809,16290
2015-05-21,2300,2530,2290,2520,6963,7660,2327,2560,2636,2900,18036,19840,18227,20050,14936,16430,14963,16460
2015-05-20,2290,2520,2281,2510,6909,7600,2318,2550,2654,2920,17854,19640,18045,19850,14799,16280,14827,16310
2015-05-19,2327,2560,2309,2540,7072,7780,2345,2580,2709,2980,17700,19470,17890,19680,15490,17040,15518,17070
2015-05-18,2363,2600,2354,2590,7118,7830,2354,2590,2727,3000,17563,19320,17754,19530,15745,17320,15772,17350
2015-05-15,2390,2630,2381,2620,7145,7860,2354,2590,2763,3040,17727,19500,17918,19710,15590,17150,15618,17180
2015-05-14,2427,2670,2418,2660,7209,7930,2436,2680,2818,3100,17709,19480,17900,19690,16027,17630,16054,17660
2015-05-13,2427,2670,2418,2660,7218,7940,2463,2710,2836,3120,17863,19650,18054,19860,16299,17930,16336,17970
2015-05-12,2427,2670,2418,2660,7145,7860,2400,2640,2763,3040,17681,19450,17872,19660,16154,17770,16181,17800
2015-05-11,2436,2680,2427,2670,7145,7860,2427,2670,2809,3090,17745,19520,17936,19730,16127,17740,16154,17770
2015-05-08,2436,2680,2427,2670,7172,7890,2472,2720,2836,3120,17854,19640,18036,19840,15972,17570,15999,17600
2015-05-07,2463,2710,2454,2700,7090,7800,2472,2720,2809,3090,17936,19730,18127,19940,15645,17210,15672,17240
2015-05-06,2527,2780,2509,2760,7190,7910,2554,2810,2863,3150,17818,19600,18000,19800,15990,17590,16018,17620
2015-05-04,2445,2690,2436,2680,7063,7770,2500,2750,2727,3000,17590,19350,17772,19550,15299,16830,15327,16860
2015-05-01,2481,2730,2472,2720,7018,7720,2500,2750,2727,3000,17618,19380,17800,19580,15518,17070,15545,17100
2015-04-30,2427,2670,2418,2660,6772,7450,2454,2700,2672,2940,17263,18990,17445,19190,14909,16400,14936,16430
2015-04-29,2418,2660,2400,2640,6745,7420,2445,2690,2654,2920,17263,18990,17454,19200,14945,16440,14972,16470
2015-04-28,2390,2630,2372,2610,6699,7370,2472,2720,2663,2930,17881,19670,18063,19870,15099,16610,15127,16640
2015-04-27,2400,2640,2390,2630,6699,7370,2445,2690,2618,2880,17527,19280,17709,19480,14799,16280,14827,16310
2015-04-24,2354,2590,2345,2580,6618,7280,2409,2650,2590,2850,17181,18900,17372,19110,14299,15730,14327,15760
2015-04-23,2372,2610,2363,2600,6554,7210,2427,2670,2600,2860,17227,18950,17409,19150,14227,15650,14254,15680
2015-04-21,2381,2620,2372,2610,6645,7310,2390,2630,2536,2790,16109,17720,16299,17930,14363,15800,14390,15830
2015-04-20,2400,2640,2381,2620,6763,7440,2418,2660,2581,2840,16500,18150,16636,18300,14154,15570,14181,15600
2015-04-17,2409,2650,2400,2640,6799,7480,2445,2690,2609,2870,16736,18410,16918,18610,14536,15990,14563,16020
2015-04-16,2418,2660,2409,2650,6727,7400,2409,2650,2600,2860,17809,19590,17990,19790,14463,15910,14490,15940
2015-04-15,2372,2610,2363,2600,6699,7370,2381,2620,2581,2840,18227,20050,18418,20260,14336,15770,14363,15800
2015-04-14,2381,2620,2372,2610,6781,7460,2409,2650,2609,2870,18109,19920,18300,20130,14181,15600,14209,15630
2015-04-13,2363,2600,2354,2590,6809,7490,2409,2650,2600,2860,18681,20550,18863,20750,14354,15790,14381,15820
2015-04-10,2363,2600,2354,2590,6754,7430,2372,2610,2563,2820,18563,20420,18754,20630,14236,15660,14263,15690
2015-04-09,2363,2600,2354,2590,6763,7440,2318,2550,2536,2790,18654,20520,18845,20730,14272,15700,14299,15730
2015-04-08,2372,2610,2363,2600,6809,7490,2300,2530,2527,2780,18663,20530,18854,20740,14209,15630,14236,15660
2015-04-07,2363,2600,2354,2590,6699,7370,2263,2490,2490,2740,18645,20510,18827,20710,14681,16150,14709,16180
2015-04-06,2381,2620,2372,2610,6745,7420,2281,2510,2509,2760,18781,20660,18972,20870,14790,16270,14818,16300
2015-04-03,2390,2630,2372,2610,6763,7440,2281,2510,2518,2770,18827,20710,19018,20920,14827,16310,14854,16340
2015-04-02,2390,2630,2381,2620,6881,7570,2272,2500,2500,2750,18690,20560,18881,20770,14563,16020,14590,16050
2015-04-01,2418,2660,2409,2650,6918,7610,2254,2480,2490,2740,18845,20730,19036,20940,14309,15740,14336,15770
2015-03-31,2427,2670,2418,2660,6936,7630,2236,2460,2536,2790,19272,21200,19463,21410,14890,16380,14909,16400
2015-03-30,2409,2650,2400,2640,6899,7590,2236,2460,2509,2760,19418,21360,19609,21570,15318,16850,15336,16870
2015-03-27,2427,2670,2418,2660,7054,7760,2272,2500,2527,2780,19454,21400,19645,21610,15845,17430,15863,17450
2015-03-26,2400,2640,2381,2620,6963,7660,2254,2480,2500,2750,19600,21560,19790,21770,15727,17300,15736,17310
2015-03-25,2418,2660,2409,2650,7009,7710,2272,2500,2518,2770,19854,21840,20036,22040,16090,17700,16099,17710
2015-03-24,2445,2690,2436,2680,7045,7750,2281,2510,2536,2790,20154,22170,20345,22380,16627,18290,16645,18310
2015-03-23,2472,2720,2454,2700,7018,7720,2236,2460,2527,2780,19909,21900,20100,22110,16700,18370,16709,18380
2015-03-20,2445,2690,2427,2670,6754,7430,2145,2360,2481,2730,19463,21410,19654,21620,16081,17690,16090,17700
2015-03-19,2445,2690,2436,2680,6627,7290,2127,2340,2472,2720,19545,21500,19736,21710,15954,17550,15972,17570
2015-03-18,2481,2730,2463,2710,6745,7420,2163,2380,2500,2750,20081,22090,20281,22310,16181,17800,16190,17810
2015-03-17,2463,2710,2454,2700,6827,7510,2200,2420,2500,2750,20336,22370,20536,22590,16436,18080,16454,18100
2015-03-16,2454,2700,2445,2690,6827,7510,2227,2450,2500,2750,20009,22010,20200,22220,16627,18290,16645,18310
2015-03-13,2418,2660,2400,2640,6799,7480,2272,2500,2490,2740,19872,21860,20063,22070,16336,17970,16354,17990
2015-03-12,2409,2650,2400,2640,6672,7340,2263,2490,2472,2720,20100,22110,20300,22330,16190,17810,16209,17830
2015-03-11,2418,2660,2409,2650,6690,7360,2254,2480,2490,2740,20454,22500,20645,22710,16445,18090,16454,18100
2015-03-10,2436,2680,2427,2670,6745,7420,2272,2500,2490,2740,20718,22790,20909,23000,16800,18480,16809,18490
2015-03-09,2409,2650,2400,2640,6518,7170,2218,2440,2436,2680,20363,22400,20554,22610,16445,18090,16463,18110
2015-03-06,2436,2680,2427,2670,6636,7300,2218,2440,2445,2690,20454,22500,20645,22710,16299,17930,16309,17940
2015-03-05,2427,2670,2418,2660,6618,7280,2154,2370,2445,2690,20000,22000,20190,22210,15954,17550,15972,17570
2015-03-04,2418,2660,2409,2650,6590,7250,2127,2340,2445,2690,20036,22040,20227,22250,15645,17210,15663,17230
2015-03-03,2436,2680,2427,2670,6709,7380,2127,2340,2490,2740,20063,22070,20254,22280,15909,17500,15918,17510
2015-03-02,2445,2690,2436,2680,6699,7370,2100,2310,2500,2750,20200,22220,20390,22430,16136,17750,16154,17770
2015-02-27,2436,2680,2427,2670,6681,7350,2127,2340,2509,2760,20345,22380,20536,22590,16436,18080,16445,18090
2015-02-26,2427,2670,2418,2660,6563,7220,2118,2330,2500,2750,20409,22450,20600,22660,16463,18110,16481,18130
2015-02-25,2463,2710,2454,2700,6627,7290,2172,2390,2545,2800,20581,22640,20772,22850,16590,18250,16609,18270
2015-02-24,2436,2680,2427,2670,6418,7060,2154,2370,2509,2760,20418,22460,20609,22670,16327,17960,16336,17970
2015-02-23,2427,2670,2418,2660,6409,7050,2154,2370,2500,2750,20209,22230,20400,22440,16036,17640,16054,17660
2015-02-17,2463,2710,2445,2690,6472,7120,2227,2450,2590,2850,20472,22520,20663,22730,16754,18430,16772,18450
2015-02-16,2472,2720,2454,2700,6427,7070,2227,2450,2581,2840,20545,22600,20727,22800,16727,18400,16736,18410
2015-02-13,2500,2750,2490,2740,6509,7160,2245,2470,2609,2870,20500,22550,20690,22760,17000,18700,17018,18720
2015-02-12,2445,2690,2436,2680,6272,6900,,,2572,2830,19872,21860,20054,22060,16845,18530,16863,18550
2015-02-11,2445,2690,2436,2680,6227,6850,2200,2420,2545,2800,20318,22350,20509,22560,16809,18490,16818,18500
2015-02-10,2527,2780,2509,2760,6345,6980,2227,2450,2590,2850,20518,22570,20700,22770,17118,18830,17127,18840
2015-02-09,2509,2760,2500,2750,6299,6930,2218,2440,2581,2840,20690,22760,20881,22970,17127,18840,17136,18850
2015-02-06,2527,2780,2518,2770,6381,7020,2218,2440,2563,2820,21209,23330,21400,23540,17072,18780,17090,18800
2015-02-05,2500,2750,2490,2740,6336,6970,2227,2450,2545,2800,21118,23230,21309,23440,16918,18610,16927,18620
2015-02-04,2545,2800,2536,2790,6390,7030,2236,2460,2590,2850,21409,23550,21600,23760,17327,19060,17345,19080
2015-02-03,2536,2790,2527,2780,6218,6840,2245,2470,2609,2870,21327,23460,21518,23670,17445,19190,17454,19200
2015-02-02,2518,2770,2500,2750,6172,6790,2236,2460,2572,2830,21327,23460,21518,23670,17109,18820,17118,18830
2015-01-30,2463,2710,2454,2700,6063,6670,2236,2460,2536,2790,21500,23650,21690,23860,16890,18580,16900,18590
2015-01-29,2481,2730,2463,2710,6099,6710,2245,2470,2545,2800,21390,23530,21572,23730,16900,18590,16918,18610
2015-01-28,2472,2720,2463,2710,6009,6610,2218,2440,2527,2780,21372,23510,21554,23710,16545,18200,16554,18210
2015-01-27,2509,2760,2500,2750,6218,6840,2218,2440,2563,2820,21709,23880,21900,24090,16518,18170,16527,18180
2015-01-26,2463,2710,2445,2690,6154,6770,2200,2420,2527,2780,21654,23820,21836,24020,16136,17750,16145,17760
2015-01-23,2509,2760,2490,2740,6318,6950,2254,2480,2545,2800,21709,23880,21890,24080,16690,18360,16700,18370
2015-01-22,2509,2760,2500,2750,6418,7060,2281,2510,2581,2840,21527,23680,21709,23880,16863,18550,16872,18560
2015-01-21,2490,2740,2481,2730,6363,7000,2281,2510,2545,2800,21700,23870,21890,24080,16663,18330,16681,18350
2015-01-20,2436,2680,2427,2670,6290,6920,2181,2400,2500,2750,21363,23500,21545,23700,16181,17800,16190,17810
2015-01-19,2463,2710,2454,2700,6345,6980,2181,2400,2518,2770,21400,23540,21581,23740,16500,18150,16509,18160
2015-01-16,2409,2650,2400,2640,6290,6920,2109,2320,2490,2740,21500,23650,21681,23850,16254,17880,16263,17890
2015-01-15,2390,2630,2381,2620,6218,6840,2090,2300,2454,2700,21490,23640,21672,23840,16054,17660,16063,17670
2015-01-14,2409,2650,2400,2640,6581,7240,2163,2380,2509,2760,21700,23870,21890,24080,16445,18090,16454,18100
2015-01-13,2418,2660,2409,2650,6736,7410,2200,2420,2572,2830,22081,24290,22272,24500,16890,18580,16909,18600
2015-01-12,2436,2680,2427,2670,6863,7550,2218,2440,2609,2870,21881,24070,22063,24270,17254,18980,17263,18990
2015-01-09,2472,2720,2463,2710,6918,7610,2218,2440,2627,2890,22272,24500,22454,24700,17636,19400,17654,19420
2015-01-08,2427,2670,2418,2660,6945,7640,2218,2440,2609,2870,22236,24460,22427,24670,17681,19450,17690,19460
2014-12-30,2454,2700,2490,2740,7145,7860,2200,2420,2627,2890,,,21772,23950,17172,18890,17181,18900
2014-12-29,2463,2710,2490,2740,7145,7860,2236,2460,2645,2910,,,21536,23690,17509,19260,17518,19270
2014-12-26,2472,2720,2500,2750,7163,7880,2245,2470,2654,2920,,,21618,23780,17572,19330,17581,19340
2014-12-24,2481,2730,2509,2760,7190,7910,2245,2470,2663,2930,,,20900,22990,17700,19470,17709,19480
2014-12-23,2472,2720,2509,2760,7172,7890,2245,2470,2654,2920,21309,23440,21490,23640,17818,19600,17836,19620
2014-12-22,2518,2770,2545,2800,7263,7990,2263,2490,2681,2950,21545,23700,21736,23910,17863,19650,17872,19660
2014-12-19,2518,2770,2545,2800,7163,7880,2245,2470,2609,2870,21454,23600,21636,23800,17909,19700,17936,19730
2014-12-18,2518,2770,2545,2800,7181,7900,2254,2480,2609,2870,21709,23880,21890,24080,17772,19550,17800,19580
2014-12-17,2481,2730,2509,2760,7118,7830,2272,2500,2590,2850,22190,24410,22372,24610,18045,19850,18072,19880
2014-12-16,2527,2780,2518,2770,7236,7960,2354,2590,2654,2920,22854,25140,23045,25350,18745,20620,18772,20650
2014-12-15,2554,2810,2545,2800,7372,8110,2400,2640,2690,2960,22927,25220,23099,25410,19072,20980,19100,21010
2014-12-12,2572,2830,2554,2810,7327,8060,2381,2620,2681,2950,22872,25160,23054,25360,18590,20450,18618,20480
2014-12-11,2581,2840,2572,2830,7290,8020,2418,2660,2672,2940,22718,24990,22909,25200,18663,20530,18690,20560
2014-12-10,2618,2880,2609,2870,7390,8130,2445,2690,2736,3010,23172,25490,23345,25680,19000,20900,19027,20930
2014-12-09,2636,2900,2618,2880,7372,8110,2481,2730,2745,3020,23281,25610,23454,25800,19327,21260,19354,21290
2014-12-08,2654,2920,2645,2910,7409,8150,2481,2730,2763,3040,22927,25220,23090,25400,19400,21340,19427,21370
2014-12-05,2672,2940,2663,2930,7445,8190,2481,2730,2772,3050,23172,25490,23345,25680,19781,21760,19809,21790
2014-12-04,2636,2900,2627,2890,7318,8050,2463,2710,2736,3010,23190,25510,23354,25690,19154,21070,19181,21100
2014-12-03,2645,2910,2636,2900,7318,8050,2454,2700,2727,3000,22999,25300,23172,25490,18763,20640,18790,20670
2014-12-02,2727,3000,2718,2990,7409,8150,2500,2750,2763,3040,23054,25360,23218,25540,18845,20730,18872,20760
2014-12-01,2700,2970,2690,2960,7254,7980,2454,2700,2700,2970,22890,25180,23081,25390,18727,20600,18754,20630
2014-11-28,2727,3000,2718,2990,7418,8160,2472,2720,2727,3000,22690,24960,22881,25170,18654,20520,18681,20550
2014-11-27,2754,3030,2745,3020,7490,8240,2490,2740,2763,3040,22890,25180,23081,25390,18781,20660,18809,20690
2014-11-26,2800,3080,2781,3060,7536,8290,2481,2730,2763,3040,22854,25140,23045,25350,19027,20930,19054,20960
2014-11-25,2790,3070,2781,3060,7645,8410,2500,2750,2818,3100,23163,25480,23336,25670,19209,21130,19236,21160
2014-11-24,2790,3070,2781,3060,7709,8480,2509,2760,2827,3110,23409,25750,23572,25930,19209,21130,19236,21160
2014-11-21,2772,3050,2763,3040,7663,8430,2472,2720,2781,3060,23090,25400,23263,25590,18927,20820,18954,20850
2014-11-20,2727,3000,2718,2990,7627,8390,2454,2700,2754,3030,22154,24370,22336,24570,18545,20400,18572,20430
2014-11-19,2709,2980,2700,2970,7527,8280,2427,2670,2736,3010,21963,24160,22154,24370,17872,19660,17909,19700
2014-11-18,2718,2990,2709,2980,7563,8320,2445,2690,2727,3000,22018,24220,22209,24430,17945,19740,17972,19770
2014-11-17,2718,2990,2709,2980,7609,8370,2445,2690,2754,3030,22181,24400,22372,24610,17818,19600,17845,19630
2014-11-14,2727,3000,2718,2990,7527,8280,2427,2670,2736,3010,22227,24450,22418,24660,17545,19300,17572,19330
2014-11-13,2754,3030,2745,3020,7545,8300,2445,2690,2763,3040,22500,24750,22690,24960,17763,19540,17790,19570
2014-11-12,2745,3020,2736,3010,7572,8330,2445,2690,2754,3030,22627,24890,22818,25100,17590,19350,17618,19380
2014-11-11,2709,2980,2700,2970,7499,8250,2427,2670,2718,2990,22336,24570,22518,24770,17281,19010,17309,19040
2014-11-10,2754,3030,2745,3020,7627,8390,2445,2690,2736,3010,22718,24990,22909,25200,17627,19390,17654,19420
2014-11-07,2754,3030,2745,3020,7499,8250,2390,2630,2700,2970,22227,24450,22418,24660,17545,19300,17572,19330
2014-11-06,2736,3010,2718,2990,7472,8220,2372,2610,2690,2960,21863,24050,22054,24260,17345,19080,17372,19110
2014-11-05,2718,2990,2700,2970,7418,8160,2363,2600,2709,2980,21645,23810,21827,24010,17181,18900,17209,18930
2014-11-04,2718,2990,2709,2980,7472,8220,2381,2620,2763,3040,21772,23950,21954,24150,17627,19390,17654,19420
2014-11-03,2690,2960,2681,2950,7418,8160,2354,2590,2754,3030,21590,23750,21772,23950,17600,19360,17627,19390
2014-10-31,2645,2910,2627,2890,7381,8120,2336,2570,2718,2990,21781,23960,21963,24160,17300,19030,17327,19060
2014-10-30,2618,2880,2600,2860,7409,8150,2354,2590,2690,2960,21636,23800,21818,24000,17054,18760,17081,18790
2014-10-29,2572,2830,2563,2820,7409,8150,2345,2580,2645,2910,21418,23560,21600,23760,16963,18660,16990,18690
2014-10-28,2563,2820,2554,2810,7345,8080,2336,2570,2654,2920,21136,23250,21318,23450,16181,17800,16227,17850
2014-10-27,2554,2810,2545,2800,7345,8080,2327,2560,2672,2940,21127,23240,21309,23440,16509,18160,16545,18200
2014-10-24,2581,2840,2572,2830,7327,8060,2363,2600,2663,2930,21045,23150,21227,23350,16627,18290,16663,18330
2014-10-23,2590,2850,2581,2840,7227,7950,2363,2600,2654,2920,21027,23130,21200,23320,16618,18280,16654,18320
2014-10-22,2572,2830,2563,2820,7281,8010,2354,2590,2609,2870,21036,23140,21218,23340,16763,18440,16800,18480
2014-10-21,2563,2820,2554,2810,7199,7920,2381,2620,2627,2890,21027,23130,21209,23330,16909,18600,16954,18650
2014-10-20,2572,2830,2563,2820,7327,8060,2409,2650,2681,2950,21090,23200,21272,23400,17372,19110,17409,19150
2014-10-17,2490,2740,2481,2730,7199,7920,2336,2570,2636,2900,20945,23040,21127,23240,17045,18750,17081,18790
2014-10-16,2500,2750,2490,2740,7299,8030,2381,2620,2700,2970,21354,23490,21536,23690,17454,19200,17500,19250
2014-10-15,2527,2780,2518,2770,7499,8250,2436,2680,2781,3060,21418,23560,21609,23770,18036,19840,18081,19890
2014-10-14,2536,2790,2518,2770,7445,8190,2463,2710,2781,3060,22036,24240,22218,24440,18218,20040,18245,20070
2014-10-13,2527,2780,2518,2770,7372,8110,2463,2710,2763,3040,22154,24370,22336,24570,18181,20000,18209,20030
2014-10-10,2554,2810,2545,2800,7472,8220,2490,2740,2800,3080,22236,24460,22418,24660,18572,20430,18600,20460
2014-10-08,2536,2790,2527,2780,7354,8090,2472,2720,2763,3040,22200,24420,22381,24620,18736,20610,18763,20640
2014-10-07,2427,2670,2418,2660,7136,7850,2409,2650,2654,2920,21590,23750,21772,23950,17827,19610,17854,19640
2014-10-06,2409,2650,2400,2640,7090,7800,2381,2620,2609,2870,21463,23610,21636,23800,17672,19440,17700,19470
2014-10-02,2409,2650,2400,2640,7136,7850,2390,2630,2609,2870,21454,23600,21636,23800,17190,18910,17218,18940
2014-10-01,2454,2700,2445,2690,7127,7840,2400,2640,2636,2900,21427,23570,21609,23770,17427,19170,17454,19200
2014-09-30,2445,2690,2436,2680,7172,7890,2390,2630,2609,2870,21436,23580,21609,23770,17736,19510,17763,19540
2014-09-29,2427,2670,2418,2660,7145,7860,2363,2600,2590,2850,21563,23720,21745,23920,18054,19860,18081,19890
2014-09-26,2436,2680,2427,2670,7118,7830,2363,2600,2590,2850,21809,23990,21981,24180,18409,20250,18436,20280
2014-09-25,2454,2700,2454,2700,7163,7880,2381,2620,2600,2860,22354,24590,22527,24780,18481,20330,18509,20360
2014-09-24,2445,2690,2436,2680,7154,7870,2363,2600,2572,2830,22254,24480,22427,24670,18190,20010,18218,20040
2014-09-23,2445,2690,2436,2680,7118,7830,2345,2580,2545,2800,22136,24350,22309,24540,18000,19800,18027,19830
2014-09-22,2445,2690,2436,2680,7236,7960,2363,2600,2581,2840,22336,24570,22509,24760,18772,20650,18790,20670
2014-09-19,2454,2700,2445,2690,7236,7960,2354,2590,2572,2830,22227,24450,22400,24640,18909,20800,18927,20820
2014-09-18,2463,2710,2463,2710,7327,8060,2390,2630,2572,2830,22118,24330,22290,24520,19081,20990,19100,21010
2014-09-17,2500,2750,2490,2740,7299,8030,2400,2640,2590,2850,22163,24380,22336,24570,19100,21010,19127,21040
2014-09-16,2436,2680,2427,2670,7199,7920,2381,2620,2554,2810,22036,24240,22209,24430,19009,20910,19036,20940
2014-09-15,2481,2730,2472,2720,7199,7920,2400,2640,2581,2840,22209,24430,22381,24620,19363,21300,19390,21330
2014-09-12,2490,2740,2481,2730,7190,7910,2400,2640,2563,2820,21990,24190,22163,24380,19390,21330,19418,21360
2014-09-11,2509,2760,2500,2750,7227,7950,2390,2630,2609,2870,21900,24090,22081,24290,19709,21680,19736,21710
2014-09-05,2572,2830,2563,2820,7281,8010,2509,2760,2709,2980,22409,24650,22581,24840,20400,22440,20427,22470
2014-09-04,2545,2800,2536,2790,7263,7990,2500,2750,2681,2950,22245,24470,22427,24670,20072,22080,20100,22110
2014-09-03,2581,2840,2563,2820,7318,8050,2536,2790,2690,2960,22418,24660,22590,24850,19536,21490,19554,21510
2014-09-02,2572,2830,2563,2820,7309,8040,2527,2780,2681,2950,22554,24810,22727,25000,19727,21700,19754,21730
2014-09-01,2572,2830,2563,2820,7345,8080,2536,2790,2681,2950,22781,25060,22954,25250,19781,21760,19809,21790
2014-08-29,2572,2830,2563,2820,7309,8040,2545,2800,2672,2940,22699,24970,22872,25160,19663,21630,19690,21660
2014-08-28,2572,2830,2563,2820,7418,8160,2554,2810,2681,2950,22681,24950,22863,25150,19863,21850,19890,21880
2014-08-27,2554,2810,2545,2800,7427,8170,2545,2800,2681,2950,22963,25260,23118,25430,19972,21970,20000,22000
2014-08-26,2554,2810,2536,2790,7472,8220,2563,2820,2681,2950,23145,25460,23309,25640,19818,21800,19845,21830
2014-08-25,2554,2810,2536,2790,7472,8220,2563,2820,2681,2950,23145,25460,23309,25640,19818,21800,19845,21830
2014-08-22,2545,2800,2536,2790,7409,8150,2563,2820,2690,2960,23227,25550,23381,25720,19900,21890,19927,21920
2014-08-21,2554,2810,2545,2800,7409,8150,2572,2830,2681,2950,23454,25800,23609,25970,20027,22030,20045,22050
2014-08-20,2518,2770,2509,2760,7263,7990,2536,2790,2618,2880,23445,25790,23599,25960,19609,21570,19636,21600
2014-08-19,2518,2770,2509,2760,7336,8070,2518,2770,2609,2870,23563,25920,23718,26090,19627,21590,19645,21610
2014-08-18,2490,2740,2481,2730,7281,8010,2518,2770,2600,2860,23599,25960,23754,26130,19809,21790,19836,21820
2014-08-14,2509,2760,2500,2750,7290,8020,2527,2780,2600,2860,23518,25870,23699,26070,19690,21660,19718,21690
2014-08-13,2536,2790,2527,2780,7381,8120,2572,2830,2654,2920,23599,25960,23772,26150,19890,21880,19918,21910
2014-08-12,2518,2770,2509,2760,7409,8150,2572,2830,2627,2890,23527,25880,23699,26070,19790,21770,19818,21800
2014-08-11,2518,2770,2509,2760,7409,8150,2554,2810,2627,2890,23536,25890,23709,26080,19700,21670,19727,21700
2014-08-08,2518,2770,2509,2760,7409,8150,2590,2850,2654,2920,23536,25890,23709,26080,20054,22060,20081,22090
2014-08-07,2509,2760,2509,2760,7372,8110,2563,2820,2690,2960,23399,25740,23581,25940,19881,21870,19900,21890
2014-08-06,2500,2750,2490,2740,7463,8210,2545,2800,2718,2990,23627,25990,23809,26190,19554,21510,19581,21540
2014-08-05,2481,2730,2472,2720,7445,8190,2563,2820,2700,2970,23254,25580,23427,25770,19409,21350,19427,21370
2014-08-04,2427,2670,2418,2660,7399,8140,2500,2750,2645,2910,23309,25640,23490,25840,19318,21250,19336,21270
2014-08-01,2445,2690,2436,2680,7445,8190,2509,2760,2681,2950,23718,26090,23890,26280,19418,21360,19445,21390
2014-07-31,2481,2730,2472,2720,7472,8220,2536,2790,2700,2970,23772,26150,23954,26350,19845,21830,19872,21860
2014-07-30,2436,2680,2427,2670,7418,8160,2545,2800,2681,2950,23781,26160,23954,26350,19518,21470,19545,21500
2014-07-29,2472,2720,2463,2710,7445,8190,2581,2840,2727,3000,23527,25880,23709,26080,19681,21650,19709,21680
2014-07-28,2454,2700,2445,2690,7445,8190,2545,2800,2709,2980,23354,25690,23527,25880,20090,22100,20118,22130
2014-07-25,2481,2730,2472,2720,7490,8240,2509,2760,2700,2970,23263,25590,23436,25780,20045,22050,20072,22080
2014-07-24,2472,2720,2463,2710,7354,8090,2481,2730,2672,2940,23090,25400,23272,25600,19927,21920,19954,21950
2014-07-23,2500,2750,2490,2740,7345,8080,2490,2740,2672,2940,22981,25280,23154,25470,19972,21970,20000,22000
2014-07-22,2454,2700,2445,2690,7336,8070,2472,2720,2645,2910,23090,25400,23263,25590,19690,21660,19718,21690
2014-07-21,2418,2660,2409,2650,7299,8030,2454,2700,2600,2860,23027,25330,23172,25490,19527,21480,19554,21510
2014-07-18,2427,2670,2418,2660,7372,8110,2454,2700,2609,2870,23027,25330,23199,25520,20081,22090,20109,22120
2014-07-17,2400,2640,2390,2630,7381,8120,2463,2710,2600,2860,22999,25300,23172,25490,20181,22200,20200,22220
2014-07-16,2390,2630,2381,2620,7436,8180,2472,2720,2600,2860,23072,25380,23245,25570,20200,22220,20227,22250
2014-07-15,2363,2600,2363,2600,7427,8170,2481,2730,2609,2870,23063,25370,23236,25560,20227,22250,20254,22280
2014-07-14,2363,2600,2354,2590,7481,8230,2472,2720,2609,2870,22999,25300,23127,25440,20263,22290,20290,22320
2014-07-11,2345,2580,2336,2570,7490,8240,2463,2710,2581,2840,22963,25260,23090,25400,20136,22150,20163,22180
2014-07-10,2363,2600,2354,2590,7445,8190,2463,2710,2600,2860,23199,25520,23336,25670,20409,22450,20427,22470
2014-07-09,2363,2600,2354,2590,7445,8190,2472,2720,2590,2850,23427,25770,23563,25920,20663,22730,20681,22750
2014-07-08,2336,2570,2327,2560,7427,8170,2436,2680,2563,2820,23609,25970,23745,26120,20181,22200,20209,22230
2014-07-07,2336,2570,2327,2560,7463,8210,2427,2670,2536,2790,23718,26090,23845,26230,20263,22290,20290,22320
2014-07-04,2354,2590,2336,2570,7481,8230,2445,2690,2536,2790,23845,26230,23972,26370,20745,22820,20772,22850
2014-07-03,2336,2570,2327,2560,7436,8180,2454,2700,2545,2800,23972,26370,24099,26510,20500,22550,20527,22580
2014-07-02,2300,2530,2290,2520,7345,8080,2418,2660,2481,2730,23736,26110,23872,26260,19990,21990,20018,22020
2014-07-01,2300,2530,2290,2520,7336,8070,2418,2660,2518,2770,23481,25830,23609,25970,19900,21890,19927,21920
2014-06-30,2318,2550,2309,2540,7354,8090,2436,2680,2518,2770,23499,25850,23654,26020,20018,22020,20036,22040
2014-06-27,2327,2560,2318,2550,7363,8100,2454,2700,2509,2760,23618,25980,23772,26150,19890,21880,19918,21910
2014-06-26,2336,2570,2327,2560,7318,8050,2445,2690,2500,2750,23699,26070,23854,26240,19645,21610,19672,21640
2014-06-25,2336,2570,2318,2550,7290,8020,2463,2710,2490,2740,23772,26150,23927,26320,19181,21100,19209,21130
2014-06-24,2318,2550,2309,2540,7290,8020,2454,2700,2509,2760,23754,26130,23909,26300,19481,21430,19509,21460
2014-06-23,2318,2550,2309,2540,7209,7930,2409,2650,2500,2750,23772,26150,23936,26330,19463,21410,19490,21440
2014-06-20,2318,2550,2309,2540,7109,7820,2409,2650,2472,2720,23799,26180,23954,26350,19618,21580,19636,21600
2014-06-19,2300,2530,2290,2520,7081,7790,2400,2640,2454,2700,23799,26180,23954,26350,19809,21790,19836,21820
2014-06-18,2272,2500,2263,2490,7090,7800,2390,2630,2436,2680,23754,26130,23909,26300,20200,22220,20227,22250
2014-06-17,2272,2500,2263,2490,7099,7810,2381,2620,2418,2660,23663,26030,23818,26200,19709,21680,19736,21710
2014-06-16,2272,2500,2263,2490,7063,7770,2354,2590,2400,2640,23836,26220,23990,26390,19109,21020,19127,21040
2014-06-13,2272,2500,2263,2490,7027,7730,2345,2580,2390,2630,23790,26170,23945,26340,19027,20930,19054,20960
2014-06-12,2290,2520,2281,2510,7127,7840,2400,2640,2436,2680,24063,26470,24218,26640,19345,21280,19372,21310
2014-06-11,2336,2570,2327,2560,7090,7800,2418,2660,2445,2690,24063,26470,24218,26640,19845,21830,19872,21860
2014-06-10,2354,2590,2345,2580,7072,7780,2427,2670,2454,2700,24509,26960,24663,27130,19990,21990,20009,22010
2014-06-09,2327,2560,2318,2550,7081,7790,2390,2630,2427,2670,24409,26850,24563,27020,19963,21960,19990,21990
2014-06-05,2281,2510,2272,2500,7227,7950,2381,2620,2409,2650,24418,26860,24599,27060,20127,22140,20154,22170
2014-06-03,2281,2510,2272,2500,7399,8140,2400,2640,2418,2660,24609,27070,24781,27260,20472,22520,20500,22550
2014-06-02,2272,2500,2263,2490,7309,8040,2372,2610,2381,2620,24445,26890,24627,27090,20381,22420,20400,22440
2014-05-30,2327,2560,2318,2550,7536,8290,2454,2700,2445,2690,25281,27810,25463,28010,20481,22530,20509,22560
2014-05-29,2318,2550,2309,2540,7609,8370,2463,2710,2454,2700,25181,27700,25363,27900,20918,23010,20945,23040
2014-05-28,2300,2530,2290,2520,7581,8340,2472,2720,2463,2710,25090,27600,25272,27800,21190,23310,21218,23340
2014-05-27,2290,2520,2281,2510,7581,8340,2481,2730,2454,2700,25109,27620,25290,27820,21245,23370,21272,23400
2014-05-26,2290,2520,2281,2510,7581,8340,2481,2730,2454,2700,25109,27620,25290,27820,21245,23370,21272,23400
2014-05-23,2272,2500,2263,2490,7518,8270,2472,2720,2454,2700,25027,27530,25181,27700,21354,23490,21381,23520
2014-05-22,2236,2460,2227,2450,7436,8180,2454,2700,2436,2680,24809,27290,24963,27460,21127,23240,21154,23270
2014-05-21,2236,2460,2227,2450,7490,8240,2463,2710,2463,2710,24918,27410,25072,27580,21500,23650,21527,23680
2014-05-20,2245,2470,2236,2460,7545,8300,2490,2740,2472,2720,25299,27830,25481,28030,21754,23930,21781,23960
2014-05-19,2236,2460,2227,2450,7481,8230,2472,2720,2436,2680,25045,27550,25218,27740,20590,22650,20618,22680
2014-05-16,2245,2470,2236,2460,7499,8250,2463,2710,2436,2680,25227,27750,25409,27950,20300,22330,20327,22360
2014-05-15,2281,2510,2272,2500,7536,8290,2500,2750,2481,2730,25281,27810,25463,28010,21654,23820,21681,23850
2014-05-14,2245,2470,2236,2460,7445,8190,2454,2700,2427,2670,25209,27730,25390,27930,22681,24950,22709,24980
2014-05-13,2254,2480,2245,2470,7481,8230,2463,2710,2445,2690,24854,27340,25036,27540,22609,24870,22636,24900
2014-05-12,2227,2450,2218,2440,7345,8080,2427,2670,2409,2650,25045,27550,25218,27740,21727,23900,21745,23920
2014-05-09,2236,2460,2227,2450,7318,8050,2436,2680,2409,2650,25036,27540,25218,27740,21200,23320,21227,23350
2014-05-08,2236,2460,2227,2450,7227,7950,2418,2660,2400,2640,24927,27420,25081,27590,20218,22240,20245,22270
2014-05-07,2254,2480,2236,2460,7299,8030,2445,2690,2427,2670,24999,27500,25154,27670,20109,22120,20136,22150
2014-05-02,2254,2480,2245,2470,7218,7940,2427,2670,2400,2640,24672,27140,24827,27310,19827,21810,19854,21840
2014-05-01,2272,2500,2254,2480,7199,7920,2436,2680,2418,2660,24809,27290,24963,27460,19872,21860,19900,21890
2014-04-30,2318,2550,2300,2530,7390,8130,2481,2730,2463,2710,25427,27970,25581,28140,19981,21980,20009,22010
2014-04-29,2336,2570,2318,2550,7427,8170,2509,2760,2481,2730,25881,28470,26045,28650,20009,22010,20036,22040
2014-04-28,2363,2600,2354,2590,7445,8190,2536,2790,2463,2710,25918,28510,26081,28690,20290,22320,20318,22350
2014-04-25,2390,2630,2381,2620,7436,8180,2545,2800,2490,2740,26045,28650,26199,28820,20181,22200,20209,22230
2014-04-24,2390,2630,2372,2610,7336,8070,2536,2790,2463,2710,26027,28630,26181,28800,20218,22240,20236,22260
2014-04-23,2409,2650,2400,2640,7336,8070,2536,2790,2490,2740,25918,28510,26072,28680,20154,22170,20181,22200
2014-04-22,2381,2620,2363,2600,7318,8050,2518,2770,2463,2710,25627,28190,25781,28360,19718,21690,19745,21720
2014-04-21,2381,2620,2363,2600,7318,8050,2518,2770,2463,2710,25627,28190,25781,28360,19718,21690,19745,21720
2014-04-18,2381,2620,2363,2600,7318,8050,2518,2770,2463,2710,25627,28190,25781,28360,19718,21690,19745,21720
2014-04-17,2390,2630,2381,2620,7272,8000,2518,2770,2472,2720,25672,28240,25836,28420,19645,21610,19672,21640
2014-04-16,2363,2600,2354,2590,7190,7910,2481,2730,2436,2680,25590,28150,25754,28330,19427,21370,19454,21400
2014-04-15,2390,2630,2381,2620,7318,8050,2500,2750,2454,2700,25609,28170,25790,28370,19572,21530,19600,21560
2014-04-14,2363,2600,2390,2630,7318,8050,2481,2730,2427,2670,25536,28090,25727,28300,19154,21070,19181,21100
2014-04-11,2381,2620,2400,2640,7309,8040,2500,2750,2445,2690,25545,28100,25727,28300,18809,20690,18836,20720
2014-04-10,2372,2610,2363,2600,7272,8000,2472,2720,2418,2660,25381,27920,25572,28130,18400,20240,18427,20270
2014-04-09,2327,2560,2318,2550,7327,8060,2454,2700,2427,2670,25318,27850,25499,28050,18136,19950,18163,19980
2014-04-08,2327,2560,2318,2550,7354,8090,2445,2690,2400,2640,25336,27870,25518,28070,18090,19900,18118,19930
2014-04-07,2327,2560,2318,2550,7299,8030,2436,2680,2400,2640,25254,27780,25436,27980,18072,19880,18100,19910
2014-04-04,2345,2580,2336,2570,7327,8060,2427,2670,2381,2620,25299,27830,25481,28030,17981,19780,18009,19810
2014-04-03,2336,2570,2327,2560,7363,8100,2436,2680,2372,2610,25054,27560,25236,27760,17863,19650,17890,19680
2014-04-02,2300,2530,2290,2520,7354,8090,2418,2660,2363,2600,25054,27560,25236,27760,17690,19460,17718,19490
2014-04-01,2281,2510,2272,2500,7336,8070,2436,2680,2372,2610,24918,27410,25099,27610,17554,19310,17581,19340
2014-03-31,2254,2480,2245,2470,7372,8110,2445,2690,2363,2600,25009,27510,25190,27710,17345,19080,17372,19110
2014-03-28,2236,2460,2218,2440,7254,7980,2445,2690,2363,2600,24936,27430,25118,27630,17354,19090,17381,19120
2014-03-27,2218,2440,2209,2430,7181,7900,2436,2680,2363,2600,25090,27600,25281,27810,17727,19500,17745,19520
2014-03-26,2245,2470,2236,2460,7290,8020,2463,2710,2381,2620,25336,27870,25527,28080,18045,19850,18072,19880
2014-03-25,2190,2410,2181,2400,7163,7880,2436,2680,2327,2560,25018,27520,25199,27720,17954,19750,17981,19780
2014-03-24,2181,2400,2172,2390,7172,7890,2454,2700,2345,2580,24899,27390,25081,27590,17945,19740,17972,19770
2014-03-21,2172,2390,2163,2380,7118,7830,2445,2690,2336,2570,25081,27590,25263,27790,17663,19430,17690,19460
2014-03-20,2200,2420,2190,2410,7263,7990,2454,2700,2372,2610,25327,27860,25509,28060,18181,20000,18209,20030
2014-03-19,2200,2420,2181,2400,7181,7900,2445,2690,2372,2610,25254,27780,25436,27980,18036,19840,18063,19870
2014-03-18,2181,2400,2172,2390,7227,7950,2427,2670,2354,2590,25054,27560,25236,27760,17700,19470,17727,19500
2014-03-17,2200,2420,2190,2410,7218,7940,2418,2660,2381,2620,24999,27500,25181,27700,17554,19310,17572,19330
2014-03-14,2200,2420,2190,2410,7163,7880,2390,2630,2390,2630,25009,27510,25190,27710,17590,19350,17618,19380
2014-03-13,2218,2440,2209,2430,7263,7990,2409,2650,2400,2640,25054,27560,25236,27760,17454,19200,17481,19230
2014-03-12,2218,2440,2200,2420,7218,7940,2418,2660,2427,2670,24981,27480,25163,27680,17345,19080,17372,19110
2014-03-11,2227,2450,2218,2440,7409,8150,2454,2700,2481,2730,25072,27580,25263,27790,17245,18970,17272,19000
2014-03-10,2218,2440,2209,2430,7563,8320,2472,2720,2509,2760,25054,27560,25245,27770,17081,18790,17109,18820
2014-03-07,2254,2480,2245,2470,7836,8620,2518,2770,2545,2800,25527,28080,25709,28280,17272,19000,17300,19030
2014-03-06,2227,2450,2218,2440,7827,8610,2509,2760,2554,2810,25454,28000,25636,28200,17054,18760,17081,18790
2014-03-05,2218,2440,2209,2430,7854,8640,2518,2770,2572,2830,25509,28060,25690,28260,16918,18610,16945,18640
2014-03-04,2163,2380,2154,2370,7772,8550,2490,2740,2527,2780,25127,27640,25309,27840,16463,18110,16490,18140
2014-03-03,2209,2430,2200,2420,7845,8630,2518,2770,2536,2790,25754,28330,25936,28530,16463,18110,16490,18140
2014-02-28,2209,2430,2200,2420,7818,8600,2509,2760,2490,2740,25681,28250,25863,28450,16090,17700,16118,17730
2014-02-27,2218,2440,2209,2430,7836,8620,2509,2760,2481,2730,25672,28240,25854,28440,15836,17420,15863,17450
2014-02-26,2209,2430,2200,2420,7863,8650,2490,2740,2472,2720,25363,27900,25545,28100,15927,17520,15954,17550
2014-02-25,2200,2420,2190,2410,7863,8650,2500,2750,2463,2710,25018,27520,25199,27720,15954,17550,15981,17580
2014-02-24,2209,2430,2200,2420,7945,8740,2527,2780,2454,2700,25181,27700,25363,27900,15809,17390,15836,17420
2014-02-21,2218,2440,2200,2420,7936,8730,2509,2760,2454,2700,25145,27660,25327,27860,15809,17390,15836,17420
2014-02-20,2209,2430,2200,2420,7963,8760,2545,2800,2463,2710,25272,27800,25454,28000,15972,17570,15999,17600
2014-02-19,2209,2430,2200,2420,7972,8770,2554,2810,2481,2730,25218,27740,25399,27940,15918,17510,15936,17530
2014-02-18,2172,2390,2163,2380,7945,8740,2536,2790,2472,2720,25190,27710,25372,27910,15836,17420,15863,17450
2014-02-17,2190,2410,2172,2390,7918,8710,2509,2760,2454,2700,25027,27530,25209,27730,15699,17270,15727,17300
2014-02-14,2181,2400,2172,2390,7872,8660,2490,2740,2427,2670,24581,27040,24763,27240,15554,17110,15581,17140
2014-02-13,2172,2390,2163,2380,7936,8730,2490,2740,2427,2670,24472,26920,24654,27120,15845,17430,15872,17460
2014-02-12,2145,2360,2136,2350,7836,8620,2481,2730,2400,2640,24154,26570,24318,26750,15772,17350,15799,17380
2014-02-11,2054,2260,2045,2250,7863,8650,2472,2720,2409,2650,24199,26620,24390,26830,15818,17400,15845,17430
2014-02-10,2072,2280,2063,2270,7927,8720,2490,2740,2436,2680,24172,26590,24354,26790,15745,17320,15772,17350
2014-02-07,2063,2270,2054,2260,7909,8700,2490,2740,2418,2660,24118,26530,24299,26730,15581,17140,15609,17170
2014-02-06,2054,2260,2036,2240,7809,8590,2463,2710,2372,2610,24072,26480,24263,26690,15327,16860,15354,16890
2014-02-05,2036,2240,2027,2230,7809,8590,2463,2710,2354,2590,24199,26620,24381,26820,15427,16970,15454,17000
2014-02-04,2027,2230,2018,2220,7799,8580,2454,2700,2354,2590,24136,26550,24318,26750,15454,17000,15481,17030
2014-02-03,2054,2260,2045,2250,7827,8610,2481,2730,2363,2600,24036,26440,24218,26640,15563,17120,15590,17150
2014-01-29,2100,2310,2081,2290,7863,8650,2518,2770,2381,2620,23981,26380,24163,26580,15636,17200,15663,17230
2014-01-28,2100,2310,2081,2290,7872,8660,2509,2760,2381,2620,23645,26010,23827,26210,15654,17220,15672,17240
2014-01-27,2100,2310,2090,2300,7899,8690,2527,2780,2400,2640,23863,26250,24045,26450,16018,17620,16045,17650
2014-01-24,2109,2320,2090,2300,7918,8710,2509,2760,2427,2670,23872,26260,24054,26460,16209,17830,16236,17860
2014-01-23,2127,2340,2118,2330,8027,8830,2554,2810,2472,2720,24054,26460,24236,26660,16345,17980,16372,18010
2014-01-22,2145,2360,2136,2350,8118,8930,2572,2830,2481,2730,24009,26410,24190,26610,16263,17890,16290,17920
2014-01-21,2154,2370,2145,2360,8063,8870,2563,2820,2472,2720,24172,26590,24354,26790,16081,17690,16099,17710
2014-01-20,2172,2390,2163,2380,8081,8890,2563,2820,2518,2770,24209,26630,24390,26830,16236,17860,16263,17890
2014-01-17,2145,2360,2136,2350,8045,8850,2554,2810,2518,2770,24281,26710,24463,26910,16236,17860,16263,17890
2014-01-16,2127,2340,2118,2330,8090,8900,2572,2830,2518,2770,24254,26680,24436,26880,16063,17670,16090,17700
2014-01-15,2100,2310,2090,2300,8009,8810,2545,2800,2509,2760,24109,26520,24290,26720,15854,17440,15881,17470
2014-01-14,2118,2330,2109,2320,8063,8870,2518,2770,2500,2750,23999,26400,24181,26600,15718,17290,15745,17320
2014-01-13,2109,2320,2100,2310,8027,8830,2472,2720,2463,2710,23709,26080,23890,26280,15618,17180,15645,17210
2014-01-10,2090,2300,2081,2290,7927,8720,2445,2690,2436,2680,23363,25700,23545,25900,14799,16280,14818,16300
2014-01-09,2118,2330,2109,2320,8054,8860,2490,2740,2463,2710,23845,26230,23999,26400,14981,16480,15009,16510
2014-01-08,2127,2340,2118,2330,8063,8870,2509,2760,,,,,,,,,,
2013-12-30,2154,2370,2145,2360,8145,8960,2681,2950,2536,2790,24881,27370,25072,27580,15809,17390,15836,17420
2013-12-27,2100,2310,2090,2300,8036,8840,2645,2910,2518,2770,24963,27460,25145,27660,15772,17350,15799,17380
2013-12-26,2100,2310,2090,2300,8036,8840,2645,2910,2518,2770,24963,27460,25145,27660,15772,17350,15799,17380
2013-12-24,2100,2310,2090,2300,7990,8790,2627,2890,2490,2740,24963,27460,25145,27660,15918,17510,15945,17540
2013-12-23,2127,2340,2118,2330,7981,8780,2609,2870,2472,2720,25009,27510,25190,27710,16045,17650,16072,17680
2013-12-20,2118,2330,2109,2320,7945,8740,2554,2810,2409,2650,24927,27420,25109,27620,15799,17380,15827,17410
2013-12-19,2145,2360,2136,2350,8018,8820,2563,2820,2409,2650,24936,27430,25118,27630,15754,17330,15781,17360
2013-12-18,2145,2360,2136,2350,8036,8840,2554,2810,2427,2670,24790,27270,24972,27470,15663,17230,15690,17260
2013-12-17,2136,2350,2127,2340,8063,8870,2554,2810,2418,2660,24781,27260,24963,27460,15636,17200,15663,17230
2013-12-16,2145,2360,2136,2350,8018,8820,2536,2790,2409,2650,24745,27220,24927,27420,15709,17280,15736,17310
2013-12-13,2136,2350,2127,2340,7981,8780,2509,2760,2390,2630,24481,26930,24663,27130,15609,17170,15636,17200
2013-12-12,2163,2380,2154,2370,7963,8760,2536,2790,2400,2640,24645,27110,24827,27310,15636,17200,15654,17220
2013-12-11,2154,2370,2136,2350,7899,8690,2509,2760,2372,2610,24445,26890,24609,27070,15527,17080,15554,17110
2013-12-10,2136,2350,2127,2340,7863,8650,2490,2740,2345,2580,25290,27820,25472,28020,15545,17100,15572,17130
2013-12-09,2127,2340,2109,2320,7845,8630,2472,2720,2309,2540,25190,27710,25372,27910,15345,16880,15372,16910
2013-12-06,2100,2310,2090,2300,7790,8570,2463,2710,2300,2530,25009,27510,25190,27710,15336,16870,15363,16900
2013-12-05,2118,2330,2109,2320,7818,8600,2463,2710,2300,2530,24736,27210,24918,27410,15227,16750,15254,16780
2013-12-04,2081,2290,2072,2280,7672,8440,2436,2680,2272,2500,24463,26910,24627,27090,15009,16510,15036,16540
2013-12-03,2081,2290,2072,2280,7690,8460,2445,2690,2281,2510,24490,26940,24672,27140,15072,16580,15099,16610
2013-12-02,2100,2310,2090,2300,7781,8560,2454,2700,2290,2520,24809,27290,24990,27490,15072,16580,15099,16610
2013-11-29,2118,2330,2109,2320,7818,8600,2463,2710,2290,2520,24772,27250,24954,27450,15099,16610,15127,16640
2013-11-28,2118,2330,2109,2320,7818,8600,2472,2720,2290,2520,24818,27300,24999,27500,14972,16470,14999,16500
2013-11-27,2136,2350,2127,2340,7863,8650,2500,2750,2300,2530,25172,27690,25354,27890,15163,16680,15190,16710
2013-11-26,2136,2350,2127,2340,7909,8700,2490,2740,2318,2550,25227,27750,25409,27950,15254,16780,15281,16810
2013-11-25,2145,2360,2136,2350,7909,8700,2518,2770,2327,2560,25136,27650,25318,27850,15272,16800,15299,16830
2013-11-22,2154,2370,2136,2350,7827,8610,2500,2750,2309,2540,25245,27770,25427,27970,15136,16650,15163,16680
2013-11-21,2145,2360,2136,2350,7790,8570,2500,2750,2300,2530,25109,27620,25290,27820,15236,16760,15263,16790
2013-11-20,2163,2380,2154,2370,7754,8530,2500,2750,2309,2540,25099,27610,25290,27820,15345,16880,15372,16910
2013-11-19,2145,2360,2136,2350,7754,8530,2490,2740,2300,2530,25045,27550,25227,27750,15299,16830,15327,16860
2013-11-18,2154,2370,2145,2360,7799,8580,2500,2750,2318,2550,25336,27870,25518,28070,15563,17120,15590,17150
2013-11-15,2154,2370,2145,2360,7790,8570,2500,2750,2300,2530,25327,27860,25509,28060,15372,16910,15399,16940
2013-11-14,2163,2380,2154,2370,7781,8560,2509,2760,2290,2520,25145,27660,25327,27860,15390,16930,15418,16960
2013-11-13,2163,2380,2154,2370,7927,8720,2518,2770,2290,2520,24990,27490,25172,27690,15345,16880,15372,16910
2013-11-12,2172,2390,2163,2380,7981,8780,2536,2790,2309,2540,25245,27770,25427,27970,15481,17030,15509,17060
2013-11-11,2181,2400,2172,2390,7981,8780,2554,2810,2318,2550,25127,27640,25318,27850,15663,17230,15690,17260
2013-11-08,2190,2410,2181,2400,7963,8760,2554,2810,2318,2550,24963,27460,25145,27660,15754,17330,15781,17360
2013-11-07,2190,2410,2181,2400,7918,8710,2572,2830,2318,2550,25109,27620,25290,27820,15872,17460,15899,17490
2013-11-06,2181,2400,2172,2390,7972,8770,2563,2820,2336,2570,25299,27830,25481,28030,16127,17740,16154,17770
2013-11-05,2190,2410,2181,2400,7899,8690,2563,2820,2336,2570,24990,27490,25181,27700,16154,17770,16181,17800
2013-11-04,2218,2440,2209,2430,8009,8810,2600,2860,2354,2590,25090,27600,25272,27800,16381,18020,16409,18050
2013-11-01,2236,2460,2218,2440,8018,8820,2600,2860,2372,2610,25145,27660,25327,27860,16427,18070,16454,18100
2013-10-31,2290,2520,2281,2510,8136,8950,2645,2910,2409,2650,25627,28190,25818,28400,16718,18390,16745,18420
2013-10-30,2281,2510,2263,2490,8045,8850,2645,2910,2409,2650,25672,28240,25854,28440,16554,18210,16581,18240
2013-10-29,2290,2520,2281,2510,8018,8820,2654,2920,2409,2650,25672,28240,25863,28450,16545,18200,16572,18230
2013-10-28,2272,2500,2263,2490,8018,8820,2645,2910,2390,2630,25699,28270,25890,28480,16536,18190,16563,18220
2013-10-25,2254,2480,2245,2470,7999,8800,2609,2870,2372,2610,25345,27880,25536,28090,16618,18280,16645,18310
2013-10-24,2236,2460,2227,2450,7990,8790,2609,2870,2363,2600,25263,27790,25454,28000,16527,18180,16554,18210
2013-10-23,2272,2500,2263,2490,8172,8990,2645,2910,2400,2640,25727,28300,25909,28500,16845,18530,16872,18560
2013-10-22,2236,2460,2227,2450,8072,8880,2627,2890,2372,2610,25254,27780,25445,27990,16299,17930,16327,17960
2013-10-21,2236,2460,2227,2450,8063,8870,2609,2870,2363,2600,25172,27690,25336,27870,16127,17740,16154,17770
2013-10-18,2245,2470,2227,2450,8045,8850,2609,2870,2363,2600,25209,27730,25372,27910,15909,17500,15936,17530
2013-10-17,2245,2470,2236,2460,8081,8890,2600,2860,2354,2590,25499,28050,25663,28230,16036,17640,16063,17670
2013-10-16,2236,2460,2227,2450,8063,8870,2572,2830,2354,2590,25572,28130,25736,28310,15899,17490,15927,17520
2013-10-15,2263,2490,2254,2480,8072,8880,2563,2820,2354,2590,25845,28430,26009,28610,15899,17490,15927,17520
2013-10-14,2272,2500,2263,2490,8018,8820,2527,2780,2345,2580,25981,28580,26145,28760,15799,17380,15827,17410
2013-10-11,2272,2500,2263,2490,7954,8750,2500,2750,2318,2550,25899,28490,26054,28660,15618,17180,15645,17210
2013-10-10,2245,2470,2236,2460,7909,8700,2681,2950,2309,2540,25963,28560,26127,28740,15518,17070,15545,17100
2013-10-08,2245,2470,2236,2460,8063,8870,2681,2950,2300,2530,26236,28860,26399,29040,15836,17420,15863,17450
2013-10-07,2236,2460,2227,2450,8081,8890,2681,2950,2300,2530,26563,29220,26754,29430,15936,17530,15963,17560
2013-10-04,2218,2440,2209,2430,7990,8790,2481,2730,2290,2520,25227,27750,25390,27930,15363,16900,15390,16930
2013-10-02,2209,2430,2200,2420,8018,8820,2481,2730,2300,2530,25554,28110,25718,28290,15609,17170,15636,17200
2013-10-01,2236,2460,2227,2450,8145,8960,2545,2800,2345,2580,25881,28470,26045,28650,15836,17420,15863,17450
2013-09-30,2209,2430,2200,2420,8045,8850,2500,2750,2227,2450,25627,28190,25772,28350,15763,17340,15790,17370
2013-09-27,2190,2410,2181,2400,7990,8790,2500,2750,2227,2450,25518,28070,25672,28240,15609,17170,15636,17200
2013-09-26,2172,2390,2163,2380,7945,8740,2472,2720,2209,2430,25509,28060,25654,28220,15627,17190,15654,17220
2013-09-25,2154,2370,2145,2360,7854,8640,2454,2700,2190,2410,25109,27620,25254,27780,15481,17030,15509,17060
2013-09-24,2181,2400,2172,2390,7972,8770,2472,2720,2218,2440,25227,27750,25372,27910,15718,17290,15745,17320
2013-09-23,2190,2410,2172,2390,8090,8900,2500,2750,2209,2430,25554,28110,25699,28270,15963,17560,15990,17590
2013-09-17,2163,2380,2154,2370,7863,8650,2463,2710,2200,2420,25299,27830,25472,28020,15754,17330,15781,17360
2013-09-16,2181,2400,2172,2390,7845,8630,2500,2750,2218,2440,25409,27950,25581,28140,15836,17420,15863,17450
2013-09-13,2200,2420,2190,2410,7854,8640,2545,2800,2218,2440,24827,27310,24999,27500,15699,17270,15727,17300
2013-09-12,2190,2410,2181,2400,7981,8780,2554,2810,2218,2440,25354,27890,25527,28080,15763,17340,15790,17370
2013-09-11,2181,2400,2172,2390,7963,8760,2563,2820,2209,2430,25336,27870,25509,28060,15636,17200,15663,17230
2013-09-10,2200,2420,2181,2400,8018,8820,2590,2850,2227,2450,25527,28080,25699,28270,15872,17460,15899,17490
2013-09-09,2227,2450,2218,2440,8027,8830,2609,2870,2254,2480,25690,28260,25863,28450,16036,17640,16063,17670
2013-09-06,2209,2430,2200,2420,8009,8810,2590,2850,2236,2460,24890,27380,25072,27580,15827,17410,15854,17440
2013-09-05,2190,2410,2181,2400,7990,8790,2609,2870,2236,2460,24690,27160,24836,27320,15718,17290,15745,17320
2013-09-04,2236,2460,2227,2450,8154,8970,2627,2890,2281,2510,24345,26780,24499,26950,15790,17370,15818,17400
2013-09-03,2254,2480,2236,2460,8172,8990,2663,2930,2281,2510,23990,26390,24145,26560,15881,17470,15909,17500
2013-09-02,2254,2480,2245,2470,8090,8900,2663,2930,2300,2530,24181,26600,24345,26780,16081,17690,16109,17720
2013-08-30,2272,2500,2263,2490,8145,8960,2709,2980,2336,2570,24372,26810,24527,26980,16381,18020,16409,18050
2013-08-29,2318,2550,2309,2540,8336,9170,2745,3020,2372,2610,24772,27250,24927,27420,16581,18240,16609,18270
2013-08-28,2345,2580,2336,2570,8372,9210,2754,3030,2400,2640,24990,27490,25154,27670,16872,18560,16900,18590
2013-08-27,2354,2590,2336,2570,8390,9230,2727,3000,2400,2640,24845,27330,24999,27500,16936,18630,16963,18660
2013-08-26,2354,2590,2345,2580,8427,9270,2736,3010,2409,2650,24945,27440,25099,27610,17000,18700,17027,18730
2013-08-23,2363,2600,2345,2580,8427,9270,2754,3030,2409,2650,25254,27780,25409,27950,16981,18680,17009,18710
2013-08-22,2363,2600,2345,2580,8290,9120,2745,3020,2381,2620,24972,27470,25127,27640,16890,18580,16918,18610
2013-08-21,2390,2630,2372,2610,8409,9250,2800,3080,2418,2660,25318,27850,25472,28020,17318,19050,17345,19080
2013-08-20,2381,2620,2363,2600,8354,9190,2790,3070,2409,2650,24999,27500,25154,27670,17290,19020,17327,19060
2013-08-19,2409,2650,2400,2640,8445,9290,2781,3060,2427,2670,25036,27540,25190,27710,17481,19230,17509,19260
2013-08-16,2381,2620,2363,2600,8381,9220,2745,3020,2381,2620,24709,27180,24890,27380,17254,18980,17281,19010
2013-08-14,2336,2570,2327,2560,8318,9150,2700,2970,2354,2590,24890,27380,25063,27570,17218,18940,17245,18970
2013-08-13,2345,2580,2327,2560,8281,9110,2718,2990,2354,2590,25181,27700,25363,27900,17172,18890,17200,18920
2013-08-12,2327,2560,2309,2540,8300,9130,2690,2960,2354,2590,25127,27640,25309,27840,17100,18810,17127,18840
2013-08-09,2290,2520,2281,2510,8209,9030,2645,2910,2300,2530,24736,27210,24918,27410,16718,18390,16745,18420
2013-08-08,2254,2480,2245,2470,8045,8850,2627,2890,2254,2480,24418,26860,24572,27030,16409,18050,16436,18080
2013-08-07,2236,2460,2227,2450,8027,8830,2627,2890,2263,2490,24363,26800,24518,26970,16081,17690,16109,17720
2013-08-06,2245,2470,2236,2460,7945,8740,2627,2890,2272,2500,24290,26720,24445,26890,16218,17840,16245,17870
2013-08-05,2281,2510,2263,2490,8054,8860,2654,2920,2281,2510,24363,26800,24527,26980,16509,18160,16536,18190
2013-08-02,2281,2510,2272,2500,8054,8860,2636,2900,2272,2500,24136,26550,24290,26720,16381,18020,16409,18050
2013-08-01,2272,2500,2254,2480,7918,8710,2600,2860,2254,2480,23545,25900,23699,26070,16363,18000,16390,18030
2013-07-31,2218,2440,2209,2430,7681,8450,2527,2780,2227,2450,22627,24890,22799,25080,15827,17410,15854,17440
2013-07-30,2236,2460,2218,2440,7818,8600,2563,2820,2236,2460,22709,24980,22890,25180,15981,17580,16009,17610
2013-07-29,2236,2460,2227,2450,7799,8580,2545,2800,2254,2480,22209,24430,22381,24620,16154,17770,16181,17800
2013-07-26,2281,2510,2263,2490,8009,8810,2590,2850,2290,2520,22200,24420,22381,24620,16590,18250,16618,18280
2013-07-25,2300,2530,2290,2520,8027,8830,2563,2820,2290,2520,22272,24500,22454,24700,16763,18440,16790,18470
2013-07-24,2309,2540,2290,2520,8036,8840,,,2300,2530,22300,24530,22481,24730,16554,18210,16581,18240
2013-07-23,2318,2550,2300,2530,8045,8850,2563,2820,2290,2520,22336,24570,22518,24770,16518,18170,16545,18200
2013-07-22,2290,2520,2281,2510,7945,8740,2545,2800,2281,2510,22336,24570,22518,24770,16663,18330,16690,18360
2013-07-19,2281,2510,2263,2490,7954,8750,2563,2820,2281,2510,22581,24840,22754,25030,16545,18200,16572,18230
2013-07-18,2272,2500,2254,2480,7899,8690,2545,2800,2272,2500,22454,24700,22636,24900,16445,18090,16472,18120
2013-07-17,2272,2500,2263,2490,7999,8800,2590,2850,2300,2530,22309,24540,22481,24730,16163,17780,16190,17810
2013-07-16,2272,2500,2254,2480,7927,8720,2572,2830,2318,2550,22309,24540,22490,24740,15927,17520,15954,17550
2013-07-15,2327,2560,2309,2540,7999,8800,2600,2860,2336,2570,22490,24740,22672,24940,16263,17890,16290,17920
2013-07-12,2309,2540,2290,2520,8045,8850,2600,2860,2327,2560,22381,24620,22563,24820,16072,17680,16099,17710
2013-07-11,2318,2550,2300,2530,7945,8740,2618,2880,2354,2590,22763,25040,22945,25240,16281,17910,16309,17940
2013-07-10,2290,2520,2281,2510,7872,8660,2590,2850,2327,2560,22590,24850,22772,25050,15990,17590,16027,17630
2013-07-09,2327,2560,2318,2550,8063,8870,2654,2920,2363,2600,22963,25260,23154,25470,16263,17890,16290,17920
2013-07-08,2272,2500,2254,2480,7945,8740,2590,2850,2300,2530,22090,24300,22272,24500,15981,17580,16009,17610
2013-07-05,2318,2550,2300,2530,8127,8940,2636,2900,2318,2550,23345,25680,23499,25850,16536,18190,16563,18220
2013-07-04,2318,2550,2309,2540,8200,9020,2654,2920,2327,2560,23490,25840,23654,26020,16627,18290,16663,18330
2013-07-03,2327,2560,2318,2550,8045,8850,2636,2900,2345,2580,23481,25830,23645,26010,16709,18380,16736,18410
2013-07-02,2318,2550,2309,2540,8099,8910,2636,2900,2336,2570,23163,25480,23345,25680,16600,18260,16627,18290
2013-07-01,2272,2500,2263,2490,7881,8670,2618,2880,2318,2550,23027,25330,23218,25540,16445,18090,16481,18130
2013-06-28,2300,2530,2281,2510,7881,8670,2681,2950,2372,2610,23418,25760,23618,25980,17227,18950,17336,19070
2013-06-27,2309,2540,2300,2530,7890,8680,2663,2930,2363,2600,23436,25780,23627,25990,17000,18700,17109,18820
2013-06-26,2336,2570,2327,2560,7990,8790,2709,2980,2390,2630,23690,26060,23890,26280,17481,19230,17590,19350
2013-06-25,2327,2560,2318,2550,7854,8640,2645,2910,2363,2600,23418,25760,23618,25980,17136,18850,17245,18970
2013-06-24,2336,2570,2327,2560,7981,8780,2654,2920,2372,2610,23790,26170,23990,26390,17572,19330,17681,19450
2013-06-21,2327,2560,2318,2550,7863,8650,2627,2890,2336,2570,23018,25320,23236,25560,16981,18680,17090,18800
2013-06-20,2336,2570,2318,2550,7972,8770,2645,2910,2345,2580,23399,25740,23590,25950,17345,19080,17454,19200
2013-06-19,2345,2580,2336,2570,8027,8830,2681,2950,2336,2570,23381,25720,23572,25930,17290,19020,17400,19140
2013-06-18,2345,2580,2327,2560,8081,8890,2690,2960,2327,2560,23654,26020,23845,26230,17381,19120,17490,19240
2013-06-17,2354,2590,2345,2580,8090,8900,2690,2960,2336,2570,23645,26010,23836,26220,17427,19170,17536,19290
2013-06-14,2372,2610,2363,2600,8109,8920,2681,2950,2327,2560,23754,26130,23945,26340,17236,18960,17345,19080
2013-06-13,2381,2620,2372,2610,8181,9000,2718,2990,2354,2590,23790,26170,23981,26380,17472,19220,17581,19340
2013-06-12,2409,2650,2400,2640,8118,8930,2709,2980,2345,2580,23936,26330,24136,26550,17781,19560,17890,19680
2013-06-11,2436,2680,2427,2670,8181,9000,2754,3030,2372,2610,24254,26680,24445,26890,18100,19910,18209,20030
2013-06-10,2436,2680,2427,2670,8181,9000,2727,3000,2363,2600,24181,26600,24372,26810,18118,19930,18209,20030
2013-06-07,2463,2710,2454,2700,8290,9120,2772,3050,2400,2640,23936,26330,24127,26540,18136,19950,18236,20060
2013-06-05,2472,2720,2454,2700,8481,9330,2854,3140,2454,2700,24272,26700,24463,26910,18490,20340,18590,20450
2013-06-04,2454,2700,2445,2690,8390,9230,2836,3120,2445,2690,24654,27120,24845,27330,18454,20300,18554,20410
2013-06-03,2436,2680,2427,2670,8372,9210,2827,3110,2427,2670,24299,26730,24490,26940,18063,19870,18163,19980
2013-05-31,2427,2670,2418,2660,8363,9200,2781,3060,2400,2640,24472,26920,24663,27130,17990,19790,18100,19910
2013-05-30,2390,2630,2372,2610,8336,9170,2736,3010,2372,2610,24536,26990,24727,27200,18100,19910,18209,20030
2013-05-29,2363,2600,2354,2590,8363,9200,2709,2980,2345,2580,24481,26930,24672,27140,18072,19880,18181,20000
2013-05-28,2336,2570,2327,2560,8309,9140,2645,2910,2327,2560,24309,26740,24499,26950,17927,19720,18027,19830
2013-05-27,2354,2590,2336,2570,8345,9180,2654,2920,2336,2570,24418,26860,24609,27070,18009,19810,18109,19920
2013-05-24,2363,2600,2354,2590,8354,9190,2627,2890,2336,2570,24390,26830,24581,27040,18181,20000,18290,20120
2013-05-23,2372,2610,2363,2600,8436,9280,2600,2860,2336,2570,24590,27050,24781,27260,18218,20040,18318,20150
2013-05-22,2336,2570,2327,2560,8300,9130,2572,2830,2300,2530,24290,26720,24481,26930,18045,19850,18145,19960
2013-05-21,2354,2590,2345,2580,8372,9210,2590,2850,2309,2540,24527,26980,24709,27180,18190,20010,18290,20120
2013-05-20,2345,2580,2336,2570,8263,9090,2563,2820,2300,2530,24090,26500,24281,26710,17845,19630,17954,19750
2013-05-16,2327,2560,2318,2550,8136,8950,2500,2750,2272,2500,23799,26180,23990,26390,17909,19700,18009,19810
2013-05-15,2336,2570,2318,2550,8127,8940,2490,2740,2281,2510,23890,26280,24081,26490,18009,19810,18118,19930
2013-05-14,2354,2590,2345,2580,8363,9200,2536,2790,2309,2540,23899,26290,24081,26490,18300,20130,18400,20240
2013-05-13,2345,2580,2336,2570,8281,9110,2500,2750,2300,2530,23699,26070,23890,26280,18300,20130,18400,20240
2013-05-10,2336,2570,2327,2560,8145,8960,2490,2740,2281,2510,23272,25600,23463,25810,17963,19760,18063,19870
2013-05-09,2345,2580,2336,2570,8172,8990,2536,2790,2290,2520,23209,25530,23390,25730,18018,19820,18127,19940
2013-05-08,2318,2550,2309,2540,8045,8850,2500,2750,2281,2510,22709,24980,22890,25180,17863,19650,17972,19770
2013-05-07,2327,2560,2318,2550,8072,8880,2527,2780,2300,2530,23081,25390,23263,25590,17954,19750,18054,19860
2013-05-06,2336,2570,2318,2550,8090,8900,2536,2790,2309,2540,23136,25450,23318,25650,17990,19790,18100,19910
2013-05-03,2263,2490,2254,2480,7654,8420,2427,2670,2236,2460,22345,24580,22536,24790,17445,19190,17554,19310
2013-05-02,2272,2500,2263,2490,7581,8340,2472,2720,2263,2490,22663,24930,22854,25140,17609,19370,17709,19480
2013-05-01,2327,2560,2318,2550,7872,8660,2527,2780,2290,2520,23099,25410,23290,25620,18245,20070,18354,20190
2013-04-30,2372,2610,2363,2600,8027,8830,2554,2810,2345,2580,23818,26200,24009,26410,18472,20320,18581,20440
2013-04-29,2363,2600,2354,2590,7927,8720,2563,2820,2345,2580,23790,26170,23972,26370,18218,20040,18327,20160
2013-04-26,2436,2680,2427,2670,8090,8900,2609,2870,2400,2640,24172,26590,24363,26800,18454,20300,18563,20420
2013-04-25,2418,2660,2400,2640,7972,8770,2581,2840,2390,2630,24036,26440,24227,26650,18381,20220,18490,20340
2013-04-24,2409,2650,2400,2640,7809,8590,2554,2810,2345,2580,23718,26090,23909,26300,18272,20100,18372,20210
2013-04-23,2400,2640,2390,2630,7872,8660,2545,2800,2345,2580,23954,26350,24145,26560,18436,20280,18545,20400
2013-04-22,2390,2630,2381,2620,7918,8710,2554,2810,2345,2580,23854,26240,24045,26450,18245,20070,18354,20190
2013-04-19,2436,2680,2418,2660,8081,8890,2563,2820,2363,2600,23827,26210,24018,26420,18818,20700,18918,20810
2013-04-18,2400,2640,2390,2630,8027,8830,2554,2810,2336,2570,23490,25840,23681,26050,18572,20430,18681,20550
2013-04-17,2409,2650,2400,2640,8245,9070,2600,2860,2354,2590,24227,26650,24418,26860,18845,20730,18945,20840
2013-04-16,2363,2600,2354,2590,8181,9000,2572,2830,2336,2570,24263,26690,24454,26900,18927,20820,19027,20930
2013-04-15,2372,2610,2354,2590,8472,9320,2609,2870,2354,2590,25518,28070,25727,28300,19254,21180,19354,21290
2013-04-12,2418,2660,2409,2650,8700,9570,2654,2920,2400,2640,26481,29130,26690,29360,19736,21710,19845,21830
2013-04-11,2445,2690,2436,2680,8709,9580,2672,2940,2418,2660,26663,29330,26872,29560,19590,21550,19700,21670
2013-04-10,2463,2710,2454,2700,8809,9690,2681,2950,2436,2680,26854,29540,27072,29780,19836,21820,19945,21940
2013-04-09,2436,2680,2418,2660,8609,9470,2645,2910,2409,2650,26827,29510,27045,29750,19663,21630,19772,21750
2013-04-08,2409,2650,2400,2640,8500,9350,2609,2870,2381,2620,26599,29260,26818,29500,19409,21350,19518,21470
2013-04-05,2400,2640,2390,2630,8472,9320,2627,2890,2363,2600,26263,28890,26472,29120,19445,21390,19545,21500
2013-04-04,2372,2610,2354,2590,8372,9210,2581,2840,2309,2540,26045,28650,26254,28880,19345,21280,19445,21390
2013-04-03,2381,2620,2372,2610,8463,9310,2590,2850,2309,2540,26390,29030,26599,29260,19672,21640,19772,21750
2013-04-02,2400,2640,2390,2630,8518,9370,2563,2820,2354,2590,26590,29250,26799,29480,19863,21850,19972,21970
2013-04-01,2390,2630,2381,2620,8490,9340,2554,2810,2345,2580,26499,29150,26709,29380,19800,21780,19900,21890
2013-03-29,2400,2640,2390,2630,8500,9350,2563,2820,2345,2580,26536,29190,26745,29420,19827,21810,19936,21930
2013-03-28,2409,2650,2400,2640,8563,9420,2563,2820,2363,2600,26245,28870,26454,29100,20027,22030,20136,22150
2013-03-27,2381,2620,2372,2610,8536,9390,2563,2820,2345,2580,26263,28890,26472,29120,19836,21820,19945,21940
2013-03-26,2418,2660,2409,2650,8572,9430,2636,2900,2400,2640,26445,29090,26654,29320,20154,22170,20254,22280
2013-03-25,2454,2700,2445,2690,8672,9540,2663,2930,2427,2670,26372,29010,26581,29240,20518,22570,20627,22690
2013-03-22,2427,2670,2418,2660,8563,9420,2636,2900,2400,2640,,,26090,28700,20154,22170,20263,22290
2013-03-21,2436,2680,2427,2670,8609,9470,2654,2920,2390,2630,25899,28490,26109,28720,20072,22080,20181,22200
2013-03-20,2418,2660,2409,2650,8472,9320,2618,2880,2372,2610,26081,28690,26290,28920,19672,21640,19772,21750
2013-03-19,2427,2670,2409,2650,8554,9410,2645,2910,2372,2610,26445,29090,26654,29320,19800,21780,19900,21890
2013-03-18,2445,2690,2436,2680,8718,9590,2681,2950,2409,2650,27181,29900,27390,30130,20063,22070,20172,22190
2013-03-15,2463,2710,2454,2700,8763,9640,2709,2980,2436,2680,27227,29950,27436,30180,20418,22460,20518,22570
2013-03-14,2418,2660,2409,2650,8654,9520,2681,2950,2418,2660,26963,29660,27172,29890,19881,21870,19990,21990
2013-03-13,2436,2680,2418,2660,8681,9550,2663,2930,2418,2660,26827,29510,27036,29740,19945,21940,20045,22050
2013-03-12,2400,2640,2390,2630,8600,9460,2618,2880,2390,2630,26627,29290,26836,29520,19781,21760,19881,21870
2013-03-11,2400,2640,2390,2630,8545,9400,2627,2890,2400,2640,26627,29290,26827,29510,19518,21470,19627,21590
2013-03-08,2409,2650,2400,2640,8554,9410,2618,2880,2418,2660,26390,29030,26599,29260,19372,21310,19472,21420
2013-03-07,2372,2610,2363,2600,8436,9280,2581,2840,2390,2630,26099,28710,26299,28930,19154,21070,19254,21180
2013-03-06,2409,2650,2400,2640,8554,9410,2627,2890,2427,2670,26190,28810,26390,29030,19427,21370,19536,21490
2013-03-05,2418,2660,2409,2650,8554,9410,2636,2900,2436,2680,26245,28870,26454,29100,19281,21210,19381,21320
2013-03-04,2400,2640,2381,2620,8454,9300,2645,2910,2436,2680,25763,28340,25963,28560,19245,21170,19345,21280
2013-02-28,2445,2690,2436,2680,8645,9510,2727,3000,2518,2770,26145,28760,26354,28990,19409,21350,19509,21460
2013-02-27,2463,2710,2445,2690,8663,9530,2727,3000,2554,2810,26027,28630,26236,28860,19381,21320,19481,21430
2013-02-26,2472,2720,2463,2710,8627,9490,2718,2990,2527,2780,25818,28400,26027,28630,19418,21360,19518,21470
2013-02-25,2481,2730,2472,2720,8572,9430,2718,2990,2518,2770,25727,28300,25927,28520,19690,21660,19800,21780
2013-02-22,2518,2770,2509,2760,8654,9520,2745,3020,2545,2800,25754,28330,25954,28550,19336,21270,19436,21380
2013-02-21,2527,2780,2518,2770,8681,9550,2745,3020,2545,2800,26245,28870,26454,29100,19790,21770,19890,21880
2013-02-20,2545,2800,2536,2790,8800,9680,2781,3060,2581,2840,26527,29180,26727,29400,20081,22090,20190,22210
2013-02-19,2554,2810,2545,2800,8881,9770,2800,3080,2581,2840,26972,29670,27172,29890,20627,22690,20727,22800
2013-02-18,2600,2860,2590,2850,8945,9840,2845,3130,2590,2850,27418,30160,27627,30390,21136,23250,21236,23360
2013-02-15,2600,2860,2590,2850,9027,9930,2836,3120,2618,2880,27599,30360,27799,30580,21100,23210,21200,23320
2013-02-14,2590,2850,2581,2840,9036,9940,2836,3120,2636,2900,27754,30530,27963,30760,21290,23420,21390,23530
2013-02-13,2572,2830,2563,2820,9081,9990,2845,3130,2663,2930,27836,30620,28036,30840,21363,23500,21463,23610
2013-02-12,2572,2830,2563,2820,9081,9990,2845,3130,2654,2920,27936,30730,28136,30950,21227,23350,21336,23470
2013-02-08,2554,2810,2536,2790,9027,9930,2845,3130,2609,2870,27554,30310,27763,30540,21100,23210,21200,23320
2013-02-07,2545,2800,2536,2790,9072,9980,2863,3150,2609,2870,27736,30510,27945,30740,21263,23390,21363,23500
2013-02-06,2554,2810,2536,2790,9072,9980,2899,3190,2590,2850,27872,30660,28081,30890,21772,23950,21881,24070
2013-02-05,2545,2800,2536,2790,9090,10000,2881,3170,2600,2860,27781,30560,27981,30780,21754,23930,21854,24040
2013-02-04,2590,2850,2581,2840,9190,10110,2918,3210,2627,2890,28109,30920,28309,31140,21900,24090,22009,24210
2013-02-01,2536,2790,2527,2780,8981,9880,2881,3170,2572,2830,27745,30520,27954,30750,21400,23540,21500,23650
2013-01-31,2536,2790,2527,2780,9018,9920,2872,3160,2572,2830,27790,30570,27999,30800,21381,23520,21481,23630
2013-01-30,2481,2730,2472,2720,8863,9750,2827,3110,2500,2750,27409,30150,27609,30370,20745,22820,20845,22930
2013-01-29,2500,2750,2490,2740,8890,9780,2827,3110,2509,2760,27472,30220,27681,30450,20700,22770,20800,22880
2013-01-28,2454,2700,2445,2690,8718,9590,2754,3030,2472,2720,27318,30050,27518,30270,20072,22080,20172,22190
2013-01-25,2472,2720,2463,2710,8745,9620,2800,3080,2463,2710,27118,29830,27318,30050,19972,21970,20072,22080
2013-01-24,2463,2710,2454,2700,8736,9610,2754,3030,2454,2700,26863,29550,27063,29770,20090,22100,20190,22210
2013-01-23,2454,2700,2445,2690,8727,9600,2690,2960,2409,2650,26899,29590,27099,29810,19827,21810,19927,21920
2013-01-22,2418,2660,2409,2650,8663,9530,2672,2940,2390,2630,27336,30070,27527,30280,19872,21860,19972,21970
2013-01-21,2409,2650,2400,2640,8627,9490,2654,2920,2381,2620,27218,29940,27418,30160,19927,21920,20027,22030
2013-01-18,2418,2660,2409,2650,8627,9490,2636,2900,2354,2590,27209,29930,27409,30150,20000,22000,20100,22110
2013-01-17,2418,2660,2400,2640,8509,9360,2618,2880,2318,2550,27227,29950,27427,30170,19790,21770,19890,21880
2013-01-16,2418,2660,2409,2650,8545,9400,2636,2900,2327,2560,27045,29750,27245,29970,19854,21840,19954,21950
2013-01-15,2418,2660,2409,2650,8545,9400,2645,2910,2327,2560,26881,29570,27081,29790,19581,21540,19681,21650
2013-01-14,2463,2710,2454,2700,8581,9440,2645,2910,2345,2580,27018,29720,27209,29930,19918,21910,20018,22020
2013-01-11,2500,2750,2481,2730,8700,9570,2690,2960,2381,2620,26881,29570,27081,29790,19827,21810,19927,21920
2013-01-10,2454,2700,2445,2690,8672,9540,2672,2940,2354,2590,26909,29600,27109,29820,20009,22010,20109,22120
2013-01-09,2445,2690,2436,2680,8681,9550,2690,2960,2363,2600,26418,29060,26618,29280,19781,21760,19881,21870
2012-12-31,2463,2710,2454,2700,8554,9410,2718,2990,2418,2660,25718,28290,25918,28510,19790,21770,19890,21880
2012-12-28,2490,2740,2472,2720,8590,9450,2718,2990,2472,2720,25836,28420,26036,28640,19900,21890,20000,22000
2012-12-27,2481,2730,2472,2720,8490,9340,2709,2980,2436,2680,25745,28320,25945,28540,19945,21940,20054,22060
2012-12-26,2481,2730,2472,2720,8500,9350,2709,2980,2445,2690,25772,28350,25972,28570,19963,21960,20072,22080
2012-12-24,2490,2740,2481,2730,8518,9370,2690,2960,2454,2700,25699,28270,25899,28490,20018,22020,20118,22130
2012-12-21,2472,2720,2463,2710,8454,9300,2709,2980,2445,2690,25818,28400,26027,28630,20272,22300,20372,22410
2012-12-20,2490,2740,2481,2730,8609,9470,2718,2990,2454,2700,25972,28570,26172,28790,20427,22470,20527,22580
2012-12-18,2600,2860,2590,2850,8745,9620,2681,2950,2454,2700,25781,28360,25981,28580,20272,22300,20372,22410
2012-12-17,2590,2850,2581,2840,8772,9650,2690,2960,2472,2720,25672,28240,25872,28460,20609,22670,20709,22780
2012-12-14,2581,2840,2572,2830,8763,9640,2690,2960,2445,2690,25445,27990,25645,28210,20390,22430,20490,22540
2012-12-13,2600,2860,2590,2850,8836,9720,2709,2980,2472,2720,25663,28230,25863,28450,20418,22460,20518,22570
2012-12-12,2563,2820,2554,2810,8818,9700,2690,2960,2463,2710,25527,28080,25727,28300,20563,22620,20663,22730
2012-12-11,2590,2850,2572,2830,8872,9760,2700,2970,2472,2720,25709,28280,25909,28500,20590,22650,20690,22760
2012-12-10,2554,2810,2545,2800,8790,9670,2609,2870,2418,2660,24336,26770,24536,26990,20027,22030,20127,22140
2012-12-07,2563,2820,2545,2800,8763,9640,2618,2880,2418,2660,24509,26960,24709,27180,20018,22020,20127,22140
2012-12-06,2572,2830,2563,2820,8836,9720,2645,2910,2418,2660,24309,26740,24509,26960,20381,22420,20490,22540
2012-12-05,2563,2820,2554,2810,8809,9690,2636,2900,2418,2660,24427,26870,24636,27100,20372,22410,20472,22520
2012-12-04,2590,2850,2581,2840,8772,9650,2681,2950,2445,2690,24454,26900,24654,27120,20363,22400,20463,22510
2012-12-03,2563,2820,2554,2810,8763,9640,2681,2950,2445,2690,24454,26900,24654,27120,20536,22590,20636,22700
2012-11-30,2536,2790,2527,2780,8681,9550,2645,2910,2436,2680,24499,26950,24709,27180,19827,21810,19927,21920
2012-11-29,2463,2710,2445,2690,8545,9400,2609,2870,2390,2630,24090,26500,24272,26700,19854,21840,19954,21950
2012-11-28,2463,2710,2454,2700,8572,9430,2627,2890,2390,2630,23799,26180,23990,26390,19772,21750,19872,21860
2012-11-27,2454,2700,2445,2690,8563,9420,2600,2860,2381,2620,23427,25770,23609,25970,19236,21160,19336,21270
2012-11-26,2436,2680,2427,2670,8563,9420,2618,2880,2354,2590,23463,25810,23645,26010,19436,21380,19536,21490
2012-11-23,2381,2620,2372,2610,8490,9340,2581,2840,2318,2550,23036,25340,23218,25540,19363,21300,19463,21410
2012-11-22,2363,2600,2354,2590,8445,9290,2563,2820,2300,2530,22954,25250,23136,25450,19463,21410,19572,21530
2012-11-21,2400,2640,2390,2630,8536,9390,2581,2840,2318,2550,23363,25700,23545,25900,19345,21280,19445,21390
2012-11-20,2418,2660,2409,2650,8600,9460,2618,2880,2327,2560,23463,25810,23654,26020,19272,21200,19381,21320
2012-11-19,2409,2650,2390,2630,8427,9270,2590,2850,2318,2550,23127,25440,23309,25640,18800,20680,18900,20790
2012-11-16,2409,2650,2400,2640,8427,9270,2645,2910,2345,2580,23118,25430,23309,25640,18654,20520,18754,20630
2012-11-15,2409,2650,2400,2640,8409,9250,2609,2870,2336,2570,23054,25360,23236,25560,18909,20800,19009,20910
2012-11-14,2436,2680,2427,2670,8500,9350,2600,2860,2327,2560,23072,25380,23263,25590,18881,20770,18981,20880
2012-11-13,2418,2660,2409,2650,8445,9290,2600,2860,2327,2560,23009,25310,23199,25520,18881,20770,18990,20890
2012-11-12,2363,2600,2354,2590,8363,9200,2600,2860,2272,2500,22909,25200,23090,25400,18718,20590,18827,20710
2012-11-09,2363,2600,2354,2590,8445,9290,2663,2930,2318,2550,23218,25540,23399,25740,18981,20880,19090,21000
2012-11-08,2354,2590,2345,2580,8381,9220,2618,2880,2263,2490,22872,25160,23054,25360,18727,20600,18827,20710
2012-11-07,2354,2590,2345,2580,8518,9370,2609,2870,2281,2510,23318,25650,23499,25850,18909,20800,19009,20910
2012-11-06,2345,2580,2336,2570,8472,9320,2563,2820,2245,2470,22745,25020,22927,25220,18718,20590,18827,20710
2012-11-05,2363,2600,2354,2590,8490,9340,2518,2770,2245,2470,22809,25090,22990,25290,18800,20680,18909,20800
2012-11-02,2390,2630,2381,2620,8681,9550,2563,2820,2263,2490,23063,25370,23245,25570,19190,21110,19290,21220
2012-11-01,2345,2580,2327,2560,8590,9450,2490,2740,2245,2470,22527,24780,22709,24980,19036,20940,19136,21050
2012-10-31,2345,2580,2336,2570,8563,9420,2463,2710,2227,2450,22363,24600,22554,24810,18881,20770,18981,20880
2012-10-30,2345,2580,2336,2570,8572,9430,2427,2670,2200,2420,22227,24450,22409,24650,18863,20750,18963,20860
2012-10-29,2372,2610,2363,2600,8709,9580,2436,2680,2218,2440,22518,24770,22699,24970,18927,20820,19027,20930
2012-10-26,2400,2640,2381,2620,8709,9580,2436,2680,2218,2440,23218,25540,23399,25740,19090,21000,19190,21110
2012-10-25,2409,2650,2400,2640,8754,9630,2445,2690,2254,2480,23209,25530,23390,25730,19490,21440,19590,21550
2012-10-24,2418,2660,2409,2650,8763,9640,2454,2700,2245,2470,23209,25530,23399,25740,19418,21360,19527,21480
2012-10-23,2436,2680,2427,2670,8900,9790,2500,2750,2254,2480,23472,25820,23663,26030,19709,21680,19809,21790
2012-10-22,2445,2690,2436,2680,8963,9860,2554,2810,2290,2520,24345,26780,24536,26990,20109,22120,20209,22230
2012-10-19,2500,2750,2490,2740,9200,10120,2609,2870,2327,2560,24899,27390,25109,27620,20545,22600,20645,22710
2012-10-18,2463,2710,2454,2700,9209,10130,2618,2880,2327,2560,24709,27180,24918,27410,20400,22440,20509,22560
2012-10-17,2436,2680,2427,2670,9118,10030,2563,2820,2309,2540,24654,27120,24863,27350,20145,22160,20254,22280
2012-10-16,2436,2680,2427,2670,9127,10040,2563,2820,2336,2570,24299,26730,24481,26930,20400,22440,20500,22550
2012-10-15,2481,2730,2463,2710,9172,10090,2600,2860,2363,2600,24518,26970,24727,27200,20400,22440,20509,22560
2012-10-12,2509,2760,2500,2750,9327,10260,2663,2930,2409,2650,25236,27760,25445,27990,21200,23320,21309,23440
2012-10-11,2500,2750,2490,2740,9245,10170,2681,2950,2418,2660,25127,27640,25336,27870,21145,23260,21254,23380
2012-10-10,2545,2800,2527,2780,9181,10100,2727,3000,2445,2690,25027,27530,25236,27760,21372,23510,21472,23620
2012-10-09,2572,2830,2563,2820,9236,10160,2736,3010,2481,2730,25372,27910,25572,28130,21563,23720,21663,23830
2012-10-08,2609,2870,2600,2860,9363,10300,2772,3050,2527,2780,25690,28260,25899,28490,21809,23990,21918,24110
2012-10-05,2618,2880,2609,2870,9381,10320,2781,3060,2518,2770,25872,28460,26072,28680,22290,24520,22400,24640
2012-10-04,2600,2860,2590,2850,9363,10300,2790,3070,2536,2790,25427,27970,25636,28200,22090,24300,22200,24420
2012-10-02,2627,2890,2609,2870,9363,10300,2772,3050,2563,2820,25154,27670,25363,27900,22309,24540,22409,24650
2012-09-28,2618,2880,2600,2860,9272,10200,2763,3040,2554,2810,24581,27040,24790,27270,21972,24170,22072,24280
2012-09-27,2618,2880,2609,2870,9400,10340,2836,3120,2618,2880,24945,27440,25154,27670,22090,24300,22200,24420
2012-09-26,2618,2880,2609,2870,9400,10340,2836,3120,2618,2880,24945,27440,25154,27670,22090,24300,22200,24420
2012-09-25,2600,2860,2590,2850,9300,10230,2772,3050,2581,2840,24072,26480,24263,26690,21627,23790,21736,23910
2012-09-24,2654,2920,2636,2900,9409,10350,2790,3070,2600,2860,24127,26540,24309,26740,21836,24020,21945,24140
2012-09-21,2654,2920,2636,2900,9427,10370,2772,3050,2609,2870,23945,26340,24136,26550,21590,23750,21700,23870
2012-09-20,2663,2930,2654,2920,9436,10380,2763,3040,2600,2860,24663,27130,24872,27360,21272,23400,21381,23520
2012-09-19,2709,2980,2700,2970,9436,10380,2772,3050,2581,2840,24981,27480,25190,27710,21418,23560,21518,23670
2012-09-18,2709,2980,2700,2970,9381,10320,2754,3030,2554,2810,24927,27420,25136,27650,21836,24020,21936,24130
2012-09-17,2754,3030,2745,3020,9481,10430,2763,3040,2590,2850,25072,27580,25281,27810,21345,23480,21454,23600
2012-09-14,2663,2930,2654,2920,9236,10160,2663,2930,2518,2770,23827,26210,24018,26420,20354,22390,20454,22500
2012-09-13,2636,2900,2627,2890,9245,10170,2618,2880,2500,2750,24272,26700,24463,26910,20200,22220,20300,22330
2012-09-12,2636,2900,2627,2890,9254,10180,2618,2880,2509,2760,24145,26560,24354,26790,20427,22470,20536,22590
2012-09-11,2609,2870,2600,2860,9236,10160,2618,2880,2509,2760,24090,26500,24281,26710,20381,22420,20490,22540
2012-09-10,2572,2830,2554,2810,9136,10050,2590,2850,2463,2710,23399,25740,23599,25960,20081,22090,20190,22210
2012-09-07,2527,2780,2518,2770,8863,9750,2545,2800,2400,2640,23190,25510,23381,25720,19627,21590,19736,21710
2012-09-06,2527,2780,2518,2770,8927,9820,2536,2790,2381,2620,23199,25520,23390,25730,19718,21690,19818,21800
2012-09-05,2481,2730,2463,2710,8790,9670,2490,2740,2354,2590,23054,25360,23245,25570,19490,21440,19590,21550
2012-09-04,2454,2700,2445,2690,8818,9700,2490,2740,2345,2580,23199,25520,23390,25730,19772,21750,19872,21860
2012-09-03,2436,2680,2418,2660,8772,9650,2463,2710,2318,2550,22827,25110,23018,25320,19518,21470,19627,21590
2012-08-31,2400,2640,2390,2630,8718,9590,2427,2670,2309,2540,23054,25360,23245,25570,19536,21490,19645,21610
2012-08-30,2418,2660,2400,2640,8718,9590,2463,2710,2336,2570,23063,25370,23254,25580,19900,21890,20009,22010
2012-08-29,2445,2690,2436,2680,8772,9650,2472,2720,2363,2600,24372,26810,24563,27020,19900,21890,20009,22010
2012-08-28,2445,2690,2427,2670,8800,9680,2463,2710,2363,2600,24572,27030,24763,27240,20145,22160,20254,22280
2012-08-27,2436,2680,2427,2670,8790,9670,2463,2710,2363,2600,24545,27000,24736,27210,20127,22140,20236,22260
2012-08-24,2418,2660,2409,2650,8818,9700,2427,2670,2336,2570,23327,25660,23527,25880,20063,22070,20172,22190
2012-08-23,2390,2630,2381,2620,8772,9650,2400,2640,2318,2550,22990,25290,23181,25500,19690,21660,19800,21780
2012-08-22,2363,2600,2354,2590,8745,9620,2381,2620,2272,2500,22263,24490,22454,24700,19300,21230,19409,21350
2012-08-21,2336,2570,2327,2560,8600,9460,2390,2630,2263,2490,21836,24020,22036,24240,19054,20960,19163,21080
2012-08-20,2363,2600,2345,2580,8690,9560,2363,2600,2263,2490,21800,23980,22000,24200,19127,21040,19236,21160
2012-08-17,2336,2570,2327,2560,8590,9450,2300,2530,2254,2480,21354,23490,21545,23700,19000,20900,19109,21020
2012-08-16,2318,2550,2309,2540,8472,9320,2263,2490,2263,2490,21181,23300,21372,23510,18663,20530,18763,20640
2012-08-14,2345,2580,2336,2570,8500,9350,2318,2550,2290,2520,20845,22930,21036,23140,18772,20650,18881,20770
2012-08-13,2372,2610,2363,2600,8609,9470,2363,2600,2309,2540,21027,23130,21227,23350,18790,20670,18900,20790
2012-08-10,2390,2630,2372,2610,8618,9480,2381,2620,2336,2570,20963,23060,21163,23280,18827,20710,18936,20830
2012-08-09,2409,2650,2400,2640,8663,9530,2372,2610,2354,2590,21363,23500,21554,23710,19163,21080,19272,21200
2012-08-08,2409,2650,2400,2640,8700,9570,2372,2610,2354,2590,21454,23600,21654,23820,19181,21100,19290,21220
2012-08-07,2372,2610,2363,2600,8609,9470,2345,2580,2327,2560,20954,23050,21145,23260,19245,21170,19354,21290
2012-08-06,2363,2600,2354,2590,8590,9450,2363,2600,2327,2560,21109,23220,21309,23440,19118,21030,19227,21150
2012-08-03,2336,2570,2327,2560,8436,9280,2309,2540,2290,2520,20518,22570,20727,22800,18645,20510,18754,20630
2012-08-02,2354,2590,2336,2570,8500,9350,2336,2570,2290,2520,20845,22930,21036,23140,18909,20800,19018,20920
2012-08-01,2390,2630,2381,2620,8681,9550,2390,2630,2327,2560,21263,23390,21454,23600,19345,21280,19454,21400
2012-07-31,2400,2640,2381,2620,8709,9580,2445,2690,2363,2600,21590,23750,21790,23970,19927,21920,20027,22030
2012-07-30,2400,2640,2372,2610,8745,9620,2418,2660,2363,2600,21436,23580,21627,23790,19500,21450,19609,21570
2012-07-27,2400,2640,2372,2610,8709,9580,2381,2620,2327,2560,21181,23300,21372,23510,19645,21610,19754,21730
2012-07-26,2400,2640,2372,2610,8718,9590,2354,2590,2318,2550,20790,22870,20990,23090,19718,21690,19827,21810
2012-07-25,2381,2620,2363,2600,8645,9510,2345,2580,2309,2540,20918,23010,21109,23220,19500,21450,19600,21560
2012-07-24,2400,2640,2381,2620,8627,9490,2354,2590,2327,2560,21863,24050,22063,24270,19327,21260,19436,21380
2012-07-23,2418,2660,2390,2630,8745,9620,2390,2630,2345,2580,22418,24660,22618,24880,19645,21610,19745,21720
2012-07-20,2472,2720,2454,2700,8954,9850,2418,2660,2400,2640,22554,24810,22745,25020,19727,21700,19836,21820
2012-07-19,2427,2670,2409,2650,8863,9750,2400,2640,2390,2630,22272,24500,22472,24720,19836,21820,19936,21930
2012-07-18,2427,2670,2400,2640,8818,9700,2381,2620,2381,2620,22409,24650,22599,24860,19845,21830,19954,21950
2012-07-17,2445,2690,2418,2660,8972,9870,2400,2640,2427,2670,22309,24540,22500,24750,20054,22060,20163,22180
2012-07-16,2436,2680,2418,2660,9009,9910,2381,2620,2418,2660,22409,24650,22609,24870,20036,22040,20145,22160
2012-07-13,2409,2650,2390,2630,8863,9750,2354,2590,2390,2630,22109,24320,22309,24540,19600,21560,19709,21680
2012-07-12,2409,2650,2390,2630,8754,9630,2345,2580,2372,2610,22309,24540,22500,24750,19800,21780,19909,21900
2012-07-11,2427,2670,2409,2650,8718,9590,2354,2590,2345,2580,22281,24510,22481,24730,19800,21780,19900,21890
2012-07-10,2436,2680,2418,2660,8763,9640,2354,2590,2363,2600,22272,24500,22463,24710,20172,22190,20281,22310
2012-07-09,2400,2640,2372,2610,8718,9590,2327,2560,2354,2590,21872,24060,22063,24270,19827,21810,19936,21930
2012-07-06,2445,2690,2427,2670,8881,9770,2354,2590,2354,2590,22272,24500,22463,24710,20427,22470,20536,22590
2012-07-05,2463,2710,2436,2680,8918,9810,2381,2620,2409,2650,22572,24830,22763,25040,20718,22790,20827,22910
2012-07-04,2500,2750,2472,2720,9045,9950,2427,2670,2427,2670,22736,25010,22927,25220,21190,23310,21300,23430
2012-07-03,2427,2670,2409,2650,8890,9780,2372,2610,2409,2650,22509,24760,22699,24970,20709,22780,20818,22900
2012-07-02,2427,2670,2409,2650,8954,9850,2345,2580,2418,2660,22345,24580,22536,24790,20645,22710,20754,22830
2012-06-29,2318,2550,2309,2540,8718,9590,2263,2490,2327,2560,22272,24500,22400,24640,20190,22210,20300,22330
2012-06-28,2345,2580,2336,2570,8763,9640,2245,2470,2290,2520,22554,24810,22672,24940,20263,22290,20372,22410
2012-06-27,2327,2560,2309,2540,8727,9600,2254,2480,2318,2550,22427,24670,22554,24810,20354,22390,20463,22510
2012-06-26,2354,2590,2345,2580,8718,9590,2281,2510,2354,2590,22445,24690,22572,24830,20554,22610,20663,22730
2012-06-25,2345,2580,2327,2560,8654,9520,2309,2540,2336,2570,22527,24780,22654,24920,20654,22720,20763,22840
2012-06-22,2336,2570,2327,2560,8645,9510,2309,2540,2354,2590,22554,24810,22681,24950,20409,22450,20518,22570
2012-06-21,2372,2610,2363,2600,8854,9740,2372,2610,2409,2650,22999,25300,23127,25440,21272,23400,21381,23520
2012-06-20,2409,2650,2400,2640,8972,9870,2427,2670,2463,2710,23518,25870,23636,26000,21236,23360,21345,23480
2012-06-19,2418,2660,2409,2650,8863,9750,2409,2650,2445,2690,23509,25860,23636,26000,20727,22800,20836,22920
2012-06-18,2445,2690,2436,2680,8927,9820,2463,2710,2500,2750,23927,26320,24054,26460,21127,23240,21236,23360
2012-06-15,2472,2720,2463,2710,8818,9700,2463,2710,2481,2730,23845,26230,23963,26360,20890,22980,21000,23100
2012-06-14,2481,2730,2472,2720,8800,9680,2436,2680,2463,2710,23672,26040,23799,26180,21336,23470,21445,23590
2012-06-13,2490,2740,2481,2730,8827,9710,2436,2680,2463,2710,24018,26420,24145,26560,21609,23770,21727,23900
2012-06-12,2490,2740,2481,2730,8818,9700,2454,2700,2463,2710,23709,26080,23827,26210,21672,23840,21781,23960
2012-06-11,2527,2780,2518,2770,8745,9620,2454,2700,2454,2700,24172,26590,24299,26730,21390,23530,21500,23650
2012-06-08,2527,2780,2518,2770,8954,9850,2463,2710,2500,2750,24390,26830,24518,26970,20918,23010,21027,23130
2012-06-07,2527,2780,2518,2770,8927,9820,2472,2720,2472,2720,24127,26540,24254,26680,20463,22510,20572,22630
2012-06-05,2527,2780,2518,2770,8900,9790,2463,2710,2500,2750,23890,26280,24018,26420,20500,22550,20609,22670
2012-06-04,2518,2770,2509,2760,8872,9760,2454,2700,2490,2740,23799,26180,23927,26320,20427,22470,20536,22590
2012-06-01,2545,2800,2536,2790,8963,9860,2490,2740,2472,2720,24081,26490,24209,26630,20627,22690,20736,22810
2012-05-31,2554,2810,2545,2800,8990,9890,2481,2730,2490,2740,24199,26620,24327,26760,20636,22700,20745,22820
2012-05-30,2563,2820,2554,2810,9209,10130,2509,2760,2509,2760,24681,27150,24799,27280,20918,23010,21027,23130
2012-05-29,2590,2850,,,9336,10270,2527,2780,2527,2780,24390,26830,24518,26970,21654,23820,21772,23950
2012-05-25,2572,2830,2563,2820,9227,10150,2536,2790,2481,2730,24490,26940,24618,27080,21690,23860,21800,23980
2012-05-24,2545,2800,2536,2790,9081,9990,2481,2730,2454,2700,23790,26170,23918,26310,21136,23250,21245,23370
2012-05-23,2545,2800,2536,2790,9254,10180,2509,2760,2481,2730,23799,26180,23927,26320,21136,23250,21245,23370
2012-05-22,2581,2840,2572,2830,9290,10220,2490,2740,2481,2730,23381,25720,23509,25860,21581,23740,21690,23860
2012-05-21,2618,2880,2609,2870,9218,10140,2527,2780,2490,2740,23927,26320,24054,26460,21218,23340,21336,23470
2012-05-18,2581,2840,2572,2830,9136,10050,2463,2710,2472,2720,23209,25530,23336,25670,21490,23640,21600,23760
2012-05-17,2563,2820,2545,2800,9154,10070,2527,2780,2481,2730,23818,26200,23945,26340,21309,23440,21418,23560
2012-05-16,2518,2770,2509,2760,9181,10100,2545,2800,2500,2750,23754,26130,23881,26270,21100,23210,21200,23320
2012-05-15,2509,2760,2500,2750,9263,10190,2572,2830,2472,2720,23927,26320,24054,26460,20872,22960,20981,23080
2012-05-14,2527,2780,2518,2770,9481,10430,2609,2870,2500,2750,24372,26810,24490,26940,21218,23340,21327,23460
2012-05-11,2518,2770,2509,2760,9563,10520,2627,2890,2509,2760,24181,26600,24309,26740,21100,23210,21209,23330
2012-05-10,2518,2770,2509,2760,9500,10450,2581,2840,2472,2720,24345,26780,24463,26910,21081,23190,21181,23300
2012-05-09,2518,2770,2509,2760,9490,10440,2600,2860,2500,2750,25254,27780,25381,27920,21181,23300,21290,23420
2012-05-08,2490,2740,2481,2730,9581,10540,2627,2890,2536,2790,25272,27800,25390,27930,21481,23630,21590,23750
2012-05-07,2472,2720,2463,2710,9518,10470,2618,2880,2518,2770,25118,27630,25236,27760,21345,23480,21454,23600
2012-05-04,2490,2740,2481,2730,9536,10490,2590,2850,2490,2740,25454,28000,25572,28130,20954,23050,21063,23170
2012-05-03,2500,2750,2490,2740,9654,10620,2636,2900,2527,2780,26063,28670,26209,28830,20918,23010,21027,23130
2012-05-02,2536,2790,2527,2780,9836,10820,2690,2960,2572,2830,26290,28920,26436,29080,21463,23610,21563,23720
2012-05-01,2545,2800,2536,2790,9872,10860,2681,2950,2600,2860,26672,29340,26809,29490,21781,23960,21890,24080
2012-04-30,2527,2780,2518,2770,9909,10900,2672,2940,2572,2830,26354,28990,26499,29150,22018,24220,22127,24340
2012-04-27,2509,2760,2500,2750,9790,10770,2645,2910,2563,2820,26163,28780,26299,28930,22154,24370,22263,24490
2012-04-26,2500,2750,2490,2740,9663,10630,2609,2870,2536,2790,25836,28420,25972,28570,21545,23700,21654,23820
2012-04-25,2509,2760,2500,2750,9609,10570,2590,2850,2527,2780,25554,28110,25672,28240,21309,23440,21418,23560
2012-04-24,2481,2730,2472,2720,9445,10390,2590,2850,2509,2760,25036,27540,25154,27670,21454,23600,21563,23720
2012-04-23,2509,2760,2500,2750,9572,10530,2663,2930,2554,2810,25327,27860,25445,27990,21754,23930,21863,24050
2012-04-20,2500,2750,2490,2740,9400,10340,2600,2860,2527,2780,25145,27660,25272,27800,21490,23640,21600,23760
2012-04-19,2472,2720,2463,2710,9436,10380,2545,2800,2518,2770,24699,27170,24818,27300,21536,23690,21645,23810
2012-04-18,2500,2750,2490,2740,9500,10450,2581,2840,2527,2780,25454,28000,25572,28130,21809,23990,21909,24100
2012-04-17,2481,2730,2472,2720,9345,10280,2590,2850,2536,2790,25181,27700,25299,27830,21390,23530,21500,23650
2012-04-16,2481,2730,2472,2720,9318,10250,2572,2830,2518,2770,25999,28600,26145,28760,22272,24500,22381,24620
2012-04-13,2536,2790,2527,2780,9618,10580,2636,2900,2600,2860,26654,29320,26799,29480,22845,25130,22954,25250
2012-04-12,2527,2780,2518,2770,9390,10330,2581,2840,2545,2800,26372,29010,26509,29160,22118,24330,22227,24450
2012-04-10,2545,2800,2527,2780,9727,10700,2581,2840,2545,2800,27209,29930,27345,30080,22454,24700,22563,24820
2012-04-09,2527,2780,2518,2770,9672,10640,2563,2820,2527,2780,27045,29750,27181,29900,22318,24550,22427,24670
2012-04-06,2518,2770,2509,2760,9636,10600,2554,2810,2518,2770,26936,29630,27081,29790,22236,24460,22336,24570
2012-04-05,2500,2750,2490,2740,9627,10590,2500,2750,2490,2740,26445,29090,26581,29240,21636,23800,21736,23910
2012-04-04,2518,2770,2509,2760,9872,10860,2554,2810,2527,2780,26627,29290,26772,29450,22181,24400,22281,24510
2012-04-03,2536,2790,2527,2780,9972,10970,2563,2820,2518,2770,27027,29730,27172,29890,22036,24240,22136,24350
2012-04-02,2545,2800,2536,2790,9790,10770,2545,2800,2527,2780,26645,29310,26781,29460,21663,23830,21772,23950
2012-03-30,2563,2820,2554,2810,9718,10690,2518,2770,2536,2790,26618,29280,26763,29440,20945,23040,21054,23160
2012-03-29,2600,2860,2590,2850,9690,10660,2490,2740,2518,2770,26272,28900,26418,29060,21409,23550,21518,23670
2012-03-28,2627,2890,2618,2880,9900,10890,2481,2730,2554,2810,26418,29060,26563,29220,21627,23790,21736,23910
2012-03-27,2627,2890,2618,2880,9972,10970,2509,2760,2545,2800,26327,28960,26599,29260,22527,24780,22672,24940
2012-03-26,2600,2860,2590,2850,9727,10700,2490,2740,2518,2770,25927,28520,26190,28810,22445,24690,22590,24850
2012-03-23,2581,2840,2572,2830,9590,10550,2463,2710,2490,2740,25654,28220,25927,28520,22645,24910,22790,25070
2012-03-22,2627,2890,2618,2880,9772,10750,2527,2780,2518,2770,26663,29330,26927,29620,23045,25350,23190,25510
2012-03-21,2654,2920,2654,2920,9700,10670,2472,2720,2527,2780,27027,29730,27290,30020,23236,25560,23381,25720
2012-03-20,2681,2950,2681,2950,9836,10820,2572,2830,2572,2830,27163,29880,27427,30170,23181,25500,23327,25660
2012-03-19,2672,2940,2672,2940,9790,10770,2590,2850,2581,2840,26954,29650,27218,29940,23090,25400,23236,25560
2012-03-16,2663,2930,2663,2930,9863,10850,2600,2860,2600,2860,27418,30160,27690,30460,23690,26060,23836,26220
2012-03-15,2636,2900,2627,2890,9727,10700,2572,2830,2572,2830,27490,30240,27754,30530,23872,26260,24018,26420
2012-03-14,2663,2930,2654,2920,9790,10770,2618,2880,2600,2860,27881,30670,28145,30960,23636,26000,23781,26160
2012-03-13,2627,2890,2627,2890,9681,10650,2609,2870,2581,2840,27072,29780,27336,30070,23463,25810,23609,25970
2012-03-12,2627,2890,2627,2890,9690,10660,2572,2830,2545,2800,26672,29340,26936,29630,23381,25720,23527,25880
2012-03-09,2590,2850,2590,2850,9500,10450,2581,2840,2518,2770,26154,28770,26418,29060,22799,25080,22945,25240
2012-03-08,2609,2870,2609,2870,9509,10460,2554,2810,2490,2740,25718,28290,25981,28580,23054,25360,23199,25520
2012-03-07,2636,2900,2627,2890,9490,10440,2518,2770,2481,2730,25745,28320,26009,28610,22836,25120,22972,25270
2012-03-06,2681,2950,2681,2950,9690,10660,2600,2860,2554,2810,26454,29100,26718,29390,23118,25430,23263,25590
2012-03-05,2727,3000,2718,2990,9754,10730,2636,2900,2590,2850,27163,29880,27427,30170,23527,25880,23672,26040
2012-03-02,2763,3040,2754,3030,9836,10820,2618,2880,2581,2840,27309,30040,27572,30330,23618,25980,23763,26140
2012-02-29,2745,3020,2736,3010,9863,10850,2745,3020,2627,2890,27772,30550,28036,30840,24072,26480,24218,26640
2012-02-28,2763,3040,2754,3030,9845,10830,2745,3020,2609,2870,27481,30230,27754,30530,24618,27080,24763,27240
2012-02-27,2754,3030,2745,3020,9818,10800,2690,2960,2581,2840,27563,30320,27836,30620,24572,27030,24718,27190
2012-02-24,2700,2970,2690,2960,9663,10630,2654,2920,2545,2800,28027,30830,28299,31130,24436,26880,24581,27040
2012-02-23,2700,2970,2690,2960,9681,10650,2627,2890,2554,2810,27790,30570,28054,30860,24481,26930,24627,27090
2012-02-22,2654,2920,2654,2920,9663,10630,2581,2840,2500,2750,27854,30640,28127,30940,24563,27020,24699,27170
2012-02-21,2572,2830,2572,2830,9427,10370,2500,2750,2445,2690,27109,29820,27372,30110,24027,26430,24172,26590
2012-02-20,2563,2820,2554,2810,9381,10320,2500,2750,2409,2650,27109,29820,27381,30120,23918,26310,24063,26470
2012-02-17,2572,2830,2563,2820,9563,10520,2481,2730,2463,2710,27881,30670,28145,30960,24372,26810,24518,26970
2012-02-16,2590,2850,2590,2850,9545,10500,2509,2760,2481,2730,28281,31110,28545,31400,24345,26780,24490,26940
2012-02-15,2618,2880,2609,2870,9618,10580,2527,2780,2518,2770,28063,30870,28327,31160,24490,26940,24636,27100
2012-02-14,2609,2870,2600,2860,9609,10570,2572,2830,2554,2810,28736,31610,28999,31900,24909,27400,25054,27560
2012-02-13,2654,2920,2654,2920,9690,10660,2600,2860,2572,2830,28845,31730,29109,32020,25118,27630,25263,27790
2012-02-10,2690,2960,2681,2950,9936,10930,2681,2950,2645,2910,29027,31930,29290,32220,25881,28470,26018,28620
2012-02-09,2645,2910,2636,2900,9727,10700,2636,2900,2590,2850,29036,31940,29299,32230,25854,28440,25999,28600
2012-02-08,2654,2920,2645,2910,9645,10610,2645,2910,2609,2870,29227,32150,29490,32440,26272,28900,26418,29060
2012-02-07,2618,2880,2618,2880,9681,10650,2636,2900,2618,2880,28154,30970,28418,31260,26209,28830,26354,28990
2012-02-06,2645,2910,2636,2900,9736,10710,2690,2960,2645,2910,27990,30790,28254,31080,25699,28270,25845,28430
2012-02-03,2590,2850,2581,2840,9490,10440,2618,2880,2572,2830,27709,30480,27972,30770,25209,27730,25354,27890
2012-02-02,2681,2950,2681,2950,9663,10630,2727,3000,2636,2900,27909,30700,28172,30990,25499,28050,25645,28210
2012-02-01,2645,2910,2645,2910,9509,10460,2690,2960,2600,2860,28054,30860,28318,31150,25299,27830,25445,27990
2012-01-31,2709,2980,2700,2970,9672,10640,2763,3040,2627,2890,27727,30500,27999,30800,25936,28530,26081,28690
2012-01-30,2681,2950,2672,2940,9745,10720,2790,3070,2645,2910,28099,30910,28372,31210,26299,28930,26445,29090
2012-01-27,2690,2960,2690,2960,9809,10790,2827,3110,2709,2980,27627,30390,27890,30680,26154,28770,26299,28930
2012-01-26,2672,2940,2663,2930,9609,10570,2781,3060,2681,2950,25972,28570,26236,28860,25481,28030,25627,28190
2012-01-25,2672,2940,2672,2940,9654,10620,2763,3040,2645,2910,25872,28460,26136,28750,25318,27850,25463,28010
2012-01-20,2672,2940,2663,2930,9690,10660,2690,2960,,,25572,28130,25845,28430,24881,27370,25027,27530
2012-01-19,2654,2920,2645,2910,9581,10540,2654,2920,2527,2780,25572,28130,25836,28420,24145,26560,24290,26720
2012-01-18,2690,2960,2681,2950,9563,10520,2627,2890,2536,2790,25590,28150,25854,28440,24254,26680,24409,26850
2012-01-17,2636,2900,2627,2890,9518,10470,2554,2810,2518,2770,24809,27290,25054,27560,24345,26780,24490,26940
2012-01-16,2600,2860,2600,2860,9363,10300,,,2490,2740,24954,27450,25199,27720,24427,26870,24572,27030
2012-01-13,2654,2920,2645,2910,9445,10390,2563,2820,2527,2780,25136,27650,25381,27920,24736,27210,24881,27370
2012-01-12,2654,2920,2645,2910,9181,10100,2518,2770,2481,2730,24445,26890,24699,27170,24481,26930,24636,27100
2012-01-11,2654,2920,2645,2910,9127,10040,2509,2760,2472,2720,24172,26590,24418,26860,24509,26960,24663,27130
2012-01-10,2609,2870,2600,2860,8900,9790,2500,2750,2427,2670,23763,26140,24018,26420,24181,26600,24336,26770
2012-01-09,2554,2810,2554,2810,8990,9890,2490,2740,2390,2630,23818,26200,24072,26480,23763,26140,23918,26310
2012-01-06,2500,2750,2490,2740,8863,9750,2527,2780,2345,2580,23618,25980,23872,26260,23481,25830,23627,25990
2016-12-26,2263,2490,2254,2480,6699,7370,2754,3030,3327,3660,25845,28430,26045,28650,13563,14920,13581,14940
2026-06-23,5727,6300,5681,6250,21118,23230,3236,3560,5854,6440,83845,92230,83963,92360,27536,30290,27918,30710
2026-06-22,5754,6330,5699,6270,20900,22990,3199,3520,5718,6290,81963,90160,82081,90290,27109,29820,27490,30240
2026-06-24,5536,6090,5481,6030,20718,22790,3190,3510,5672,6240,79200,87120,79327,87260,26690,29360,27081,29790
2026-06-25,5354,5890,5300,5830,20336,22370,3172,3490,5581,6140,77054,84760,77181,84900,26199,28820,26590,29250
2026-06-26,5427,5970,5381,5920,20654,22720,3163,3480,5609,6170,78218,86040,78345,86180,26236,28860,26627,29290
2026-06-29,5418,5960,5372,5910,20672,22740,3136,3450,5627,6190,78045,85850,78172,85990,25854,28440,26236,28860
2026-06-30,5327,5860,5281,5810,20727,22800,3136,3450,5690,6260,78363,86200,78490,86340,25454,28000,25845,28430
2026-07-01,5327,5860,5245,5770,20918,23010,3118,3430,5836,6420,80290,88320,80363,88400,25481,28030,25872,28460
2026-07-02,5336,5870,5263,5790,20836,22920,3109,3420,5763,6340,80636,88700,80709,88780,25672,28240,26063,28670
2026-07-03,5363,5900,5290,5820,20909,23000,3127,3440,5745,6320,79663,87630,79727,87700,25527,28080,25918,28510
2026-07-06,5263,5790,5190,5710,20545,22600,3099,3410,5727,6300,80727,88800,80800,88880,25290,27820,25672,28240
2026-07-07,5318,5850,5236,5760,20663,22730,3081,3390,5809,6390,81581,89740,81654,89820,25354,27890,25736,28310
2026-07-08,5345,5880,5272,5800,20554,22610,3090,3400,5754,6330,81954,90150,82027,90230,25199,27720,25581,28140
2026-07-09,5236,5760,5163,5680,19854,21840,3036,3340,5563,6120,78454,86300,78527,86380,24709,27180,25081,27590
2026-07-10,5390,5930,5309,5840,20472,22520,3045,3350,5790,6370,81209,89330,81272,89400,25227,27750,25599,28160
2026-07-13,5263,5790,5190,5710,20372,22410,3036,3340,5745,6320,80181,88200,80254,88280,25381,27920,25754,28330
2026-07-14,5318,5850,5236,5760,20509,22560,2999,3300,5654,6220,79472,87420,79536,87490,25445,27990,25818,28400
2026-07-15,5290,5820,5209,5730,20509,22560,2972,3270,5672,6240,80700,88770,80772,88850,25263,27790,25636,28200
2026-07-16,5218,5740,5145,5660,20300,22330,2945,3240,5563,6120,78790,86670,78854,86740,25245,27770,25554,28110
2026-07-16,5218,5740,5145,5660,20300,22330,2945,3240,5563,6120,78790,86670,78854,86740,25245,27770,25554,28110
2026-07-20,5218,5740,5136,5650,20309,22340,2981,3280,5536,6090,79300,87230,79363,87300,25354,27890,25727,28300
2026-07-21,5190,5710,5118,5630,20454,22500,2972,3270,5527,6080,78690,86560,78763,86640,25536,28090,25899,28490
2026-07-22,5209,5730,5127,5640,20800,22880,2945,3240,5554,6110,79909,87900,79981,87980,25672,28240,26045,28650
2026-07-23,5290,5820,5209,5730,20763,22840,3009,3310,5645,6210,80345,88380,80418,88460,26009,28610,26381,29020
2026-07-24,5236,5760,5163,5680,20263,22290,2981,3280,5609,6170,78781,86660,78854,86740,25790,28370,26154,28770
2026-07-27,5181,5700,5109,5620,20345,22380,2972,3270,5627,6190,79563,87520,79627,87590,26009,28610,26372,29010
2026-07-28,5209,5730,5136,5650,20536,22590,2981,3280,5699,6270,80527,88580,80590,88650,25781,28360,26145,28760
2026-07-29,5163,5680,5081,5590,20372,22410,2972,3270,5600,6160,79118,87030,79181,87100,25327,27860,25690,28260
2026-07-30,5181,5700,5109,5620,19990,21990,2945,3240,5527,6080,78500,86350,78563,86420,25290,27820,25654,28220
2026-07-31,5163,5680,5090,5600,20209,22230,2918,3210,5563,6120,79445,87390,79518,87470,25336,27870,25690,28260
2026-08-03,5109,5620,5000,5500,20000,22000,2854,3140,5527,6080,79145,87060,79209,87130,25081,27590,25436,27980
2026-08-04,5181,5700,5072,5580,20236,22260,2863,3150,5545,6100,79772,87750,79836,87820,24909,27400,25263,27790
2026-08-06,5154,5670,5045,5550,20554,22610,2863,3150,5645,6210,81236,89360,81300,89430,24872,27360,25236,27760
2026-08-05,5172,5690,5072,5580,20600,22660,2899,3190,5590,6150,80727,88800,80790,88870,25127,27640,25490,28040
2026-08-07,5172,5690,5072,5580,20554,22610,2863,3150,5699,6270,80354,88390,80418,88460,24363,26800,24718,27190
2026-08-10,5173,5690,5073,5580,20391,22430,2855,3140,5573,6130,79110,87020,79173,87090,24573,27030,24928,27420
2026-08-11,5237,5760,5137,5650,20628,22690,2891,3180,5628,6190,79582,87540,79655,87620,24491,26940,24846,27330
2026-08-13,5219,5740,5119,5630,20537,22590,2891,3180,5673,6240,79573,87530,79637,87600,24473,26920,24828,27310
2026-08-12,5291,5820,5191,5710,20619,22680,2891,3180,5628,6190,79691,87660,79755,87730,24310,26740,24664,27130
2026-08-14,5155,5670,5055,5560,20728,22800,2864,3150,5700,6270,79800,87780,79864,87850,24300,26730,24655,27120
2026-08-20,5000,5500,4900,5390,20373,22410,2819,3100,5564,6120,78091,85900,78155,85970,24437,26880,24782,27260
2026-08-19,5046,5550,4946,5440,20391,22430,2837,3120,5582,6140,77800,85580,77864,85650,24146,26560,24500,26950
2026-08-18,5146,5660,5046,5550,21000,23100,2855,3140,5710,6280,79582,87540,79655,87620,24364,26800,24719,27190
